#         t          x          y          z         vx         vy         vz
      0.000    -98.560   -119.990   -127.760    -28.430    173.920     93.230
      0.001    -98.588   -119.816   -127.667    -28.361    173.999     93.317
      0.002    -98.617   -119.642   -127.573    -28.291    174.078     93.404
      0.003    -98.645   -119.468   -127.480    -28.221    174.157     93.491
      0.004    -98.673   -119.294   -127.386    -28.151    174.236     93.578
      0.005    -98.701   -119.119   -127.293    -28.081    174.316     93.666
      0.006    -98.729   -118.945   -127.199    -28.011    174.395     93.753
      0.007    -98.757   -118.771   -127.105    -27.941    174.474     93.841
      0.008    -98.785   -118.596   -127.011    -27.870    174.554     93.928
      0.009    -98.813   -118.422   -126.917    -27.799    174.633     94.016
      0.010    -98.841   -118.247   -126.823    -27.728    174.712     94.104
      0.011    -98.868   -118.072   -126.729    -27.657    174.792     94.192
      0.012    -98.896   -117.897   -126.635    -27.586    174.871     94.280
      0.013    -98.924   -117.722   -126.541    -27.515    174.951     94.368
      0.014    -98.951   -117.547   -126.446    -27.444    175.030     94.457
      0.015    -98.979   -117.372   -126.352    -27.372    175.110     94.545
      0.016    -99.006   -117.197   -126.257    -27.300    175.189     94.634
      0.017    -99.033   -117.022   -126.162    -27.228    175.269     94.722
      0.018    -99.060   -116.847   -126.068    -27.156    175.349     94.811
      0.019    -99.087   -116.671   -125.973    -27.084    175.428     94.900
      0.020    -99.115   -116.496   -125.878    -27.012    175.508     94.989
      0.021    -99.141   -116.320   -125.783    -26.939    175.588     95.078
      0.022    -99.168   -116.145   -125.688    -26.866    175.668     95.167
      0.023    -99.195   -115.969   -125.593    -26.793    175.748     95.256
      0.024    -99.222   -115.793   -125.497    -26.720    175.827     95.345
      0.025    -99.249   -115.617   -125.402    -26.647    175.907     95.435
      0.026    -99.275   -115.441   -125.306    -26.574    175.987     95.524
      0.027    -99.302   -115.265   -125.211    -26.500    176.067     95.614
      0.028    -99.328   -115.089   -125.115    -26.427    176.147     95.704
      0.029    -99.355   -114.913   -125.019    -26.353    176.227     95.794
      0.030    -99.381   -114.737   -124.924    -26.279    176.307     95.884
      0.031    -99.407   -114.560   -124.828    -26.205    176.388     95.974
      0.032    -99.433   -114.384   -124.732    -26.130    176.468     96.064
      0.033    -99.459   -114.207   -124.635    -26.056    176.548     96.155
      0.034    -99.486   -114.031   -124.539    -25.981    176.628     96.245
      0.035    -99.511   -113.854   -124.443    -25.907    176.708     96.336
      0.036    -99.537   -113.677   -124.347    -25.832    176.789     96.426
      0.037    -99.563   -113.501   -124.250    -25.756    176.869     96.517
      0.038    -99.589   -113.324   -124.154    -25.681    176.949     96.608
      0.039    -99.614   -113.147   -124.057    -25.606    177.030     96.699
      0.040    -99.640   -112.970   -123.960    -25.530    177.110     96.790
      0.041    -99.666   -112.792   -123.863    -25.454    177.191     96.881
      0.042    -99.691   -112.615   -123.766    -25.378    177.271     96.973
      0.043    -99.716   -112.438   -123.669    -25.302    177.352     97.064
      0.044    -99.742   -112.260   -123.572    -25.226    177.432     97.155
      0.045    -99.767   -112.083   -123.475    -25.149    177.513     97.247
      0.046    -99.792   -111.905   -123.378    -25.073    177.593     97.339
      0.047    -99.817   -111.728   -123.280    -24.996    177.674     97.431
      0.048    -99.842   -111.550   -123.183    -24.919    177.755     97.523
      0.049    -99.867   -111.372   -123.085    -24.842    177.835     97.615
      0.050    -99.892   -111.194   -122.988    -24.765    177.916     97.707
      0.051    -99.916   -111.016   -122.890    -24.687    177.997     97.799
      0.052    -99.941   -110.838   -122.792    -24.610    178.078     97.892
      0.053    -99.965   -110.660   -122.694    -24.532    178.158     97.984
      0.054    -99.990   -110.482   -122.596    -24.454    178.239     98.077
      0.055   -100.014   -110.304   -122.498    -24.376    178.320     98.170
      0.056   -100.039   -110.126   -122.400    -24.297    178.401     98.263
      0.057   -100.063   -109.947   -122.301    -24.219    178.482     98.356
      0.058   -100.087   -109.769   -122.203    -24.140    178.563     98.449
      0.059   -100.111   -109.590   -122.105    -24.061    178.644     98.542
      0.060   -100.135   -109.411   -122.006    -23.982    178.725     98.636
      0.061   -100.159   -109.232   -121.907    -23.903    178.806     98.729
      0.062   -100.183   -109.054   -121.809    -23.823    178.887     98.823
      0.063   -100.207   -108.875   -121.710    -23.744    178.969     98.916
      0.064   -100.231   -108.696   -121.611    -23.664    179.050     99.010
      0.065   -100.254   -108.517   -121.512    -23.584    179.131     99.104
      0.066   -100.278   -108.337   -121.412    -23.504    179.212     99.198
      0.067   -100.301   -108.158   -121.313    -23.424    179.294     99.292
      0.068   -100.325   -107.979   -121.214    -23.343    179.375     99.387
      0.069   -100.348   -107.799   -121.114    -23.263    179.456     99.481
      0.070   -100.371   -107.620   -121.015    -23.182    179.538     99.576
      0.071   -100.394   -107.440   -120.915    -23.101    179.619     99.670
      0.072   -100.417   -107.261   -120.816    -23.020    179.700     99.765
      0.073   -100.440   -107.081   -120.716    -22.938    179.782     99.860
      0.074   -100.463   -106.901   -120.616    -22.857    179.863     99.955
      0.075   -100.486   -106.721   -120.516    -22.775    179.945    100.050
      0.076   -100.509   -106.541   -120.416    -22.693    180.026    100.145
      0.077   -100.531   -106.361   -120.316    -22.611    180.108    100.240
      0.078   -100.554   -106.181   -120.215    -22.529    180.190    100.336
      0.079   -100.576   -106.001   -120.115    -22.446    180.271    100.431
      0.080   -100.599   -105.820   -120.014    -22.364    180.353    100.527
      0.081   -100.621   -105.640   -119.914    -22.281    180.435    100.623
      0.082   -100.643   -105.460   -119.813    -22.198    180.516    100.719
      0.083   -100.666   -105.279   -119.712    -22.115    180.598    100.815
      0.084   -100.688   -105.098   -119.612    -22.031    180.680    100.911
      0.085   -100.710   -104.918   -119.511    -21.948    180.762    101.007
      0.086   -100.732   -104.737   -119.410    -21.864    180.843    101.104
      0.087   -100.753   -104.556   -119.308    -21.780    180.925    101.200
      0.088   -100.775   -104.375   -119.207    -21.696    181.007    101.297
      0.089   -100.797   -104.194   -119.106    -21.611    181.089    101.394
      0.090   -100.818   -104.013   -119.004    -21.527    181.171    101.491
      0.091   -100.840   -103.832   -118.903    -21.442    181.253    101.588
      0.092   -100.861   -103.650   -118.801    -21.357    181.335    101.685
      0.093   -100.883   -103.469   -118.699    -21.272    181.417    101.782
      0.094   -100.904   -103.288   -118.598    -21.187    181.499    101.879
      0.095   -100.925   -103.106   -118.496    -21.101    181.581    101.977
      0.096   -100.946   -102.924   -118.394    -21.015    181.663    102.075
      0.097   -100.967   -102.743   -118.292    -20.930    181.745    102.172
      0.098   -100.988   -102.561   -118.189    -20.843    181.828    102.270
      0.099   -101.009   -102.379   -118.087    -20.757    181.910    102.368
      0.100   -101.029   -102.197   -117.985    -20.671    181.992    102.466
      0.101   -101.050   -102.015   -117.882    -20.584    182.074    102.564
      0.102   -101.070   -101.833   -117.779    -20.497    182.156    102.663
      0.103   -101.091   -101.651   -117.677    -20.410    182.239    102.761
      0.104   -101.111   -101.468   -117.574    -20.323    182.321    102.860
      0.105   -101.132   -101.286   -117.471    -20.235    182.403    102.959
      0.106   -101.152   -101.104   -117.368    -20.148    182.486    103.057
      0.107   -101.172   -100.921   -117.265    -20.060    182.568    103.156
      0.108   -101.192   -100.738   -117.162    -19.972    182.651    103.256
      0.109   -101.212   -100.556   -117.058    -19.883    182.733    103.355
      0.110   -101.232   -100.373   -116.955    -19.795    182.816    103.454
      0.111   -101.251   -100.190   -116.851    -19.706    182.898    103.554
      0.112   -101.271   -100.007   -116.748    -19.617    182.981    103.653
      0.113   -101.291    -99.824   -116.644    -19.528    183.063    103.753
      0.114   -101.310    -99.641   -116.540    -19.439    183.146    103.853
      0.115   -101.330    -99.458   -116.436    -19.350    183.228    103.953
      0.116   -101.349    -99.275   -116.332    -19.260    183.311    104.053
      0.117   -101.368    -99.091   -116.228    -19.170    183.394    104.153
      0.118   -101.387    -98.908   -116.124    -19.080    183.476    104.253
      0.119   -101.406    -98.724   -116.020    -18.989    183.559    104.354
      0.120   -101.425    -98.541   -115.915    -18.899    183.642    104.454
      0.121   -101.444    -98.357   -115.811    -18.808    183.724    104.555
      0.122   -101.463    -98.173   -115.706    -18.717    183.807    104.656
      0.123   -101.481    -97.989   -115.602    -18.626    183.890    104.757
      0.124   -101.500    -97.806   -115.497    -18.535    183.973    104.858
      0.125   -101.519    -97.621   -115.392    -18.443    184.055    104.959
      0.126   -101.537    -97.437   -115.287    -18.351    184.138    105.061
      0.127   -101.555    -97.253   -115.182    -18.259    184.221    105.162
      0.128   -101.573    -97.069   -115.077    -18.167    184.304    105.264
      0.129   -101.592    -96.885   -114.971    -18.075    184.387    105.366
      0.130   -101.610    -96.700   -114.866    -17.982    184.470    105.468
      0.131   -101.628    -96.516   -114.760    -17.889    184.553    105.570
      0.132   -101.645    -96.331   -114.655    -17.796    184.636    105.672
      0.133   -101.663    -96.146   -114.549    -17.703    184.719    105.774
      0.134   -101.681    -95.962   -114.443    -17.609    184.802    105.876
      0.135   -101.698    -95.777   -114.337    -17.516    184.885    105.979
      0.136   -101.716    -95.592   -114.231    -17.422    184.968    106.082
      0.137   -101.733    -95.407   -114.125    -17.327    185.051    106.184
      0.138   -101.750    -95.222   -114.019    -17.233    185.134    106.287
      0.139   -101.768    -95.037   -113.913    -17.139    185.217    106.390
      0.140   -101.785    -94.851   -113.806    -17.044    185.300    106.494
      0.141   -101.802    -94.666   -113.700    -16.949    185.383    106.597
      0.142   -101.819    -94.481   -113.593    -16.853    185.467    106.700
      0.143   -101.835    -94.295   -113.486    -16.758    185.550    106.804
      0.144   -101.852    -94.109   -113.379    -16.662    185.633    106.908
      0.145   -101.869    -93.924   -113.272    -16.566    185.716    107.012
      0.146   -101.885    -93.738   -113.165    -16.470    185.800    107.116
      0.147   -101.902    -93.552   -113.058    -16.374    185.883    107.220
      0.148   -101.918    -93.366   -112.951    -16.277    185.966    107.324
      0.149   -101.934    -93.180   -112.843    -16.180    186.049    107.428
      0.150   -101.950    -92.994   -112.736    -16.083    186.133    107.533
      0.151   -101.966    -92.808   -112.628    -15.986    186.216    107.638
      0.152   -101.982    -92.622   -112.521    -15.888    186.299    107.742
      0.153   -101.998    -92.435   -112.413    -15.791    186.383    107.847
      0.154   -102.014    -92.249   -112.305    -15.693    186.466    107.952
      0.155   -102.030    -92.062   -112.197    -15.594    186.550    108.058
      0.156   -102.045    -91.876   -112.089    -15.496    186.633    108.163
      0.157   -102.061    -91.689   -111.981    -15.397    186.716    108.268
      0.158   -102.076    -91.502   -111.872    -15.298    186.800    108.374
      0.159   -102.091    -91.316   -111.764    -15.199    186.883    108.480
      0.160   -102.106    -91.129   -111.655    -15.100    186.967    108.586
      0.161   -102.121    -90.942   -111.547    -15.000    187.050    108.692
      0.162   -102.136    -90.755   -111.438    -14.901    187.134    108.798
      0.163   -102.151    -90.567   -111.329    -14.800    187.217    108.904
      0.164   -102.166    -90.380   -111.220    -14.700    187.301    109.010
      0.165   -102.181    -90.193   -111.111    -14.600    187.384    109.117
      0.166   -102.195    -90.005   -111.002    -14.499    187.468    109.224
      0.167   -102.210    -89.818   -110.893    -14.398    187.551    109.331
      0.168   -102.224    -89.630   -110.783    -14.297    187.635    109.437
      0.169   -102.238    -89.443   -110.674    -14.195    187.719    109.545
      0.170   -102.252    -89.255   -110.564    -14.093    187.802    109.652
      0.171   -102.266    -89.067   -110.454    -13.991    187.886    109.759
      0.172   -102.280    -88.879   -110.345    -13.889    187.970    109.867
      0.173   -102.294    -88.691   -110.235    -13.787    188.053    109.974
      0.174   -102.308    -88.503   -110.125    -13.684    188.137    110.082
      0.175   -102.321    -88.315   -110.015    -13.581    188.221    110.190
      0.176   -102.335    -88.127   -109.904    -13.478    188.304    110.298
      0.177   -102.348    -87.938   -109.794    -13.374    188.388    110.406
      0.178   -102.362    -87.750   -109.684    -13.271    188.472    110.515
      0.179   -102.375    -87.561   -109.573    -13.167    188.555    110.623
      0.180   -102.388    -87.373   -109.462    -13.062    188.639    110.732
      0.181   -102.401    -87.184   -109.351    -12.958    188.723    110.841
      0.182   -102.414    -86.995   -109.241    -12.853    188.807    110.950
      0.183   -102.427    -86.806   -109.130    -12.748    188.890    111.059
      0.184   -102.440    -86.617   -109.018    -12.643    188.974    111.168
      0.185   -102.452    -86.428   -108.907    -12.538    189.058    111.277
      0.186   -102.465    -86.239   -108.796    -12.432    189.142    111.387
      0.187   -102.477    -86.050   -108.684    -12.326    189.225    111.496
      0.188   -102.489    -85.861   -108.573    -12.220    189.309    111.606
      0.189   -102.501    -85.671   -108.461    -12.113    189.393    111.716
      0.190   -102.513    -85.482   -108.350    -12.007    189.477    111.826
      0.191   -102.525    -85.293   -108.238    -11.900    189.561    111.936
      0.192   -102.537    -85.103   -108.126    -11.793    189.644    112.047
      0.193   -102.549    -84.913   -108.014    -11.685    189.728    112.157
      0.194   -102.561    -84.723   -107.901    -11.577    189.812    112.268
      0.195   -102.572    -84.534   -107.789    -11.469    189.896    112.379
      0.196   -102.584    -84.344   -107.677    -11.361    189.980    112.489
      0.197   -102.595    -84.154   -107.564    -11.253    190.064    112.601
      0.198   -102.606    -83.964   -107.451    -11.144    190.147    112.712
      0.199   -102.617    -83.773   -107.339    -11.035    190.231    112.823
      0.200   -102.628    -83.583   -107.226    -10.925    190.315    112.935
      0.201   -102.639    -83.393   -107.113    -10.816    190.399    113.046
      0.202   -102.650    -83.202   -107.000    -10.706    190.483    113.158
      0.203   -102.660    -83.012   -106.886    -10.596    190.567    113.270
      0.204   -102.671    -82.821   -106.773    -10.485    190.651    113.382
      0.205   -102.681    -82.630   -106.660    -10.375    190.734    113.494
      0.206   -102.692    -82.440   -106.546    -10.264    190.818    113.607
      0.207   -102.702    -82.249   -106.432    -10.153    190.902    113.719
      0.208   -102.712    -82.058   -106.319    -10.041    190.986    113.832
      0.209   -102.722    -81.867   -106.205     -9.930    191.070    113.945
      0.210   -102.732    -81.676   -106.091     -9.818    191.154    114.058
      0.211   -102.742    -81.485   -105.977     -9.705    191.238    114.171
      0.212   -102.751    -81.293   -105.862     -9.593    191.322    114.284
      0.213   -102.761    -81.102   -105.748     -9.480    191.405    114.397
      0.214   -102.770    -80.910   -105.634     -9.367    191.489    114.511
      0.215   -102.780    -80.719   -105.519     -9.254    191.573    114.625
      0.216   -102.789    -80.527   -105.404     -9.140    191.657    114.738
      0.217   -102.798    -80.336   -105.290     -9.026    191.741    114.852
      0.218   -102.807    -80.144   -105.175     -8.912    191.825    114.967
      0.219   -102.816    -79.952   -105.060     -8.797    191.909    115.081
      0.220   -102.824    -79.760   -104.945     -8.683    191.992    115.195
      0.221   -102.833    -79.568   -104.829     -8.568    192.076    115.310
      0.222   -102.842    -79.376   -104.714     -8.452    192.160    115.425
      0.223   -102.850    -79.184   -104.598     -8.337    192.244    115.540
      0.224   -102.858    -78.991   -104.483     -8.221    192.328    115.655
      0.225   -102.866    -78.799   -104.367     -8.105    192.412    115.770
      0.226   -102.874    -78.607   -104.251     -7.988    192.496    115.885
      0.227   -102.882    -78.414   -104.135     -7.871    192.579    116.001
      0.228   -102.890    -78.221   -104.019     -7.754    192.663    116.116
      0.229   -102.898    -78.029   -103.903     -7.637    192.747    116.232
      0.230   -102.905    -77.836   -103.787     -7.520    192.831    116.348
      0.231   -102.913    -77.643   -103.670     -7.402    192.915    116.464
      0.232   -102.920    -77.450   -103.554     -7.284    192.998    116.580
      0.233   -102.927    -77.257   -103.437     -7.165    193.082    116.697
      0.234   -102.935    -77.064   -103.320     -7.046    193.166    116.813
      0.235   -102.942    -76.871   -103.204     -6.927    193.250    116.930
      0.236   -102.948    -76.677   -103.087     -6.808    193.333    117.047
      0.237   -102.955    -76.484   -102.970     -6.688    193.417    117.164
      0.238   -102.962    -76.291   -102.852     -6.568    193.501    117.281
      0.239   -102.968    -76.097   -102.735     -6.448    193.585    117.398
      0.240   -102.975    -75.903   -102.617     -6.328    193.668    117.516
      0.241   -102.981    -75.710   -102.500     -6.207    193.752    117.634
      0.242   -102.987    -75.516   -102.382     -6.086    193.836    117.751
      0.243   -102.993    -75.322   -102.264     -5.964    193.919    117.869
      0.244   -102.999    -75.128   -102.146     -5.843    194.003    117.987
      0.245   -103.005    -74.934   -102.028     -5.721    194.087    118.106
      0.246   -103.010    -74.740   -101.910     -5.598    194.170    118.224
      0.247   -103.016    -74.546   -101.792     -5.476    194.254    118.343
      0.248   -103.021    -74.351   -101.674     -5.353    194.338    118.461
      0.249   -103.027    -74.157   -101.555     -5.229    194.421    118.580
      0.250   -103.032    -73.963   -101.436     -5.106    194.505    118.699
      0.251   -103.037    -73.768   -101.318     -4.982    194.588    118.818
      0.252   -103.042    -73.573   -101.199     -4.858    194.672    118.938
      0.253   -103.047    -73.379   -101.080     -4.733    194.755    119.057
      0.254   -103.051    -73.184   -100.961     -4.609    194.839    119.177
      0.255   -103.056    -72.989   -100.841     -4.484    194.922    119.297
      0.256   -103.060    -72.794   -100.722     -4.358    195.006    119.417
      0.257   -103.065    -72.599   -100.603     -4.232    195.089    119.537
      0.258   -103.069    -72.404   -100.483     -4.106    195.173    119.657
      0.259   -103.073    -72.209   -100.363     -3.980    195.256    119.778
      0.260   -103.077    -72.013   -100.243     -3.853    195.340    119.898
      0.261   -103.081    -71.818   -100.124     -3.726    195.423    120.019
      0.262   -103.084    -71.622   -100.003     -3.599    195.506    120.140
      0.263   -103.088    -71.427    -99.883     -3.471    195.590    120.261
      0.264   -103.091    -71.231    -99.763     -3.344    195.673    120.382
      0.265   -103.094    -71.036    -99.642     -3.215    195.756    120.504
      0.266   -103.098    -70.840    -99.522     -3.087    195.839    120.625
      0.267   -103.101    -70.644    -99.401     -2.958    195.923    120.747
      0.268   -103.103    -70.448    -99.280     -2.829    196.006    120.869
      0.269   -103.106    -70.252    -99.159     -2.699    196.089    120.991
      0.270   -103.109    -70.056    -99.038     -2.569    196.172    121.113
      0.271   -103.111    -69.860    -98.917     -2.439    196.255    121.235
      0.272   -103.114    -69.663    -98.796     -2.308    196.338    121.358
      0.273   -103.116    -69.467    -98.675     -2.178    196.421    121.481
      0.274   -103.118    -69.270    -98.553     -2.046    196.504    121.603
      0.275   -103.120    -69.074    -98.431     -1.915    196.587    121.726
      0.276   -103.122    -68.877    -98.310     -1.783    196.670    121.850
      0.277   -103.124    -68.681    -98.188     -1.651    196.753    121.973
      0.278   -103.125    -68.484    -98.066     -1.518    196.836    122.096
      0.279   -103.127    -68.287    -97.943     -1.386    196.919    122.220
      0.280   -103.128    -68.090    -97.821     -1.252    197.002    122.344
      0.281   -103.129    -67.893    -97.699     -1.119    197.085    122.468
      0.282   -103.130    -67.696    -97.576     -0.985    197.168    122.592
      0.283   -103.131    -67.498    -97.454     -0.851    197.250    122.716
      0.284   -103.132    -67.301    -97.331     -0.716    197.333    122.841
      0.285   -103.133    -67.104    -97.208     -0.581    197.416    122.965
      0.286   -103.133    -66.906    -97.085     -0.446    197.499    123.090
      0.287   -103.133    -66.709    -96.962     -0.311    197.581    123.215
      0.288   -103.134    -66.511    -96.838     -0.175    197.664    123.340
      0.289   -103.134    -66.314    -96.715     -0.038    197.746    123.465
      0.290   -103.134    -66.116    -96.591      0.098    197.829    123.591
      0.291   -103.134    -65.918    -96.468      0.235    197.911    123.716
      0.292   -103.133    -65.720    -96.344      0.372    197.994    123.842
      0.293   -103.133    -65.522    -96.220      0.510    198.076    123.968
      0.294   -103.132    -65.324    -96.096      0.648    198.158    124.094
      0.295   -103.132    -65.126    -95.972      0.786    198.241    124.220
      0.296   -103.131    -64.927    -95.848      0.925    198.323    124.347
      0.297   -103.130    -64.729    -95.723      1.064    198.405    124.473
      0.298   -103.129    -64.530    -95.599      1.204    198.487    124.600
      0.299   -103.127    -64.332    -95.474      1.343    198.570    124.727
      0.300   -103.126    -64.133    -95.349      1.483    198.652    124.854
      0.301   -103.124    -63.935    -95.224      1.624    198.734    124.982
      0.302   -103.123    -63.736    -95.099      1.765    198.816    125.109
      0.303   -103.121    -63.537    -94.974      1.906    198.898    125.237
      0.304   -103.119    -63.338    -94.849      2.047    198.980    125.364
      0.305   -103.117    -63.139    -94.723      2.189    199.061    125.492
      0.306   -103.114    -62.940    -94.598      2.332    199.143    125.620
      0.307   -103.112    -62.741    -94.472      2.474    199.225    125.749
      0.308   -103.110    -62.541    -94.346      2.617    199.307    125.877
      0.309   -103.107    -62.342    -94.220      2.761    199.388    126.006
      0.310   -103.104    -62.143    -94.094      2.904    199.470    126.134
      0.311   -103.101    -61.943    -93.968      3.049    199.551    126.263
      0.312   -103.098    -61.744    -93.842      3.193    199.633    126.392
      0.313   -103.095    -61.544    -93.715      3.338    199.714    126.522
      0.314   -103.091    -61.344    -93.589      3.483    199.796    126.651
      0.315   -103.088    -61.144    -93.462      3.629    199.877    126.781
      0.316   -103.084    -60.944    -93.335      3.775    199.958    126.910
      0.317   -103.080    -60.744    -93.208      3.921    200.040    127.040
      0.318   -103.076    -60.544    -93.081      4.068    200.121    127.170
      0.319   -103.072    -60.344    -92.954      4.215    200.202    127.301
      0.320   -103.068    -60.144    -92.827      4.362    200.283    127.431
      0.321   -103.063    -59.944    -92.699      4.510    200.364    127.562
      0.322   -103.059    -59.743    -92.571      4.659    200.445    127.693
      0.323   -103.054    -59.543    -92.444      4.807    200.526    127.823
      0.324   -103.049    -59.342    -92.316      4.956    200.607    127.955
      0.325   -103.044    -59.142    -92.188      5.106    200.687    128.086
      0.326   -103.039    -58.941    -92.060      5.255    200.768    128.217
      0.327   -103.034    -58.740    -91.931      5.406    200.849    128.349
      0.328   -103.028    -58.539    -91.803      5.556    200.929    128.481
      0.329   -103.022    -58.338    -91.674      5.707    201.010    128.613
      0.330   -103.017    -58.137    -91.546      5.859    201.090    128.745
      0.331   -103.011    -57.936    -91.417      6.010    201.171    128.877
      0.332   -103.005    -57.735    -91.288      6.162    201.251    129.010
      0.333   -102.998    -57.533    -91.159      6.315    201.331    129.142
      0.334   -102.992    -57.332    -91.030      6.468    201.411    129.275
      0.335   -102.985    -57.131    -90.900      6.621    201.491    129.408
      0.336   -102.979    -56.929    -90.771      6.775    201.571    129.541
      0.337   -102.972    -56.727    -90.641      6.929    201.651    129.675
      0.338   -102.965    -56.526    -90.511      7.084    201.731    129.808
      0.339   -102.958    -56.324    -90.382      7.239    201.811    129.942
      0.340   -102.950    -56.122    -90.252      7.394    201.891    130.076
      0.341   -102.943    -55.920    -90.121      7.550    201.970    130.210
      0.342   -102.935    -55.718    -89.991      7.706    202.050    130.344
      0.343   -102.928    -55.516    -89.861      7.862    202.129    130.478
      0.344   -102.920    -55.314    -89.730      8.019    202.209    130.613
      0.345   -102.911    -55.112    -89.600      8.177    202.288    130.748
      0.346   -102.903    -54.909    -89.469      8.335    202.367    130.882
      0.347   -102.895    -54.707    -89.338      8.493    202.446    131.017
      0.348   -102.886    -54.504    -89.207      8.651    202.525    131.153
      0.349   -102.878    -54.302    -89.075      8.810    202.604    131.288
      0.350   -102.869    -54.099    -88.944      8.970    202.683    131.424
      0.351   -102.860    -53.897    -88.813      9.130    202.762    131.559
      0.352   -102.850    -53.694    -88.681      9.290    202.841    131.695
      0.353   -102.841    -53.491    -88.549      9.451    202.919    131.831
      0.354   -102.831    -53.288    -88.417      9.612    202.998    131.968
      0.355   -102.822    -53.085    -88.285      9.773    203.076    132.104
      0.356   -102.812    -52.882    -88.153      9.935    203.155    132.241
      0.357   -102.802    -52.679    -88.021     10.098    203.233    132.378
      0.358   -102.792    -52.475    -87.888     10.261    203.311    132.514
      0.359   -102.781    -52.272    -87.756     10.424    203.389    132.652
      0.360   -102.771    -52.069    -87.623     10.587    203.467    132.789
      0.361   -102.760    -51.865    -87.490     10.752    203.545    132.926
      0.362   -102.749    -51.661    -87.357     10.916    203.623    133.064
      0.363   -102.738    -51.458    -87.224     11.081    203.701    133.202
      0.364   -102.727    -51.254    -87.091     11.246    203.778    133.340
      0.365   -102.716    -51.050    -86.957     11.412    203.856    133.478
      0.366   -102.704    -50.846    -86.824     11.579    203.933    133.616
      0.367   -102.693    -50.642    -86.690     11.745    204.010    133.755
      0.368   -102.681    -50.438    -86.556     11.912    204.088    133.894
      0.369   -102.669    -50.234    -86.422     12.080    204.165    134.032
      0.370   -102.657    -50.030    -86.288     12.248    204.242    134.172
      0.371   -102.644    -49.826    -86.154     12.417    204.319    134.311
      0.372   -102.632    -49.621    -86.020     12.586    204.395    134.450
      0.373   -102.619    -49.417    -85.885     12.755    204.472    134.590
      0.374   -102.606    -49.212    -85.750     12.925    204.549    134.729
      0.375   -102.593    -49.008    -85.616     13.095    204.625    134.869
      0.376   -102.580    -48.803    -85.481     13.266    204.701    135.009
      0.377   -102.567    -48.598    -85.346     13.437    204.778    135.150
      0.378   -102.553    -48.394    -85.210     13.609    204.854    135.290
      0.379   -102.540    -48.189    -85.075     13.781    204.930    135.431
      0.380   -102.526    -47.984    -84.940     13.953    205.006    135.572
      0.381   -102.512    -47.779    -84.804     14.126    205.081    135.712
      0.382   -102.497    -47.574    -84.668     14.300    205.157    135.854
      0.383   -102.483    -47.368    -84.532     14.474    205.232    135.995
      0.384   -102.469    -47.163    -84.396     14.648    205.308    136.136
      0.385   -102.454    -46.958    -84.260     14.823    205.383    136.278
      0.386   -102.439    -46.752    -84.124     14.998    205.458    136.420
      0.387   -102.424    -46.547    -83.987     15.174    205.533    136.562
      0.388   -102.409    -46.341    -83.850     15.350    205.608    136.704
      0.389   -102.393    -46.136    -83.714     15.527    205.683    136.846
      0.390   -102.378    -45.930    -83.577     15.704    205.758    136.989
      0.391   -102.362    -45.724    -83.440     15.882    205.832    137.132
      0.392   -102.346    -45.518    -83.303     16.060    205.906    137.275
      0.393   -102.330    -45.312    -83.165     16.238    205.981    137.418
      0.394   -102.313    -45.106    -83.028     16.417    206.055    137.561
      0.395   -102.297    -44.900    -82.890     16.597    206.129    137.704
      0.396   -102.280    -44.694    -82.752     16.777    206.202    137.848
      0.397   -102.263    -44.488    -82.614     16.958    206.276    137.992
      0.398   -102.246    -44.281    -82.476     17.139    206.350    138.135
      0.399   -102.229    -44.075    -82.338     17.320    206.423    138.280
      0.400   -102.212    -43.869    -82.200     17.502    206.496    138.424
      0.401   -102.194    -43.662    -82.061     17.684    206.570    138.568
      0.402   -102.176    -43.455    -81.923     17.867    206.642    138.713
      0.403   -102.158    -43.249    -81.784     18.051    206.715    138.858
      0.404   -102.140    -43.042    -81.645     18.235    206.788    139.003
      0.405   -102.122    -42.835    -81.506     18.419    206.861    139.148
      0.406   -102.103    -42.628    -81.367     18.604    206.933    139.293
      0.407   -102.085    -42.421    -81.227     18.789    207.005    139.439
      0.408   -102.066    -42.214    -81.088     18.975    207.077    139.584
      0.409   -102.047    -42.007    -80.948     19.162    207.149    139.730
      0.410   -102.027    -41.800    -80.808     19.349    207.221    139.876
      0.411   -102.008    -41.593    -80.668     19.536    207.292    140.022
      0.412   -101.988    -41.385    -80.528     19.724    207.364    140.169
      0.413   -101.968    -41.178    -80.388     19.912    207.435    140.315
      0.414   -101.948    -40.971    -80.248     20.101    207.506    140.462
      0.415   -101.928    -40.763    -80.107     20.290    207.577    140.609
      0.416   -101.908    -40.555    -79.966     20.480    207.648    140.756
      0.417   -101.887    -40.348    -79.826     20.671    207.719    140.903
      0.418   -101.866    -40.140    -79.685     20.862    207.789    141.050
      0.419   -101.846    -39.932    -79.543     21.053    207.859    141.198
      0.420   -101.824    -39.724    -79.402     21.245    207.930    141.346
      0.421   -101.803    -39.516    -79.261     21.438    208.000    141.493
      0.422   -101.781    -39.308    -79.119     21.631    208.069    141.642
      0.423   -101.760    -39.100    -78.977     21.824    208.139    141.790
      0.424   -101.738    -38.892    -78.836     22.018    208.208    141.938
      0.425   -101.716    -38.684    -78.694     22.213    208.278    142.087
      0.426   -101.693    -38.475    -78.551     22.408    208.347    142.235
      0.427   -101.671    -38.267    -78.409     22.603    208.415    142.384
      0.428   -101.648    -38.059    -78.267     22.799    208.484    142.534
      0.429   -101.625    -37.850    -78.124     22.996    208.553    142.683
      0.430   -101.602    -37.641    -77.981     23.193    208.621    142.832
      0.431   -101.579    -37.433    -77.838     23.391    208.689    142.982
      0.432   -101.555    -37.224    -77.695     23.589    208.757    143.132
      0.433   -101.532    -37.015    -77.552     23.788    208.825    143.282
      0.434   -101.508    -36.806    -77.409     23.987    208.892    143.432
      0.435   -101.484    -36.598    -77.265     24.187    208.960    143.582
      0.436   -101.459    -36.389    -77.122     24.387    209.027    143.732
      0.437   -101.435    -36.179    -76.978     24.588    209.094    143.883
      0.438   -101.410    -35.970    -76.834     24.790    209.161    144.034
      0.439   -101.385    -35.761    -76.690     24.992    209.227    144.185
      0.440   -101.360    -35.552    -76.545     25.194    209.293    144.336
      0.441   -101.335    -35.343    -76.401     25.397    209.360    144.487
      0.442   -101.310    -35.133    -76.256     25.601    209.425    144.639
      0.443   -101.284    -34.924    -76.112     25.805    209.491    144.790
      0.444   -101.258    -34.714    -75.967     26.010    209.557    144.942
      0.445   -101.232    -34.505    -75.822     26.215    209.622    145.094
      0.446   -101.205    -34.295    -75.677     26.421    209.687    145.246
      0.447   -101.179    -34.085    -75.531     26.627    209.752    145.398
      0.448   -101.152    -33.875    -75.386     26.834    209.817    145.551
      0.449   -101.125    -33.666    -75.240     27.042    209.881    145.703
      0.450   -101.098    -33.456    -75.094     27.250    209.945    145.856
      0.451   -101.071    -33.246    -74.949     27.459    210.009    146.009
      0.452   -101.043    -33.036    -74.802     27.668    210.073    146.162
      0.453   -101.015    -32.826    -74.656     27.878    210.136    146.315
      0.454   -100.987    -32.615    -74.510     28.088    210.200    146.469
      0.455   -100.959    -32.405    -74.363     28.299    210.263    146.623
      0.456   -100.931    -32.195    -74.217     28.510    210.326    146.776
      0.457   -100.902    -31.985    -74.070     28.722    210.388    146.930
      0.458   -100.873    -31.774    -73.923     28.935    210.451    147.084
      0.459   -100.844    -31.564    -73.776     29.148    210.513    147.239
      0.460   -100.815    -31.353    -73.628     29.362    210.575    147.393
      0.461   -100.786    -31.142    -73.481     29.576    210.636    147.548
      0.462   -100.756    -30.932    -73.333     29.791    210.698    147.702
      0.463   -100.726    -30.721    -73.185     30.007    210.759    147.857
      0.464   -100.696    -30.510    -73.037     30.223    210.820    148.012
      0.465   -100.666    -30.299    -72.889     30.439    210.880    148.167
      0.466   -100.635    -30.089    -72.741     30.657    210.941    148.323
      0.467   -100.604    -29.878    -72.593     30.874    211.001    148.478
      0.468   -100.573    -29.667    -72.444     31.093    211.060    148.634
      0.469   -100.542    -29.455    -72.295     31.312    211.120    148.790
      0.470   -100.511    -29.244    -72.147     31.531    211.179    148.946
      0.471   -100.479    -29.033    -71.998     31.752    211.238    149.102
      0.472   -100.447    -28.822    -71.848     31.972    211.297    149.258
      0.473   -100.415    -28.610    -71.699     32.194    211.356    149.415
      0.474   -100.383    -28.399    -71.550     32.416    211.414    149.571
      0.475   -100.350    -28.188    -71.400     32.638    211.472    149.728
      0.476   -100.318    -27.976    -71.250     32.861    211.530    149.885
      0.477   -100.285    -27.765    -71.100     33.085    211.587    150.042
      0.478   -100.251    -27.553    -70.950     33.310    211.644    150.199
      0.479   -100.218    -27.341    -70.800     33.535    211.701    150.357
      0.480   -100.184    -27.130    -70.649     33.760    211.758    150.514
      0.481   -100.150    -26.918    -70.499     33.986    211.814    150.672
      0.482   -100.116    -26.706    -70.348     34.213    211.870    150.830
      0.483   -100.082    -26.494    -70.197     34.441    211.926    150.988
      0.484   -100.047    -26.282    -70.046     34.669    211.981    151.146
      0.485   -100.013    -26.070    -69.895     34.897    212.036    151.304
      0.486    -99.978    -25.858    -69.743     35.127    212.091    151.463
      0.487    -99.942    -25.646    -69.592     35.356    212.146    151.621
      0.488    -99.907    -25.434    -69.440     35.587    212.200    151.780
      0.489    -99.871    -25.221    -69.288     35.818    212.254    151.939
      0.490    -99.835    -25.009    -69.136     36.050    212.307    152.098
      0.491    -99.799    -24.797    -68.984     36.282    212.361    152.257
      0.492    -99.763    -24.584    -68.832     36.515    212.413    152.416
      0.493    -99.726    -24.372    -68.679     36.749    212.466    152.576
      0.494    -99.689    -24.160    -68.527     36.983    212.518    152.735
      0.495    -99.652    -23.947    -68.374     37.218    212.570    152.895
      0.496    -99.615    -23.734    -68.221     37.453    212.622    153.055
      0.497    -99.577    -23.522    -68.068     37.690    212.674    153.215
      0.498    -99.539    -23.309    -67.914     37.926    212.725    153.375
      0.499    -99.501    -23.096    -67.761     38.164    212.775    153.535
      0.500    -99.463    -22.884    -67.607     38.402    212.826    153.696
      0.501    -99.425    -22.671    -67.454     38.641    212.876    153.856
      0.502    -99.386    -22.458    -67.300     38.880    212.925    154.017
      0.503    -99.347    -22.245    -67.145     39.120    212.975    154.178
      0.504    -99.308    -22.032    -66.991     39.360    213.024    154.339
      0.505    -99.268    -21.819    -66.837     39.602    213.072    154.500
      0.506    -99.228    -21.606    -66.682     39.844    213.121    154.661
      0.507    -99.188    -21.393    -66.527     40.086    213.169    154.823
      0.508    -99.148    -21.179    -66.373     40.329    213.216    154.984
      0.509    -99.108    -20.966    -66.218     40.573    213.263    155.146
      0.510    -99.067    -20.753    -66.062     40.818    213.310    155.307
      0.511    -99.026    -20.539    -65.907     41.063    213.357    155.469
      0.512    -98.985    -20.326    -65.751     41.309    213.403    155.631
      0.513    -98.944    -20.113    -65.596     41.555    213.449    155.794
      0.514    -98.902    -19.899    -65.440     41.803    213.494    155.956
      0.515    -98.860    -19.686    -65.284     42.050    213.539    156.118
      0.516    -98.818    -19.472    -65.128     42.299    213.584    156.281
      0.517    -98.775    -19.259    -64.971     42.548    213.628    156.443
      0.518    -98.733    -19.045    -64.815     42.798    213.672    156.606
      0.519    -98.690    -18.831    -64.658     43.048    213.716    156.769
      0.520    -98.647    -18.617    -64.501     43.299    213.759    156.932
      0.521    -98.603    -18.404    -64.344     43.551    213.801    157.095
      0.522    -98.559    -18.190    -64.187     43.804    213.844    157.259
      0.523    -98.516    -17.976    -64.030     44.057    213.886    157.422
      0.524    -98.471    -17.762    -63.872     44.311    213.927    157.585
      0.525    -98.427    -17.548    -63.714     44.565    213.968    157.749
      0.526    -98.382    -17.334    -63.557     44.820    214.009    157.913
      0.527    -98.337    -17.120    -63.399     45.076    214.049    158.077
      0.528    -98.292    -16.906    -63.240     45.333    214.089    158.241
      0.529    -98.247    -16.692    -63.082     45.590    214.129    158.405
      0.530    -98.201    -16.478    -62.924     45.848    214.168    158.569
      0.531    -98.155    -16.264    -62.765     46.107    214.207    158.733
      0.532    -98.109    -16.049    -62.606     46.366    214.245    158.897
      0.533    -98.062    -15.835    -62.447     46.626    214.283    159.062
      0.534    -98.015    -15.621    -62.288     46.886    214.320    159.227
      0.535    -97.968    -15.406    -62.129     47.148    214.357    159.391
      0.536    -97.921    -15.192    -61.969     47.410    214.393    159.556
      0.537    -97.874    -14.978    -61.810     47.673    214.429    159.721
      0.538    -97.826    -14.763    -61.650     47.936    214.465    159.886
      0.539    -97.778    -14.549    -61.490     48.200    214.500    160.051
      0.540    -97.729    -14.334    -61.330     48.465    214.535    160.216
      0.541    -97.681    -14.120    -61.169     48.731    214.569    160.382
      0.542    -97.632    -13.905    -61.009     48.997    214.603    160.547
      0.543    -97.583    -13.690    -60.848     49.264    214.636    160.712
      0.544    -97.533    -13.476    -60.688     49.531    214.669    160.878
      0.545    -97.484    -13.261    -60.527     49.800    214.702    161.044
      0.546    -97.434    -13.046    -60.365     50.069    214.734    161.209
      0.547    -97.384    -12.832    -60.204     50.338    214.765    161.375
      0.548    -97.333    -12.617    -60.043     50.609    214.796    161.541
      0.549    -97.282    -12.402    -59.881     50.880    214.827    161.707
      0.550    -97.231    -12.187    -59.719     51.152    214.857    161.873
      0.551    -97.180    -11.972    -59.557     51.424    214.886    162.040
      0.552    -97.128    -11.757    -59.395     51.698    214.915    162.206
      0.553    -97.077    -11.543    -59.233     51.972    214.944    162.372
      0.554    -97.025    -11.328    -59.070     52.246    214.972    162.539
      0.555    -96.972    -11.113    -58.908     52.522    214.999    162.705
      0.556    -96.919    -10.898    -58.745     52.798    215.027    162.872
      0.557    -96.867    -10.683    -58.582     53.075    215.053    163.038
      0.558    -96.813    -10.467    -58.419     53.353    215.079    163.205
      0.559    -96.760    -10.252    -58.256     53.631    215.105    163.372
      0.560    -96.706    -10.037    -58.092     53.910    215.130    163.539
      0.561    -96.652     -9.822    -57.929     54.190    215.154    163.706
      0.562    -96.598     -9.607    -57.765     54.470    215.178    163.873
      0.563    -96.543     -9.392    -57.601     54.751    215.202    164.040
      0.564    -96.488     -9.177    -57.437     55.033    215.224    164.207
      0.565    -96.433     -8.961    -57.272     55.316    215.247    164.374
      0.566    -96.378     -8.746    -57.108     55.599    215.269    164.541
      0.567    -96.322     -8.531    -56.943     55.884    215.290    164.709
      0.568    -96.266     -8.315    -56.779     56.168    215.311    164.876
      0.569    -96.209     -8.100    -56.614     56.454    215.331    165.044
      0.570    -96.153     -7.885    -56.448     56.740    215.350    165.211
      0.571    -96.096     -7.669    -56.283     57.027    215.369    165.379
      0.572    -96.039     -7.454    -56.118     57.315    215.388    165.546
      0.573    -95.981     -7.239    -55.952     57.604    215.406    165.714
      0.574    -95.924     -7.023    -55.786     57.893    215.423    165.881
      0.575    -95.866     -6.808    -55.620     58.183    215.440    166.049
      0.576    -95.807     -6.592    -55.454     58.474    215.456    166.217
      0.577    -95.749     -6.377    -55.288     58.765    215.472    166.385
      0.578    -95.690     -6.161    -55.121     59.058    215.487    166.553
      0.579    -95.631     -5.946    -54.955     59.351    215.501    166.720
      0.580    -95.571     -5.730    -54.788     59.644    215.515    166.888
      0.581    -95.511     -5.515    -54.621     59.939    215.528    167.056
      0.582    -95.451     -5.299    -54.454     60.234    215.541    167.224
      0.583    -95.391     -5.084    -54.287     60.530    215.553    167.392
      0.584    -95.330     -4.868    -54.119     60.827    215.565    167.560
      0.585    -95.269     -4.653    -53.951     61.124    215.575    167.728
      0.586    -95.208     -4.437    -53.784     61.422    215.586    167.896
      0.587    -95.146     -4.222    -53.616     61.721    215.595    168.064
      0.588    -95.084     -4.006    -53.447     62.021    215.604    168.233
      0.589    -95.022     -3.790    -53.279     62.321    215.612    168.401
      0.590    -94.960     -3.575    -53.111     62.623    215.620    168.569
      0.591    -94.897     -3.359    -52.942     62.925    215.627    168.737
      0.592    -94.834     -3.143    -52.773     63.227    215.634    168.905
      0.593    -94.771     -2.928    -52.604     63.531    215.639    169.073
      0.594    -94.707     -2.712    -52.435     63.835    215.644    169.241
      0.595    -94.643     -2.497    -52.266     64.140    215.649    169.409
      0.596    -94.579     -2.281    -52.096     64.446    215.653    169.578
      0.597    -94.514     -2.065    -51.927     64.752    215.656    169.746
      0.598    -94.449     -1.850    -51.757     65.059    215.658    169.914
      0.599    -94.384     -1.634    -51.587     65.367    215.660    170.082
      0.600    -94.318     -1.418    -51.417     65.676    215.661    170.250
      0.601    -94.252     -1.203    -51.246     65.986    215.661    170.418
      0.602    -94.186     -0.987    -51.076     66.296    215.661    170.586
      0.603    -94.120     -0.771    -50.905     66.607    215.660    170.754
      0.604    -94.053     -0.556    -50.734     66.919    215.659    170.923
      0.605    -93.986     -0.340    -50.563     67.231    215.656    171.091
      0.606    -93.919     -0.124    -50.392     67.545    215.653    171.259
      0.607    -93.851      0.091    -50.221     67.859    215.649    171.427
      0.608    -93.783      0.307    -50.049     68.173    215.645    171.595
      0.609    -93.715      0.523    -49.878     68.489    215.640    171.762
      0.610    -93.646      0.738    -49.706     68.805    215.634    171.930
      0.611    -93.577      0.954    -49.534     69.122    215.627    172.098
      0.612    -93.508      1.170    -49.361     69.440    215.620    172.266
      0.613    -93.438      1.385    -49.189     69.759    215.612    172.434
      0.614    -93.368      1.601    -49.017     70.078    215.603    172.601
      0.615    -93.298      1.816    -48.844     70.399    215.593    172.769
      0.616    -93.227      2.032    -48.671     70.719    215.583    172.937
      0.617    -93.157      2.248    -48.498     71.041    215.572    173.104
      0.618    -93.085      2.463    -48.325     71.364    215.560    173.272
      0.619    -93.014      2.679    -48.152     71.687    215.547    173.439
      0.620    -92.942      2.894    -47.978     72.011    215.534    173.607
      0.621    -92.870      3.110    -47.804     72.336    215.520    173.774
      0.622    -92.797      3.325    -47.630     72.661    215.505    173.941
      0.623    -92.724      3.541    -47.456     72.987    215.489    174.108
      0.624    -92.651      3.756    -47.282     73.314    215.473    174.275
      0.625    -92.578      3.972    -47.108     73.642    215.456    174.442
      0.626    -92.504      4.187    -46.933     73.971    215.437    174.609
      0.627    -92.430      4.403    -46.759     74.300    215.419    174.776
      0.628    -92.355      4.618    -46.584     74.630    215.399    174.943
      0.629    -92.281      4.833    -46.409     74.961    215.378    175.110
      0.630    -92.205      5.049    -46.234     75.293    215.357    175.276
      0.631    -92.130      5.264    -46.058     75.625    215.335    175.443
      0.632    -92.054      5.479    -45.883     75.958    215.312    175.609
      0.633    -91.978      5.695    -45.707     76.292    215.288    175.775
      0.634    -91.902      5.910    -45.531     76.627    215.264    175.942
      0.635    -91.825      6.125    -45.355     76.962    215.238    176.108
      0.636    -91.748      6.340    -45.179     77.298    215.212    176.274
      0.637    -91.670      6.556    -45.003     77.635    215.185    176.439
      0.638    -91.592      6.771    -44.826     77.973    215.157    176.605
      0.639    -91.514      6.986    -44.649     78.311    215.128    176.771
      0.640    -91.436      7.201    -44.472     78.650    215.098    176.936
      0.641    -91.357      7.416    -44.295     78.990    215.068    177.102
      0.642    -91.278      7.631    -44.118     79.331    215.036    177.267
      0.643    -91.198      7.846    -43.941     79.672    215.004    177.432
      0.644    -91.119      8.061    -43.763     80.015    214.971    177.597
      0.645    -91.038      8.276    -43.586     80.358    214.936    177.762
      0.646    -90.958      8.491    -43.408     80.701    214.901    177.926
      0.647    -90.877      8.706    -43.230     81.046    214.865    178.091
      0.648    -90.796      8.921    -43.052     81.391    214.829    178.255
      0.649    -90.714      9.136    -42.873     81.737    214.791    178.419
      0.650    -90.632      9.350    -42.695     82.084    214.752    178.583
      0.651    -90.550      9.565    -42.516     82.431    214.713    178.747
      0.652    -90.467      9.780    -42.337     82.779    214.672    178.911
      0.653    -90.384      9.994    -42.158     83.128    214.631    179.074
      0.654    -90.301     10.209    -41.979     83.478    214.589    179.238
      0.655    -90.217     10.424    -41.800     83.828    214.545    179.401
      0.656    -90.133     10.638    -41.620     84.180    214.501    179.564
      0.657    -90.049     10.853    -41.441     84.532    214.456    179.727
      0.658    -89.964     11.067    -41.261     84.884    214.410    179.889
      0.659    -89.879     11.281    -41.081     85.238    214.363    180.051
      0.660    -89.794     11.496    -40.901     85.592    214.315    180.214
      0.661    -89.708     11.710    -40.721     85.947    214.266    180.376
      0.662    -89.622     11.924    -40.540     86.302    214.216    180.537
      0.663    -89.536     12.139    -40.360     86.659    214.165    180.699
      0.664    -89.449     12.353    -40.179     87.016    214.113    180.860
      0.665    -89.362     12.567    -39.998     87.373    214.060    181.022
      0.666    -89.274     12.781    -39.817     87.732    214.006    181.182
      0.667    -89.186     12.995    -39.635     88.091    213.951    181.343
      0.668    -89.098     13.209    -39.454     88.451    213.895    181.504
      0.669    -89.009     13.423    -39.272     88.812    213.838    181.664
      0.670    -88.920     13.636    -39.091     89.173    213.780    181.824
      0.671    -88.831     13.850    -38.909     89.535    213.721    181.983
      0.672    -88.741     14.064    -38.727     89.898    213.661    182.143
      0.673    -88.651     14.277    -38.544     90.262    213.600    182.302
      0.674    -88.561     14.491    -38.362     90.626    213.538    182.461
      0.675    -88.470     14.705    -38.180     90.991    213.475    182.620
      0.676    -88.379     14.918    -37.997     91.357    213.411    182.778
      0.677    -88.287     15.131    -37.814     91.723    213.346    182.936
      0.678    -88.195     15.345    -37.631     92.090    213.280    183.094
      0.679    -88.103     15.558    -37.448     92.458    213.212    183.252
      0.680    -88.010     15.771    -37.264     92.826    213.144    183.409
      0.681    -87.917     15.984    -37.081     93.195    213.075    183.566
      0.682    -87.824     16.197    -36.897     93.565    213.004    183.723
      0.683    -87.730     16.410    -36.714     93.936    212.932    183.880
      0.684    -87.636     16.623    -36.530     94.307    212.860    184.036
      0.685    -87.541     16.836    -36.345     94.679    212.786    184.192
      0.686    -87.447     17.049    -36.161     95.052    212.711    184.347
      0.687    -87.351     17.261    -35.977     95.425    212.635    184.502
      0.688    -87.256     17.474    -35.792     95.799    212.558    184.657
      0.689    -87.160     17.686    -35.607     96.173    212.480    184.812
      0.690    -87.063     17.899    -35.423     96.549    212.401    184.966
      0.691    -86.967     18.111    -35.238     96.925    212.320    185.120
      0.692    -86.870     18.324    -35.052     97.301    212.239    185.273
      0.693    -86.772     18.536    -34.867     97.679    212.156    185.427
      0.694    -86.674     18.748    -34.681     98.057    212.072    185.580
      0.695    -86.576     18.960    -34.496     98.435    211.987    185.732
      0.696    -86.477     19.172    -34.310     98.814    211.901    185.884
      0.697    -86.378     19.384    -34.124     99.194    211.814    186.036
      0.698    -86.279     19.595    -33.938     99.575    211.725    186.187
      0.699    -86.179     19.807    -33.752     99.956    211.636    186.338
      0.700    -86.079     20.019    -33.565    100.338    211.545    186.489
      0.701    -85.978     20.230    -33.379    100.720    211.453    186.639
      0.702    -85.878     20.442    -33.192    101.104    211.360    186.789
      0.703    -85.776     20.653    -33.005    101.487    211.266    186.939
      0.704    -85.675     20.864    -32.818    101.872    211.170    187.088
      0.705    -85.573     21.075    -32.631    102.257    211.073    187.237
      0.706    -85.470     21.286    -32.444    102.642    210.976    187.385
      0.707    -85.367     21.497    -32.256    103.028    210.877    187.533
      0.708    -85.264     21.708    -32.069    103.415    210.776    187.680
      0.709    -85.160     21.919    -31.881    103.803    210.675    187.827
      0.710    -85.056     22.129    -31.693    104.190    210.572    187.974
      0.711    -84.952     22.340    -31.505    104.579    210.468    188.120
      0.712    -84.847     22.550    -31.317    104.968    210.363    188.266
      0.713    -84.742     22.761    -31.128    105.358    210.257    188.411
      0.714    -84.637     22.971    -30.940    105.748    210.149    188.556
      0.715    -84.531     23.181    -30.751    106.139    210.040    188.700
      0.716    -84.424     23.391    -30.562    106.531    209.930    188.844
      0.717    -84.318     23.601    -30.374    106.923    209.819    188.987
      0.718    -84.210     23.811    -30.184    107.316    209.706    189.130
      0.719    -84.103     24.020    -29.995    107.709    209.592    189.273
      0.720    -83.995     24.230    -29.806    108.102    209.477    189.415
      0.721    -83.887     24.439    -29.616    108.497    209.361    189.556
      0.722    -83.778     24.648    -29.427    108.892    209.243    189.697
      0.723    -83.669     24.858    -29.237    109.287    209.124    189.838
      0.724    -83.559     25.067    -29.047    109.683    209.004    189.978
      0.725    -83.450     25.276    -28.857    110.079    208.882    190.117
      0.726    -83.339     25.484    -28.667    110.476    208.759    190.256
      0.727    -83.229     25.693    -28.477    110.874    208.635    190.394
      0.728    -83.118     25.902    -28.286    111.272    208.510    190.532
      0.729    -83.006     26.110    -28.096    111.670    208.383    190.670
      0.730    -82.894     26.319    -27.905    112.069    208.255    190.807
      0.731    -82.782     26.527    -27.714    112.469    208.126    190.943
      0.732    -82.669     26.735    -27.523    112.869    207.995    191.079
      0.733    -82.556     26.943    -27.332    113.269    207.863    191.214
      0.734    -82.443     27.150    -27.140    113.670    207.730    191.348
      0.735    -82.329     27.358    -26.949    114.071    207.595    191.482
      0.736    -82.215     27.566    -26.758    114.473    207.459    191.616
      0.737    -82.100     27.773    -26.566    114.876    207.322    191.749
      0.738    -81.985     27.980    -26.374    115.279    207.184    191.881
      0.739    -81.869     28.187    -26.182    115.682    207.044    192.013
      0.740    -81.753     28.394    -25.990    116.085    206.902    192.144
      0.741    -81.637     28.601    -25.798    116.490    206.760    192.274
      0.742    -81.520     28.808    -25.605    116.894    206.616    192.404
      0.743    -81.403     29.014    -25.413    117.299    206.470    192.534
      0.744    -81.286     29.221    -25.220    117.705    206.323    192.662
      0.745    -81.168     29.427    -25.028    118.110    206.175    192.790
      0.746    -81.050     29.633    -24.835    118.517    206.026    192.918
      0.747    -80.931     29.839    -24.642    118.923    205.875    193.044
      0.748    -80.812     30.045    -24.449    119.330    205.723    193.170
      0.749    -80.692     30.251    -24.255    119.738    205.569    193.296
      0.750    -80.572     30.456    -24.062    120.145    205.414    193.421
      0.751    -80.452     30.661    -23.869    120.554    205.258    193.545
      0.752    -80.331     30.867    -23.675    120.962    205.100    193.668
      0.753    -80.210     31.072    -23.481    121.371    204.941    193.791
      0.754    -80.088     31.276    -23.287    121.780    204.780    193.913
      0.755    -79.967     31.481    -23.093    122.190    204.618    194.035
      0.756    -79.844     31.686    -22.899    122.600    204.455    194.155
      0.757    -79.721     31.890    -22.705    123.010    204.290    194.275
      0.758    -79.598     32.094    -22.511    123.420    204.123    194.395
      0.759    -79.474     32.298    -22.316    123.831    203.956    194.513
      0.760    -79.350     32.502    -22.122    124.242    203.787    194.631
      0.761    -79.226     32.706    -21.927    124.654    203.616    194.749
      0.762    -79.101     32.909    -21.732    125.066    203.444    194.865
      0.763    -78.976     33.113    -21.537    125.478    203.271    194.981
      0.764    -78.850     33.316    -21.342    125.890    203.096    195.096
      0.765    -78.724     33.519    -21.147    126.302    202.920    195.210
      0.766    -78.598     33.722    -20.952    126.715    202.742    195.323
      0.767    -78.471     33.924    -20.757    127.128    202.563    195.436
      0.768    -78.343     34.127    -20.561    127.542    202.383    195.548
      0.769    -78.216     34.329    -20.365    127.955    202.201    195.659
      0.770    -78.087     34.531    -20.170    128.369    202.017    195.770
      0.771    -77.959     34.733    -19.974    128.783    201.833    195.879
      0.772    -77.830     34.935    -19.778    129.197    201.646    195.988
      0.773    -77.700     35.137    -19.582    129.611    201.459    196.096
      0.774    -77.571     35.338    -19.386    130.026    201.269    196.204
      0.775    -77.440     35.539    -19.190    130.441    201.079    196.310
      0.776    -77.310     35.740    -18.993    130.856    200.887    196.416
      0.777    -77.179     35.941    -18.797    131.271    200.693    196.520
      0.778    -77.047     36.141    -18.600    131.686    200.498    196.624
      0.779    -76.915     36.342    -18.403    132.102    200.301    196.728
      0.780    -76.783     36.542    -18.207    132.517    200.104    196.830
      0.781    -76.650     36.742    -18.010    132.933    199.904    196.931
      0.782    -76.517     36.942    -17.813    133.349    199.703    197.032
      0.783    -76.384     37.141    -17.616    133.764    199.501    197.132
      0.784    -76.250     37.341    -17.419    134.180    199.297    197.231
      0.785    -76.115     37.540    -17.221    134.597    199.092    197.329
      0.786    -75.980     37.739    -17.024    135.013    198.885    197.426
      0.787    -75.845     37.938    -16.826    135.429    198.677    197.523
      0.788    -75.710     38.136    -16.629    135.845    198.467    197.618
      0.789    -75.573     38.335    -16.431    136.262    198.256    197.713
      0.790    -75.437     38.533    -16.233    136.678    198.043    197.806
      0.791    -75.300     38.731    -16.036    137.095    197.829    197.899
      0.792    -75.163     38.929    -15.838    137.511    197.613    197.991
      0.793    -75.025     39.126    -15.640    137.928    197.396    198.082
      0.794    -74.887     39.323    -15.441    138.344    197.178    198.172
      0.795    -74.748     39.520    -15.243    138.761    196.957    198.261
      0.796    -74.609     39.717    -15.045    139.177    196.736    198.349
      0.797    -74.470     39.914    -14.847    139.594    196.513    198.436
      0.798    -74.330     40.110    -14.648    140.010    196.288    198.523
      0.799    -74.190     40.306    -14.450    140.427    196.062    198.608
      0.800    -74.049     40.502    -14.251    140.843    195.835    198.693
      0.801    -73.908     40.698    -14.052    141.259    195.606    198.776
      0.802    -73.767     40.894    -13.853    141.675    195.376    198.859
      0.803    -73.625     41.089    -13.654    142.092    195.144    198.940
      0.804    -73.483     41.284    -13.455    142.508    194.910    199.021
      0.805    -73.340     41.479    -13.256    142.924    194.675    199.100
      0.806    -73.197     41.673    -13.057    143.339    194.439    199.179
      0.807    -73.053     41.868    -12.858    143.755    194.201    199.257
      0.808    -72.909     42.062    -12.659    144.171    193.962    199.333
      0.809    -72.765     42.256    -12.459    144.586    193.721    199.409
      0.810    -72.620     42.449    -12.260    145.001    193.479    199.484
      0.811    -72.475     42.642    -12.060    145.416    193.235    199.557
      0.812    -72.329     42.836    -11.861    145.831    192.990    199.630
      0.813    -72.183     43.028    -11.661    146.246    192.743    199.701
      0.814    -72.037     43.221    -11.461    146.661    192.495    199.772
      0.815    -71.890     43.413    -11.262    147.075    192.245    199.842
      0.816    -71.743     43.606    -11.062    147.489    191.994    199.910
      0.817    -71.595     43.797    -10.862    147.903    191.742    199.978
      0.818    -71.447     43.989    -10.662    148.317    191.488    200.044
      0.819    -71.298     44.180    -10.462    148.730    191.232    200.109
      0.820    -71.149     44.372    -10.262    149.143    190.975    200.174
      0.821    -71.000     44.562    -10.061    149.556    190.717    200.237
      0.822    -70.850     44.753     -9.861    149.968    190.457    200.299
      0.823    -70.700     44.943     -9.661    150.381    190.196    200.360
      0.824    -70.550     45.133     -9.460    150.793    189.933    200.421
      0.825    -70.399     45.323     -9.260    151.204    189.669    200.480
      0.826    -70.247     45.513     -9.059    151.616    189.403    200.537
      0.827    -70.095     45.702     -8.859    152.027    189.136    200.594
      0.828    -69.943     45.891     -8.658    152.437    188.867    200.650
      0.829    -69.790     46.080     -8.458    152.847    188.597    200.705
      0.830    -69.637     46.268     -8.257    153.257    188.326    200.758
      0.831    -69.484     46.456     -8.056    153.667    188.053    200.811
      0.832    -69.330     46.644     -7.855    154.076    187.779    200.862
      0.833    -69.176     46.832     -7.654    154.485    187.503    200.912
      0.834    -69.021     47.019     -7.453    154.893    187.226    200.962
      0.835    -68.866     47.206     -7.252    155.301    186.947    201.010
      0.836    -68.711     47.393     -7.051    155.708    186.667    201.056
      0.837    -68.555     47.580     -6.850    156.115    186.386    201.102
      0.838    -68.398     47.766     -6.649    156.522    186.103    201.147
      0.839    -68.242     47.952     -6.448    156.928    185.819    201.190
      0.840    -68.084     48.138     -6.247    157.333    185.533    201.233
      0.841    -67.927     48.323     -6.045    157.738    185.246    201.274
      0.842    -67.769     48.508     -5.844    158.143    184.958    201.314
      0.843    -67.611     48.693     -5.643    158.547    184.668    201.353
      0.844    -67.452     48.877     -5.441    158.950    184.377    201.391
      0.845    -67.293     49.062     -5.240    159.353    184.084    201.427
      0.846    -67.133     49.246     -5.039    159.755    183.790    201.463
      0.847    -66.973     49.429     -4.837    160.157    183.495    201.497
      0.848    -66.813     49.613     -4.636    160.558    183.198    201.530
      0.849    -66.652     49.796     -4.434    160.959    182.900    201.562
      0.850    -66.491     49.978     -4.233    161.359    182.600    201.593
      0.851    -66.329     50.161     -4.031    161.758    182.300    201.622
      0.852    -66.167     50.343     -3.829    162.157    181.997    201.650
      0.853    -66.005     50.525     -3.628    162.555    181.694    201.678
      0.854    -65.842     50.706     -3.426    162.953    181.389    201.704
      0.855    -65.679     50.888     -3.224    163.350    181.083    201.728
      0.856    -65.516     51.068     -3.022    163.746    180.776    201.752
      0.857    -65.352     51.249     -2.821    164.141    180.467    201.774
      0.858    -65.187     51.429     -2.619    164.536    180.157    201.795
      0.859    -65.023     51.609     -2.417    164.930    179.845    201.815
      0.860    -64.857     51.789     -2.215    165.324    179.532    201.834
      0.861    -64.692     51.968     -2.013    165.716    179.218    201.851
      0.862    -64.526     52.148     -1.812    166.108    178.903    201.867
      0.863    -64.360     52.326     -1.610    166.499    178.587    201.882
      0.864    -64.193     52.505     -1.408    166.890    178.269    201.895
      0.865    -64.026     52.683     -1.206    167.279    177.949    201.907
      0.866    -63.858     52.861     -1.004    167.668    177.629    201.918
      0.867    -63.691     53.038     -0.802    168.056    177.307    201.927
      0.868    -63.522     53.215     -0.600    168.443    176.985    201.934
      0.869    -63.354     53.392     -0.398    168.830    176.660    201.939
      0.870    -63.185     53.569     -0.196    169.215    176.335    201.943
      0.871    -63.015     53.745      0.006    169.600    176.008    201.944
      0.872    -62.845     53.921      0.208    169.984    175.681    201.943
      0.873    -62.675     54.096      0.410    170.367    175.352    201.940
      0.874    -62.505     54.271      0.612    170.749    175.021    201.936
      0.875    -62.334     54.446      0.813    171.130    174.690    201.929
      0.876    -62.162     54.621      1.015    171.510    174.358    201.920
      0.877    -61.991     54.795      1.217    171.890    174.024    201.911
      0.878    -61.819     54.969      1.419    172.268    173.689    201.899
      0.879    -61.646     55.142      1.621    172.645    173.353    201.886
      0.880    -61.473     55.315      1.823    173.022    173.016    201.872
      0.881    -61.300     55.488      2.025    173.397    172.678    201.856
      0.882    -61.127     55.661      2.227    173.771    172.339    201.840
      0.883    -60.953     55.833      2.428    174.145    171.998    201.821
      0.884    -60.778     56.005      2.630    174.517    171.657    201.802
      0.885    -60.604     56.176      2.832    174.888    171.315    201.781
      0.886    -60.429     56.347      3.034    175.259    170.971    201.759
      0.887    -60.253     56.518      3.236    175.628    170.626    201.736
      0.888    -60.077     56.689      3.437    175.996    170.281    201.711
      0.889    -59.901     56.859      3.639    176.363    169.934    201.686
      0.890    -59.725     57.029      3.841    176.729    169.586    201.659
      0.891    -59.548     57.198      4.042    177.094    169.237    201.630
      0.892    -59.370     57.367      4.244    177.458    168.887    201.601
      0.893    -59.193     57.536      4.446    177.820    168.536    201.570
      0.894    -59.015     57.704      4.647    178.182    168.185    201.538
      0.895    -58.836     57.872      4.849    178.543    167.832    201.505
      0.896    -58.658     58.040      5.050    178.902    167.478    201.470
      0.897    -58.479     58.207      5.252    179.260    167.123    201.435
      0.898    -58.299     58.374      5.453    179.617    166.767    201.398
      0.899    -58.119     58.541      5.654    179.973    166.411    201.360
      0.900    -57.939     58.707      5.856    180.328    166.053    201.320
      0.901    -57.759     58.873      6.057    180.681    165.694    201.280
      0.902    -57.578     59.038      6.258    181.033    165.335    201.238
      0.903    -57.397     59.203      6.459    181.385    164.974    201.195
      0.904    -57.215     59.368      6.661    181.734    164.613    201.151
      0.905    -57.033     59.533      6.862    182.083    164.251    201.105
      0.906    -56.851     59.697      7.063    182.431    163.888    201.058
      0.907    -56.668     59.860      7.264    182.777    163.524    201.010
      0.908    -56.485     60.024      7.465    183.122    163.159    200.961
      0.909    -56.302     60.187      7.666    183.466    162.793    200.911
      0.910    -56.118     60.349      7.867    183.808    162.427    200.859
      0.911    -55.934     60.512      8.068    184.149    162.059    200.807
      0.912    -55.750     60.673      8.268    184.489    161.691    200.753
      0.913    -55.565     60.835      8.469    184.828    161.322    200.698
      0.914    -55.380     60.996      8.670    185.165    160.952    200.641
      0.915    -55.195     61.157      8.870    185.501    160.581    200.584
      0.916    -55.009     61.317      9.071    185.836    160.210    200.525
      0.917    -54.823     61.477      9.271    186.170    159.838    200.465
      0.918    -54.637     61.637      9.472    186.502    159.465    200.404
      0.919    -54.450     61.796      9.672    186.833    159.091    200.342
      0.920    -54.263     61.955      9.872    187.162    158.717    200.278
      0.921    -54.076     62.114     10.073    187.490    158.341    200.214
      0.922    -53.888     62.272     10.273    187.817    157.965    200.148
      0.923    -53.701     62.429     10.473    188.142    157.589    200.081
      0.924    -53.512     62.587     10.673    188.467    157.211    200.013
      0.925    -53.324     62.744     10.873    188.789    156.833    199.944
      0.926    -53.135     62.901     11.073    189.111    156.455    199.873
      0.927    -52.945     63.057     11.273    189.431    156.075    199.801
      0.928    -52.756     63.213     11.473    189.749    155.695    199.729
      0.929    -52.566     63.368     11.672    190.066    155.314    199.655
      0.930    -52.376     63.523     11.872    190.382    154.933    199.580
      0.931    -52.185     63.678     12.071    190.697    154.551    199.503
      0.932    -51.994     63.832     12.271    191.010    154.169    199.426
      0.933    -51.803     63.986     12.470    191.321    153.785    199.348
      0.934    -51.612     64.140     12.670    191.631    153.402    199.268
      0.935    -51.420     64.293     12.869    191.940    153.017    199.187
      0.936    -51.228     64.446     13.068    192.247    152.632    199.105
      0.937    -51.035     64.598     13.267    192.553    152.247    199.022
      0.938    -50.843     64.751     13.466    192.857    151.860    198.938
      0.939    -50.650     64.902     13.665    193.160    151.474    198.853
      0.940    -50.456     65.053     13.864    193.462    151.087    198.767
      0.941    -50.263     65.204     14.062    193.762    150.699    198.679
      0.942    -50.069     65.355     14.261    194.060    150.311    198.591
      0.943    -49.875     65.505     14.460    194.358    149.922    198.501
      0.944    -49.680     65.655     14.658    194.653    149.533    198.410
      0.945    -49.485     65.804     14.856    194.947    149.143    198.318
      0.946    -49.290     65.953     15.055    195.240    148.753    198.225
      0.947    -49.095     66.102     15.253    195.531    148.362    198.132
      0.948    -48.899     66.250     15.451    195.821    147.971    198.036
      0.949    -48.703     66.398     15.649    196.109    147.580    197.940
      0.950    -48.507     66.545     15.847    196.396    147.188    197.843
      0.951    -48.310     66.692     16.045    196.681    146.795    197.745
      0.952    -48.114     66.838     16.242    196.965    146.403    197.646
      0.953    -47.916     66.985     16.440    197.247    146.009    197.545
      0.954    -47.719     67.131     16.637    197.528    145.616    197.444
      0.955    -47.521     67.276     16.835    197.807    145.222    197.341
      0.956    -47.323     67.421     17.032    198.084    144.828    197.238
      0.957    -47.125     67.566     17.229    198.361    144.433    197.133
      0.958    -46.927     67.710     17.426    198.635    144.038    197.028
      0.959    -46.728     67.854     17.623    198.908    143.643    196.921
      0.960    -46.529     67.997     17.820    199.180    143.247    196.814
      0.961    -46.330     68.140     18.017    199.450    142.851    196.705
      0.962    -46.130     68.283     18.214    199.718    142.455    196.596
      0.963    -45.930     68.425     18.410    199.985    142.058    196.485
      0.964    -45.730     68.567     18.607    200.250    141.662    196.373
      0.965    -45.530     68.708     18.803    200.514    141.265    196.261
      0.966    -45.329     68.849     18.999    200.777    140.867    196.147
      0.967    -45.128     68.990     19.195    201.037    140.470    196.033
      0.968    -44.927     69.130     19.391    201.297    140.072    195.917
      0.969    -44.725     69.270     19.587    201.554    139.674    195.801
      0.970    -44.524     69.410     19.783    201.810    139.275    195.683
      0.971    -44.322     69.549     19.978    202.065    138.877    195.565
      0.972    -44.120     69.687     20.174    202.318    138.478    195.446
      0.973    -43.917     69.826     20.369    202.569    138.079    195.325
      0.974    -43.715     69.964     20.565    202.819    137.680    195.204
      0.975    -43.512     70.101     20.760    203.067    137.281    195.082
      0.976    -43.308     70.238     20.955    203.314    136.882    194.959
      0.977    -43.105     70.375     21.150    203.559    136.482    194.835
      0.978    -42.901     70.511     21.344    203.803    136.083    194.710
      0.979    -42.697     70.647     21.539    204.045    135.683    194.584
      0.980    -42.493     70.783     21.734    204.285    135.283    194.458
      0.981    -42.289     70.918     21.928    204.524    134.883    194.330
      0.982    -42.084     71.052     22.122    204.761    134.483    194.201
      0.983    -41.879     71.187     22.316    204.997    134.083    194.072
      0.984    -41.674     71.320     22.510    205.231    133.682    193.942
      0.985    -41.469     71.454     22.704    205.464    133.282    193.811
      0.986    -41.263     71.587     22.898    205.695    132.881    193.679
      0.987    -41.057     71.720     23.092    205.924    132.481    193.546
      0.988    -40.851     71.852     23.285    206.152    132.081    193.412
      0.989    -40.645     71.984     23.478    206.379    131.680    193.277
      0.990    -40.439     72.115     23.672    206.603    131.279    193.142
      0.991    -40.232     72.246     23.865    206.826    130.879    193.006
      0.992    -40.025     72.377     24.058    207.048    130.478    192.869
      0.993    -39.818     72.507     24.250    207.268    130.078    192.731
      0.994    -39.610     72.637     24.443    207.487    129.677    192.592
      0.995    -39.403     72.767     24.636    207.703    129.277    192.452
      0.996    -39.195     72.896     24.828    207.919    128.876    192.312
      0.997    -38.987     73.025     25.020    208.133    128.476    192.171
      0.998    -38.779     73.153     25.212    208.345    128.076    192.029
      0.999    -38.570     73.281     25.404    208.555    127.675    191.886
      1.000    -38.362     73.408     25.596    208.764    127.275    191.743
      1.001    -38.153     73.535     25.788    208.972    126.875    191.598
      1.002    -37.944     73.662     25.979    209.178    126.475    191.453
      1.003    -37.734     73.788     26.171    209.382    126.075    191.307
      1.004    -37.525     73.914     26.362    209.585    125.675    191.161
      1.005    -37.315     74.040     26.553    209.786    125.275    191.013
      1.006    -37.105     74.165     26.744    209.986    124.875    190.865
      1.007    -36.895     74.289     26.935    210.184    124.476    190.717
      1.008    -36.685     74.414     27.125    210.381    124.077    190.567
      1.009    -36.475     74.537     27.316    210.576    123.677    190.417
      1.010    -36.264     74.661     27.506    210.769    123.278    190.266
      1.011    -36.053     74.784     27.696    210.961    122.880    190.114
      1.012    -35.842     74.907     27.886    211.152    122.481    189.962
      1.013    -35.631     75.029     28.076    211.340    122.082    189.808
      1.014    -35.419     75.151     28.266    211.528    121.684    189.655
      1.015    -35.208     75.272     28.456    211.714    121.286    189.500
      1.016    -34.996     75.393     28.645    211.898    120.888    189.345
      1.017    -34.784     75.514     28.834    212.081    120.490    189.189
      1.018    -34.572     75.634     29.023    212.262    120.093    189.032
      1.019    -34.359     75.754     29.212    212.441    119.695    188.875
      1.020    -34.147     75.874     29.401    212.619    119.298    188.717
      1.021    -33.934     75.993     29.590    212.796    118.902    188.559
      1.022    -33.721     76.112     29.778    212.971    118.505    188.400
      1.023    -33.508     76.230     29.967    213.145    118.109    188.240
      1.024    -33.295     76.348     30.155    213.317    117.713    188.080
      1.025    -33.082     76.465     30.343    213.487    117.317    187.919
      1.026    -32.868     76.582     30.531    213.656    116.922    187.757
      1.027    -32.654     76.699     30.718    213.824    116.526    187.595
      1.028    -32.440     76.815     30.906    213.990    116.132    187.432
      1.029    -32.226     76.931     31.093    214.154    115.737    187.268
      1.030    -32.012     77.047     31.280    214.317    115.343    187.104
      1.031    -31.798     77.162     31.467    214.479    114.949    186.939
      1.032    -31.583     77.277     31.654    214.639    114.555    186.774
      1.033    -31.368     77.391     31.841    214.797    114.162    186.608
      1.034    -31.153     77.505     32.027    214.954    113.769    186.442
      1.035    -30.938     77.619     32.214    215.110    113.377    186.275
      1.036    -30.723     77.732     32.400    215.264    112.984    186.108
      1.037    -30.508     77.845     32.586    215.416    112.593    185.939
      1.038    -30.292     77.957     32.772    215.567    112.201    185.771
      1.039    -30.077     78.069     32.958    215.717    111.810    185.602
      1.040    -29.861     78.181     33.143    215.865    111.419    185.432
      1.041    -29.645     78.292     33.328    216.012    111.029    185.262
      1.042    -29.429     78.403     33.514    216.157    110.639    185.091
      1.043    -29.213     78.513     33.699    216.301    110.249    184.920
      1.044    -28.996     78.623     33.883    216.444    109.860    184.748
      1.045    -28.780     78.733     34.068    216.584    109.471    184.576
      1.046    -28.563     78.842     34.253    216.724    109.083    184.403
      1.047    -28.346     78.951     34.437    216.862    108.695    184.230
      1.048    -28.129     79.060     34.621    216.999    108.308    184.056
      1.049    -27.912     79.168     34.805    217.134    107.921    183.882
      1.050    -27.695     79.275     34.989    217.268    107.534    183.707
      1.051    -27.478     79.383     35.172    217.400    107.148    183.532
      1.052    -27.260     79.490     35.356    217.531    106.762    183.357
      1.053    -27.043     79.596     35.539    217.661    106.377    183.181
      1.054    -26.825     79.702     35.722    217.789    105.992    183.004
      1.055    -26.607     79.808     35.905    217.915    105.608    182.827
      1.056    -26.389     79.914     36.088    218.041    105.224    182.650
      1.057    -26.171     80.019     36.270    218.165    104.841    182.472
      1.058    -25.953     80.123     36.453    218.287    104.458    182.294
      1.059    -25.735     80.228     36.635    218.408    104.075    182.115
      1.060    -25.516     80.332     36.817    218.528    103.694    181.936
      1.061    -25.297     80.435     36.999    218.647    103.312    181.756
      1.062    -25.079     80.538     37.181    218.764    102.931    181.577
      1.063    -24.860     80.641     37.362    218.879    102.551    181.396
      1.064    -24.641     80.743     37.543    218.994    102.171    181.216
      1.065    -24.422     80.845     37.724    219.107    101.792    181.034
      1.066    -24.203     80.947     37.905    219.218    101.413    180.853
      1.067    -23.984     81.048     38.086    219.329    101.035    180.671
      1.068    -23.764     81.149     38.267    219.438    100.657    180.489
      1.069    -23.545     81.249     38.447    219.545    100.280    180.306
      1.070    -23.325     81.349     38.627    219.651     99.903    180.124
      1.071    -23.105     81.449     38.807    219.756     99.527    179.940
      1.072    -22.886     81.549     38.987    219.860     99.151    179.757
      1.073    -22.666     81.648     39.167    219.962     98.776    179.573
      1.074    -22.446     81.746     39.346    220.063     98.402    179.388
      1.075    -22.226     81.844     39.526    220.163     98.028    179.204
      1.076    -22.005     81.942     39.705    220.261     97.654    179.019
      1.077    -21.785     82.040     39.884    220.358     97.282    178.834
      1.078    -21.565     82.137     40.062    220.454     96.910    178.648
      1.079    -21.344     82.233     40.241    220.549     96.538    178.462
      1.080    -21.123     82.330     40.419    220.642     96.167    178.276
      1.081    -20.903     82.426     40.598    220.734     95.796    178.089
      1.082    -20.682     82.521     40.776    220.825     95.427    177.903
      1.083    -20.461     82.617     40.953    220.914     95.057    177.715
      1.084    -20.240     82.711     41.131    221.002     94.689    177.528
      1.085    -20.019     82.806     41.308    221.089     94.321    177.340
      1.086    -19.798     82.900     41.486    221.175     93.953    177.153
      1.087    -19.577     82.994     41.663    221.259     93.586    176.964
      1.088    -19.355     83.087     41.840    221.343     93.220    176.776
      1.089    -19.134     83.180     42.016    221.425     92.855    176.587
      1.090    -18.913     83.273     42.193    221.505     92.490    176.398
      1.091    -18.691     83.365     42.369    221.585     92.125    176.209
      1.092    -18.469     83.457     42.545    221.663     91.762    176.019
      1.093    -18.248     83.549     42.721    221.740     91.398    175.830
      1.094    -18.026     83.640     42.897    221.816     91.036    175.640
      1.095    -17.804     83.731     43.072    221.891     90.674    175.450
      1.096    -17.582     83.821     43.248    221.964     90.313    175.259
      1.097    -17.360     83.912     43.423    222.037     89.952    175.069
      1.098    -17.138     84.001     43.598    222.108     89.593    174.878
      1.099    -16.916     84.091     43.773    222.178     89.233    174.687
      1.100    -16.694     84.180     43.947    222.247     88.875    174.495
      1.101    -16.472     84.268     44.122    222.314     88.517    174.304
      1.102    -16.249     84.357     44.296    222.381     88.159    174.112
      1.103    -16.027     84.445     44.470    222.446     87.803    173.920
      1.104    -15.804     84.532     44.644    222.510     87.447    173.728
      1.105    -15.582     84.620     44.817    222.573     87.092    173.536
      1.106    -15.359     84.707     44.991    222.635     86.737    173.344
      1.107    -15.136     84.793     45.164    222.696     86.383    173.151
      1.108    -14.914     84.879     45.337    222.755     86.030    172.958
      1.109    -14.691     84.965     45.510    222.814     85.677    172.765
      1.110    -14.468     85.051     45.683    222.871     85.325    172.572
      1.111    -14.245     85.136     45.855    222.927     84.974    172.379
      1.112    -14.022     85.221     46.027    222.982     84.623    172.186
      1.113    -13.799     85.305     46.199    223.036     84.273    171.992
      1.114    -13.576     85.389     46.371    223.089     83.924    171.798
      1.115    -13.353     85.473     46.543    223.141     83.575    171.604
      1.116    -13.130     85.556     46.715    223.192     83.227    171.410
      1.117    -12.907     85.639     46.886    223.241     82.880    171.216
      1.118    -12.683     85.722     47.057    223.290     82.534    171.022
      1.119    -12.460     85.805     47.228    223.338     82.188    170.828
      1.120    -12.237     85.887     47.399    223.384     81.843    170.633
      1.121    -12.013     85.968     47.569    223.429     81.498    170.438
      1.122    -11.790     86.050     47.740    223.474     81.155    170.244
      1.123    -11.566     86.130     47.910    223.517     80.812    170.049
      1.124    -11.343     86.211     48.080    223.559     80.469    169.854
      1.125    -11.119     86.291     48.249    223.600     80.128    169.659
      1.126    -10.896     86.371     48.419    223.641     79.787    169.464
      1.127    -10.672     86.451     48.588    223.680     79.447    169.268
      1.128    -10.448     86.530     48.758    223.718     79.107    169.073
      1.129    -10.225     86.609     48.926    223.755     78.768    168.878
      1.130    -10.001     86.688     49.095    223.791     78.430    168.682
      1.131     -9.777     86.766     49.264    223.826     78.093    168.487
      1.132     -9.553     86.844     49.432    223.860     77.756    168.291
      1.133     -9.329     86.922     49.600    223.893     77.420    168.095
      1.134     -9.105     86.999     49.768    223.926     77.085    167.899
      1.135     -8.881     87.076     49.936    223.957     76.751    167.704
      1.136     -8.657     87.152     50.104    223.987     76.417    167.508
      1.137     -8.433     87.229     50.271    224.016     76.084    167.312
      1.138     -8.209     87.305     50.438    224.044     75.751    167.116
      1.139     -7.985     87.380     50.605    224.072     75.420    166.919
      1.140     -7.761     87.455     50.772    224.098     75.089    166.723
      1.141     -7.537     87.530     50.939    224.123     74.759    166.527
      1.142     -7.313     87.605     51.105    224.148     74.429    166.331
      1.143     -7.089     87.679     51.272    224.171     74.100    166.135
      1.144     -6.865     87.753     51.438    224.194     73.772    165.938
      1.145     -6.640     87.827     51.603    224.215     73.445    165.742
      1.146     -6.416     87.900     51.769    224.236     73.118    165.546
      1.147     -6.192     87.973     51.935    224.256     72.792    165.349
      1.148     -5.968     88.046     52.100    224.275     72.467    165.153
      1.149     -5.743     88.118     52.265    224.293     72.143    164.956
      1.150     -5.519     88.190     52.430    224.310     71.819    164.760
      1.151     -5.295     88.261     52.594    224.326     71.496    164.563
      1.152     -5.070     88.333     52.759    224.341     71.174    164.367
      1.153     -4.846     88.404     52.923    224.355     70.853    164.170
      1.154     -4.622     88.475     53.087    224.369     70.532    163.974
      1.155     -4.397     88.545     53.251    224.382     70.212    163.777
      1.156     -4.173     88.615     53.415    224.393     69.893    163.581
      1.157     -3.949     88.685     53.578    224.404     69.574    163.385
      1.158     -3.724     88.754     53.742    224.414     69.256    163.188
      1.159     -3.500     88.823     53.905    224.423     68.939    162.992
      1.160     -3.275     88.892     54.067    224.432     68.623    162.795
      1.161     -3.051     88.960     54.230    224.439     68.307    162.599
      1.162     -2.826     89.029     54.393    224.446     67.992    162.402
      1.163     -2.602     89.096     54.555    224.451     67.678    162.206
      1.164     -2.378     89.164     54.717    224.456     67.364    162.010
      1.165     -2.153     89.231     54.879    224.461     67.052    161.813
      1.166     -1.929     89.298     55.041    224.464     66.740    161.617
      1.167     -1.704     89.365     55.202    224.466     66.428    161.421
      1.168     -1.480     89.431     55.364    224.468     66.118    161.224
      1.169     -1.255     89.497     55.525    224.469     65.808    161.028
      1.170     -1.031     89.563     55.686    224.469     65.499    160.832
      1.171     -0.806     89.628     55.846    224.468     65.191    160.636
      1.172     -0.582     89.693     56.007    224.467     64.883    160.440
      1.173     -0.357     89.758     56.167    224.464     64.576    160.244
      1.174     -0.133     89.822     56.327    224.461     64.270    160.048
      1.175      0.092     89.886     56.487    224.457     63.965    159.852
      1.176      0.316     89.950     56.647    224.453     63.660    159.656
      1.177      0.540     90.014     56.807    224.447     63.356    159.460
      1.178      0.765     90.077     56.966    224.441     63.053    159.265
      1.179      0.989     90.140     57.125    224.434     62.751    159.069
      1.180      1.214     90.202     57.284    224.426     62.449    158.873
      1.181      1.438     90.265     57.443    224.418     62.148    158.678
      1.182      1.663     90.327     57.602    224.409     61.848    158.482
      1.183      1.887     90.388     57.760    224.399     61.548    158.287
      1.184      2.111     90.450     57.918    224.388     61.249    158.092
      1.185      2.336     90.511     58.076    224.377     60.951    157.896
      1.186      2.560     90.572     58.234    224.365     60.654    157.701
      1.187      2.784     90.632     58.391    224.352     60.357    157.506
      1.188      3.009     90.692     58.549    224.338     60.061    157.311
      1.189      3.233     90.752     58.706    224.324     59.766    157.116
      1.190      3.457     90.812     58.863    224.309     59.472    156.921
      1.191      3.682     90.871     59.020    224.294     59.178    156.727
      1.192      3.906     90.930     59.177    224.277     58.885    156.532
      1.193      4.130     90.989     59.333    224.260     58.592    156.337
      1.194      4.355     91.047     59.489    224.242     58.301    156.143
      1.195      4.579     91.105     59.645    224.224     58.010    155.949
      1.196      4.803     91.163     59.801    224.205     57.720    155.754
      1.197      5.027     91.221     59.957    224.185     57.431    155.560
      1.198      5.251     91.278     60.112    224.165     57.142    155.366
      1.199      5.476     91.335     60.268    224.144     56.854    155.172
      1.200      5.700     91.392     60.423    224.122     56.567    154.978
      1.201      5.924     91.448     60.577    224.099     56.280    154.784
      1.202      6.148     91.504     60.732    224.076     55.994    154.591
      1.203      6.372     91.560     60.887    224.052     55.709    154.397
      1.204      6.596     91.616     61.041    224.028     55.425    154.204
      1.205      6.820     91.671     61.195    224.003     55.141    154.011
      1.206      7.044     91.726     61.349    223.977     54.858    153.817
      1.207      7.268     91.781     61.503    223.951     54.576    153.624
      1.208      7.492     91.835     61.656    223.924     54.295    153.431
      1.209      7.716     91.889     61.810    223.897     54.014    153.239
      1.210      7.940     91.943     61.963    223.869     53.734    153.046
      1.211      8.164     91.997     62.116    223.840     53.455    152.853
      1.212      8.387     92.050     62.268    223.810     53.176    152.661
      1.213      8.611     92.103     62.421    223.780     52.898    152.469
      1.214      8.835     92.156     62.573    223.750     52.621    152.276
      1.215      9.059     92.209     62.726    223.719     52.344    152.084
      1.216      9.282     92.261     62.878    223.687     52.068    151.893
      1.217      9.506     92.313     63.029    223.654     51.793    151.701
      1.218      9.730     92.364     63.181    223.621     51.519    151.509
      1.219      9.953     92.416     63.332    223.588     51.245    151.318
      1.220     10.177     92.467     63.484    223.554     50.972    151.126
      1.221     10.400     92.518     63.635    223.519     50.700    150.935
      1.222     10.624     92.568     63.785    223.484     50.428    150.744
      1.223     10.847     92.618     63.936    223.448     50.157    150.553
      1.224     11.071     92.669     64.087    223.412     49.887    150.362
      1.225     11.294     92.718     64.237    223.375     49.618    150.172
      1.226     11.518     92.768     64.387    223.337     49.349    149.981
      1.227     11.741     92.817     64.537    223.299     49.081    149.791
      1.228     11.964     92.866     64.686    223.260     48.813    149.601
      1.229     12.187     92.915     64.836    223.221     48.547    149.411
      1.230     12.411     92.963     64.985    223.182     48.281    149.221
      1.231     12.634     93.011     65.134    223.141     48.015    149.031
      1.232     12.857     93.059     65.283    223.101     47.751    148.841
      1.233     13.080     93.107     65.432    223.059     47.487    148.652
      1.234     13.303     93.154     65.581    223.018     47.223    148.463
      1.235     13.526     93.201     65.729    222.975     46.961    148.274
      1.236     13.749     93.248     65.877    222.932     46.699    148.085
      1.237     13.972     93.295     66.025    222.889     46.438    147.896
      1.238     14.195     93.341     66.173    222.845     46.177    147.707
      1.239     14.418     93.387     66.321    222.801     45.917    147.519
      1.240     14.640     93.433     66.468    222.756     45.658    147.331
      1.241     14.863     93.478     66.615    222.711     45.400    147.143
      1.242     15.086     93.523     66.762    222.665     45.142    146.955
      1.243     15.308     93.568     66.909    222.618     44.885    146.767
      1.244     15.531     93.613     67.056    222.572     44.628    146.579
      1.245     15.754     93.658     67.202    222.524     44.372    146.392
      1.246     15.976     93.702     67.349    222.476     44.117    146.205
      1.247     16.198     93.746     67.495    222.428     43.863    146.017
      1.248     16.421     93.790     67.641    222.379     43.609    145.831
      1.249     16.643     93.833     67.786    222.330     43.356    145.644
      1.250     16.866     93.876     67.932    222.280     43.103    145.457
      1.251     17.088     93.919     68.077    222.230     42.852    145.271
      1.252     17.310     93.962     68.223    222.180     42.600    145.085
      1.253     17.532     94.005     68.367    222.129     42.350    144.899
      1.254     17.754     94.047     68.512    222.077     42.100    144.713
      1.255     17.976     94.089     68.657    222.025     41.851    144.527
      1.256     18.198     94.131     68.801    221.973     41.603    144.342
      1.257     18.420     94.172     68.946    221.920     41.355    144.156
      1.258     18.642     94.213     69.090    221.866     41.108    143.971
      1.259     18.864     94.254     69.234    221.813     40.861    143.786
      1.260     19.086     94.295     69.377    221.758     40.615    143.602
      1.261     19.307     94.335     69.521    221.704     40.370    143.417
      1.262     19.529     94.376     69.664    221.649     40.125    143.233
      1.263     19.751     94.416     69.807    221.593     39.882    143.048
      1.264     19.972     94.455     69.950    221.537     39.638    142.864
      1.265     20.194     94.495     70.093    221.481     39.396    142.681
      1.266     20.415     94.534     70.236    221.424     39.154    142.497
      1.267     20.637     94.573     70.378    221.367     38.912    142.314
      1.268     20.858     94.612     70.520    221.310     38.672    142.130
      1.269     21.079     94.651     70.662    221.252     38.432    141.947
      1.270     21.301     94.689     70.804    221.193     38.192    141.764
      1.271     21.522     94.727     70.946    221.135     37.954    141.582
      1.272     21.743     94.765     71.087    221.076     37.715    141.399
      1.273     21.964     94.802     71.229    221.016     37.478    141.217
      1.274     22.185     94.840     71.370    220.956     37.241    141.035
      1.275     22.406     94.877     71.511    220.896     37.005    140.853
      1.276     22.627     94.914     71.651    220.835     36.769    140.671
      1.277     22.847     94.950     71.792    220.774     36.534    140.490
      1.278     23.068     94.987     71.932    220.712     36.300    140.309
      1.279     23.289     95.023     72.073    220.651     36.066    140.128
      1.280     23.509     95.059     72.213    220.588     35.833    139.947
      1.281     23.730     95.095     72.352    220.526     35.601    139.766
      1.282     23.951     95.130     72.492    220.463     35.369    139.585
      1.283     24.171     95.165     72.632    220.400     35.138    139.405
      1.284     24.391     95.200     72.771    220.336     34.907    139.225
      1.285     24.612     95.235     72.910    220.272     34.677    139.045
      1.286     24.832     95.270     73.049    220.208     34.448    138.866
      1.287     25.052     95.304     73.188    220.143     34.219    138.686
      1.288     25.272     95.338     73.326    220.078     33.991    138.507
      1.289     25.492     95.372     73.465    220.012     33.763    138.328
      1.290     25.712     95.406     73.603    219.946     33.536    138.149
      1.291     25.932     95.439     73.741    219.880     33.310    137.970
      1.292     26.152     95.472     73.879    219.814     33.084    137.792
      1.293     26.372     95.505     74.017    219.747     32.859    137.613
      1.294     26.591     95.538     74.154    219.680     32.635    137.435
      1.295     26.811     95.571     74.292    219.612     32.411    137.258
      1.296     27.031     95.603     74.429    219.545     32.188    137.080
      1.297     27.250     95.635     74.566    219.477     31.965    136.903
      1.298     27.470     95.667     74.703    219.408     31.743    136.725
      1.299     27.689     95.699     74.839    219.339     31.521    136.548
      1.300     27.908     95.730     74.976    219.270     31.300    136.372
      1.301     28.128     95.761     75.112    219.201     31.080    136.195
      1.302     28.347     95.792     75.248    219.131     30.860    136.019
      1.303     28.566     95.823     75.384    219.061     30.641    135.842
      1.304     28.785     95.853     75.520    218.991     30.423    135.666
      1.305     29.004     95.884     75.655    218.920     30.205    135.491
      1.306     29.223     95.914     75.791    218.849     29.987    135.315
      1.307     29.441     95.944     75.926    218.778     29.771    135.140
      1.308     29.660     95.973     76.061    218.706     29.555    134.965
      1.309     29.879     96.003     76.196    218.635     29.339    134.790
      1.310     30.097     96.032     76.331    218.562     29.124    134.615
      1.311     30.316     96.061     76.465    218.490     28.909    134.441
      1.312     30.534     96.090     76.599    218.417     28.696    134.266
      1.313     30.753     96.118     76.734    218.344     28.482    134.092
      1.314     30.971     96.147     76.868    218.271     28.270    133.919
      1.315     31.189     96.175     77.001    218.197     28.057    133.745
      1.316     31.408     96.203     77.135    218.124     27.846    133.571
      1.317     31.626     96.231     77.269    218.049     27.635    133.398
      1.318     31.844     96.258     77.402    217.975     27.424    133.225
      1.319     32.062     96.285     77.535    217.900     27.214    133.053
      1.320     32.279     96.313     77.668    217.825     27.005    132.880
      1.321     32.497     96.340     77.801    217.750     26.796    132.708
      1.322     32.715     96.366     77.933    217.675     26.588    132.536
      1.323     32.933     96.393     78.066    217.599     26.381    132.364
      1.324     33.150     96.419     78.198    217.523     26.174    132.192
      1.325     33.368     96.445     78.330    217.447     25.967    132.021
      1.326     33.585     96.471     78.462    217.370     25.761    131.849
      1.327     33.802     96.497     78.594    217.293     25.556    131.678
      1.328     34.020     96.522     78.726    217.216     25.351    131.507
      1.329     34.237     96.547     78.857    217.139     25.147    131.337
      1.330     34.454     96.572     78.988    217.062     24.943    131.166
      1.331     34.671     96.597     79.119    216.984     24.740    130.996
      1.332     34.888     96.622     79.250    216.906     24.537    130.826
      1.333     35.105     96.646     79.381    216.827     24.335    130.657
      1.334     35.322     96.670     79.512    216.749     24.133    130.487
      1.335     35.538     96.694     79.642    216.670     23.932    130.318
      1.336     35.755     96.718     79.772    216.591     23.732    130.149
      1.337     35.971     96.742     79.902    216.512     23.532    129.980
      1.338     36.188     96.765     80.032    216.433     23.332    129.811
      1.339     36.404     96.789     80.162    216.353     23.134    129.643
      1.340     36.621     96.812     80.291    216.273     22.935    129.475
      1.341     36.837     96.834     80.421    216.193     22.738    129.307
      1.342     37.053     96.857     80.550    216.112     22.540    129.139
      1.343     37.269     96.880     80.679    216.032     22.344    128.971
      1.344     37.485     96.902     80.808    215.951     22.147    128.804
      1.345     37.701     96.924     80.937    215.870     21.952    128.637
      1.346     37.917     96.946     81.065    215.789     21.757    128.470
      1.347     38.133     96.967     81.194    215.707     21.562    128.303
      1.348     38.348     96.989     81.322    215.626     21.368    128.137
      1.349     38.564     97.010     81.450    215.544     21.174    127.971
      1.350     38.779     97.031     81.578    215.462     20.981    127.805
      1.351     38.995     97.052     81.706    215.379     20.789    127.639
      1.352     39.210     97.073     81.833    215.297     20.597    127.473
      1.353     39.425     97.093     81.960    215.214     20.405    127.308
      1.354     39.640     97.114     82.088    215.131     20.214    127.143
      1.355     39.856     97.134     82.215    215.048     20.024    126.978
      1.356     40.071     97.154     82.342    214.965     19.834    126.813
      1.357     40.286     97.173     82.468    214.881     19.644    126.649
      1.358     40.500     97.193     82.595    214.798     19.455    126.484
      1.359     40.715     97.212     82.721    214.714     19.267    126.320
      1.360     40.930     97.231     82.848    214.630     19.079    126.156
      1.361     41.144     97.250     82.974    214.545     18.891    125.993
      1.362     41.359     97.269     83.100    214.461     18.704    125.829
      1.363     41.573     97.288     83.225    214.376     18.518    125.666
      1.364     41.788     97.306     83.351    214.291     18.332    125.503
      1.365     42.002     97.324     83.476    214.206     18.147    125.341
      1.366     42.216     97.343     83.602    214.121     17.962    125.178
      1.367     42.430     97.360     83.727    214.036     17.777    125.016
      1.368     42.644     97.378     83.852    213.950     17.593    124.854
      1.369     42.858     97.396     83.976    213.865     17.410    124.692
      1.370     43.072     97.413     84.101    213.779     17.227    124.530
      1.371     43.286     97.430     84.225    213.693     17.044    124.369
      1.372     43.499     97.447     84.350    213.606     16.863    124.208
      1.373     43.713     97.464     84.474    213.520     16.681    124.047
      1.374     43.926     97.480     84.598    213.433     16.500    123.886
      1.375     44.140     97.497     84.722    213.347     16.319    123.725
      1.376     44.353     97.513     84.845    213.260     16.139    123.565
      1.377     44.566     97.529     84.969    213.173     15.960    123.405
      1.378     44.779     97.545     85.092    213.085     15.781    123.245
      1.379     44.992     97.561     85.215    212.998     15.602    123.085
      1.380     45.205     97.576     85.338    212.910     15.424    122.926
      1.381     45.418     97.591     85.461    212.823     15.246    122.767
      1.382     45.631     97.607     85.584    212.735     15.069    122.608
      1.383     45.844     97.622     85.706    212.647     14.892    122.449
      1.384     46.056     97.636     85.829    212.558     14.716    122.290
      1.385     46.269     97.651     85.951    212.470     14.540    122.132
      1.386     46.481     97.666     86.073    212.382     14.365    121.974
      1.387     46.694     97.680     86.195    212.293     14.190    121.816
      1.388     46.906     97.694     86.317    212.204     14.016    121.658
      1.389     47.118     97.708     86.438    212.115     13.842    121.501
      1.390     47.330     97.722     86.560    212.026     13.669    121.343
      1.391     47.542     97.735     86.681    211.937     13.496    121.186
      1.392     47.754     97.749     86.802    211.848     13.323    121.030
      1.393     47.966     97.762     86.923    211.758     13.151    120.873
      1.394     48.177     97.775     87.044    211.668     12.980    120.716
      1.395     48.389     97.788     87.164    211.579     12.808    120.560
      1.396     48.601     97.800     87.285    211.489     12.638    120.404
      1.397     48.812     97.813     87.405    211.399     12.467    120.249
      1.398     49.023     97.825     87.525    211.308     12.298    120.093
      1.399     49.235     97.838     87.645    211.218     12.128    119.938
      1.400     49.446     97.850     87.765    211.128     11.959    119.783
      1.401     49.657     97.862     87.885    211.037     11.791    119.628
      1.402     49.868     97.873     88.004    210.946     11.623    119.473
      1.403     50.079     97.885     88.124    210.856     11.455    119.319
      1.404     50.290     97.896     88.243    210.765     11.288    119.164
      1.405     50.500     97.907     88.362    210.674     11.122    119.010
      1.406     50.711     97.918     88.481    210.582     10.956    118.856
      1.407     50.921     97.929     88.600    210.491     10.790    118.703
      1.408     51.132     97.940     88.719    210.400     10.624    118.549
      1.409     51.342     97.951     88.837    210.308     10.460    118.396
      1.410     51.552     97.961     88.955    210.216     10.295    118.243
      1.411     51.763     97.971     89.073    210.125     10.131    118.091
      1.412     51.973     97.981     89.191    210.033      9.967    117.938
      1.413     52.183     97.991     89.309    209.941      9.804    117.786
      1.414     52.393     98.001     89.427    209.848      9.642    117.634
      1.415     52.602     98.010     89.545    209.756      9.479    117.482
      1.416     52.812     98.020     89.662    209.664      9.317    117.330
      1.417     53.022     98.029     89.779    209.571      9.156    117.179
      1.418     53.231     98.038     89.896    209.479      8.995    117.027
      1.419     53.441     98.047     90.013    209.386      8.834    116.876
      1.420     53.650     98.056     90.130    209.293      8.674    116.726
      1.421     53.859     98.064     90.247    209.200      8.514    116.575
      1.422     54.068     98.073     90.363    209.107      8.355    116.425
      1.423     54.278     98.081     90.480    209.014      8.196    116.274
      1.424     54.486     98.089     90.596    208.921      8.038    116.124
      1.425     54.695     98.097     90.712    208.828      7.880    115.975
      1.426     54.904     98.105     90.828    208.734      7.722    115.825
      1.427     55.113     98.113     90.944    208.641      7.565    115.676
      1.428     55.321     98.120     91.059    208.547      7.408    115.527
      1.429     55.530     98.127     91.175    208.453      7.251    115.378
      1.430     55.738     98.135     91.290    208.360      7.095    115.229
      1.431     55.947     98.142     91.405    208.266      6.940    115.080
      1.432     56.155     98.148     91.520    208.172      6.785    114.932
      1.433     56.363     98.155     91.635    208.078      6.630    114.784
      1.434     56.571     98.162     91.750    207.983      6.475    114.636
      1.435     56.779     98.168     91.864    207.889      6.321    114.488
      1.436     56.987     98.174     91.979    207.795      6.168    114.341
      1.437     57.195     98.180     92.093    207.700      6.015    114.194
      1.438     57.402     98.186     92.207    207.606      5.862    114.047
      1.439     57.610     98.192     92.321    207.511      5.710    113.900
      1.440     57.817     98.198     92.435    207.417      5.558    113.753
      1.441     58.025     98.203     92.548    207.322      5.406    113.607
      1.442     58.232     98.209     92.662    207.227      5.255    113.461
      1.443     58.439     98.214     92.775    207.132      5.104    113.315
      1.444     58.646     98.219     92.889    207.037      4.954    113.169
      1.445     58.853     98.224     93.002    206.942      4.804    113.023
      1.446     59.060     98.228     93.115    206.847      4.654    112.878
      1.447     59.267     98.233     93.227    206.751      4.505    112.733
      1.448     59.474     98.237     93.340    206.656      4.356    112.588
      1.449     59.680     98.242     93.453    206.561      4.208    112.443
      1.450     59.887     98.246     93.565    206.465      4.060    112.298
      1.451     60.093     98.250     93.677    206.370      3.912    112.154
      1.452     60.299     98.254     93.789    206.274      3.765    112.010
      1.453     60.506     98.257     93.901    206.178      3.618    111.866
      1.454     60.712     98.261     94.013    206.082      3.471    111.722
      1.455     60.918     98.264     94.125    205.987      3.325    111.579
      1.456     61.124     98.268     94.236    205.891      3.179    111.435
      1.457     61.330     98.271     94.348    205.795      3.034    111.292
      1.458     61.535     98.274     94.459    205.699      2.889    111.149
      1.459     61.741     98.276     94.570    205.603      2.744    111.006
      1.460     61.946     98.279     94.681    205.506      2.600    110.864
      1.461     62.152     98.282     94.792    205.410      2.456    110.722
      1.462     62.357     98.284     94.902    205.314      2.313    110.579
      1.463     62.563     98.286     95.013    205.217      2.169    110.438
      1.464     62.768     98.288     95.123    205.121      2.027    110.296
      1.465     62.973     98.290     95.233    205.024      1.884    110.154
      1.466     63.178     98.292     95.343    204.928      1.742    110.013
      1.467     63.383     98.294     95.453    204.831      1.601    109.872
      1.468     63.587     98.295     95.563    204.735      1.459    109.731
      1.469     63.792     98.297     95.673    204.638      1.318    109.590
      1.470     63.997     98.298     95.782    204.541      1.178    109.450
      1.471     64.201     98.299     95.892    204.444      1.038    109.309
      1.472     64.406     98.300     96.001    204.347      0.898    109.169
      1.473     64.610     98.301     96.110    204.250      0.758    109.029
      1.474     64.814     98.302     96.219    204.153      0.619    108.890
      1.475     65.018     98.302     96.328    204.056      0.480    108.750
      1.476     65.222     98.302     96.437    203.959      0.342    108.611
      1.477     65.426     98.303     96.545    203.862      0.204    108.472
      1.478     65.630     98.303     96.653    203.765      0.066    108.333
      1.479     65.834     98.303     96.762    203.667     -0.071    108.194
      1.480     66.037     98.303     96.870    203.570     -0.208    108.056
      1.481     66.241     98.302     96.978    203.473     -0.345    107.917
      1.482     66.444     98.302     97.086    203.375     -0.481    107.779
      1.483     66.648     98.302     97.193    203.278     -0.617    107.641
      1.484     66.851     98.301     97.301    203.180     -0.753    107.503
      1.485     67.054     98.300     97.408    203.083     -0.888    107.366
      1.486     67.257     98.299     97.516    202.985     -1.023    107.228
      1.487     67.460     98.298     97.623    202.887     -1.157    107.091
      1.488     67.663     98.297     97.730    202.790     -1.292    106.954
      1.489     67.865     98.295     97.837    202.692     -1.425    106.818
      1.490     68.068     98.294     97.944    202.594     -1.559    106.681
      1.491     68.271     98.292     98.050    202.496     -1.692    106.545
      1.492     68.473     98.291     98.157    202.398     -1.825    106.408
      1.493     68.675     98.289     98.263    202.300     -1.958    106.272
      1.494     68.878     98.287     98.369    202.202     -2.090    106.137
      1.495     69.080     98.284     98.475    202.104     -2.222    106.001
      1.496     69.282     98.282     98.581    202.006     -2.353    105.866
      1.497     69.484     98.280     98.687    201.908     -2.484    105.730
      1.498     69.686     98.277     98.793    201.810     -2.615    105.595
      1.499     69.887     98.275     98.898    201.712     -2.746    105.461
      1.500     70.089     98.272     99.004    201.614     -2.876    105.326
      1.501     70.291     98.269     99.109    201.516     -3.006    105.191
      1.502     70.492     98.266     99.214    201.417     -3.135    105.057
      1.503     70.694     98.262     99.319    201.319     -3.264    104.923
      1.504     70.895     98.259     99.424    201.221     -3.393    104.789
      1.505     71.096     98.256     99.529    201.123     -3.522    104.656
      1.506     71.297     98.252     99.633    201.024     -3.650    104.522
      1.507     71.498     98.248     99.738    200.926     -3.778    104.389
      1.508     71.699     98.245     99.842    200.827     -3.905    104.256
      1.509     71.900     98.241     99.946    200.729     -4.033    104.123
      1.510     72.100     98.236    100.050    200.630     -4.159    103.990
      1.511     72.301     98.232    100.154    200.532     -4.286    103.857
      1.512     72.501     98.228    100.258    200.433     -4.412    103.725
      1.513     72.702     98.223    100.362    200.335     -4.538    103.593
      1.514     72.902     98.219    100.465    200.236     -4.664    103.461
      1.515     73.102     98.214    100.568    200.137     -4.789    103.329
      1.516     73.302     98.209    100.672    200.039     -4.914    103.197
      1.517     73.502     98.204    100.775    199.940     -5.039    103.066
      1.518     73.702     98.199    100.878    199.841     -5.163    102.935
      1.519     73.902     98.194    100.981    199.743     -5.287    102.804
      1.520     74.102     98.189    101.083    199.644     -5.411    102.673
      1.521     74.301     98.183    101.186    199.545     -5.535    102.542
      1.522     74.501     98.178    101.289    199.446     -5.658    102.412
      1.523     74.700     98.172    101.391    199.347     -5.780    102.281
      1.524     74.900     98.166    101.493    199.248     -5.903    102.151
      1.525     75.099     98.160    101.595    199.150     -6.025    102.021
      1.526     75.298     98.154    101.697    199.051     -6.147    101.891
      1.527     75.497     98.148    101.799    198.952     -6.269    101.762
      1.528     75.696     98.141    101.901    198.853     -6.390    101.632
      1.529     75.895     98.135    102.002    198.754     -6.511    101.503
      1.530     76.093     98.128    102.104    198.655     -6.632    101.374
      1.531     76.292     98.122    102.205    198.556     -6.752    101.245
      1.532     76.490     98.115    102.306    198.457     -6.872    101.116
      1.533     76.689     98.108    102.407    198.358     -6.992    100.988
      1.534     76.887     98.101    102.508    198.259     -7.111    100.860
      1.535     77.085     98.094    102.609    198.160     -7.230    100.732
      1.536     77.283     98.086    102.710    198.061     -7.349    100.604
      1.537     77.481     98.079    102.810    197.962     -7.468    100.476
      1.538     77.679     98.071    102.911    197.863     -7.586    100.348
      1.539     77.877     98.064    103.011    197.763     -7.704    100.221
      1.540     78.075     98.056    103.111    197.664     -7.822    100.094
      1.541     78.272     98.048    103.211    197.565     -7.939     99.966
      1.542     78.470     98.040    103.311    197.466     -8.056     99.840
      1.543     78.667     98.032    103.411    197.367     -8.173     99.713
      1.544     78.865     98.024    103.510    197.268     -8.290     99.586
      1.545     79.062     98.016    103.610    197.168     -8.406     99.460
      1.546     79.259     98.007    103.709    197.069     -8.522     99.334
      1.547     79.456     97.998    103.809    196.970     -8.638     99.208
      1.548     79.653     97.990    103.908    196.871     -8.753     99.082
      1.549     79.850     97.981    104.007    196.772     -8.868     98.956
      1.550     80.047     97.972    104.106    196.672     -8.983     98.831
      1.551     80.243     97.963    104.204    196.573     -9.098     98.706
      1.552     80.440     97.954    104.303    196.474     -9.212     98.581
      1.553     80.636     97.945    104.402    196.375     -9.326     98.456
      1.554     80.832     97.935    104.500    196.275     -9.439     98.331
      1.555     81.029     97.926    104.598    196.176     -9.553     98.206
      1.556     81.225     97.916    104.696    196.077     -9.666     98.082
      1.557     81.421     97.906    104.794    195.978     -9.779     97.958
      1.558     81.617     97.897    104.892    195.878     -9.891     97.834
      1.559     81.813     97.887    104.990    195.779    -10.004     97.710
      1.560     82.008     97.877    105.088    195.680    -10.116     97.586
      1.561     82.204     97.866    105.185    195.580    -10.227     97.462
      1.562     82.399     97.856    105.283    195.481    -10.339     97.339
      1.563     82.595     97.846    105.380    195.382    -10.450     97.216
      1.564     82.790     97.835    105.477    195.282    -10.561     97.093
      1.565     82.985     97.825    105.574    195.183    -10.672     96.970
      1.566     83.181     97.814    105.671    195.084    -10.782     96.847
      1.567     83.376     97.803    105.768    194.985    -10.892     96.725
      1.568     83.571     97.792    105.864    194.885    -11.002     96.602
      1.569     83.765     97.781    105.961    194.786    -11.111     96.480
      1.570     83.960     97.770    106.057    194.687    -11.221     96.358
      1.571     84.155     97.759    106.154    194.587    -11.330     96.236
      1.572     84.349     97.747    106.250    194.488    -11.439     96.115
      1.573     84.544     97.736    106.346    194.389    -11.547     95.993
      1.574     84.738     97.724    106.442    194.289    -11.655     95.872
      1.575     84.932     97.712    106.538    194.190    -11.763     95.751
      1.576     85.126     97.701    106.633    194.091    -11.871     95.630
      1.577     85.320     97.689    106.729    193.991    -11.978     95.509
      1.578     85.514     97.677    106.824    193.892    -12.086     95.388
      1.579     85.708     97.664    106.920    193.793    -12.192     95.268
      1.580     85.902     97.652    107.015    193.694    -12.299     95.147
      1.581     86.096     97.640    107.110    193.594    -12.405     95.027
      1.582     86.289     97.627    107.205    193.495    -12.512     94.907
      1.583     86.483     97.615    107.300    193.396    -12.617     94.787
      1.584     86.676     97.602    107.394    193.296    -12.723     94.668
      1.585     86.869     97.589    107.489    193.197    -12.828     94.548
      1.586     87.062     97.576    107.584    193.098    -12.934     94.429
      1.587     87.255     97.564    107.678    192.999    -13.038     94.310
      1.588     87.448     97.550    107.772    192.899    -13.143     94.191
      1.589     87.641     97.537    107.866    192.800    -13.247     94.072
      1.590     87.834     97.524    107.960    192.701    -13.351     93.953
      1.591     88.027     97.511    108.054    192.602    -13.455     93.835
      1.592     88.219     97.497    108.148    192.502    -13.559     93.716
      1.593     88.412     97.483    108.242    192.403    -13.662     93.598
      1.594     88.604     97.470    108.335    192.304    -13.765     93.480
      1.595     88.796     97.456    108.429    192.205    -13.868     93.362
      1.596     88.988     97.442    108.522    192.106    -13.971     93.245
      1.597     89.180     97.428    108.615    192.007    -14.073     93.127
      1.598     89.372     97.414    108.708    191.907    -14.175     93.010
      1.599     89.564     97.400    108.801    191.808    -14.277     92.893
      1.600     89.756     97.385    108.894    191.709    -14.379     92.776
      1.601     89.948     97.371    108.987    191.610    -14.480     92.659
      1.602     90.139     97.356    109.079    191.511    -14.581     92.542
      1.603     90.331     97.342    109.172    191.412    -14.682     92.425
      1.604     90.522     97.327    109.264    191.313    -14.783     92.309
      1.605     90.713     97.312    109.356    191.213    -14.883     92.193
      1.606     90.905     97.297    109.449    191.114    -14.983     92.077
      1.607     91.096     97.282    109.541    191.015    -15.083     91.961
      1.608     91.287     97.267    109.632    190.916    -15.183     91.845
      1.609     91.477     97.252    109.724    190.817    -15.282     91.729
      1.610     91.668     97.236    109.816    190.718    -15.381     91.614
      1.611     91.859     97.221    109.907    190.619    -15.480     91.499
      1.612     92.049     97.205    109.999    190.520    -15.579     91.384
      1.613     92.240     97.190    110.090    190.421    -15.678     91.269
      1.614     92.430     97.174    110.181    190.322    -15.776     91.154
      1.615     92.621     97.158    110.273    190.223    -15.874     91.039
      1.616     92.811     97.142    110.364    190.124    -15.972     90.925
      1.617     93.001     97.126    110.454    190.025    -16.069     90.810
      1.618     93.191     97.110    110.545    189.926    -16.166     90.696
      1.619     93.381     97.094    110.636    189.828    -16.264     90.582
      1.620     93.570     97.078    110.726    189.729    -16.360     90.468
      1.621     93.760     97.061    110.817    189.630    -16.457     90.354
      1.622     93.950     97.045    110.907    189.531    -16.553     90.241
      1.623     94.139     97.028    110.997    189.432    -16.650     90.127
      1.624     94.329     97.011    111.087    189.333    -16.745     90.014
      1.625     94.518     96.995    111.177    189.235    -16.841     89.901
      1.626     94.707     96.978    111.267    189.136    -16.937     89.788
      1.627     94.896     96.961    111.357    189.037    -17.032     89.675
      1.628     95.085     96.944    111.446    188.938    -17.127     89.563
      1.629     95.274     96.927    111.536    188.840    -17.222     89.450
      1.630     95.463     96.909    111.625    188.741    -17.316     89.338
      1.631     95.651     96.892    111.715    188.642    -17.411     89.226
      1.632     95.840     96.874    111.804    188.543    -17.505     89.114
      1.633     96.029     96.857    111.893    188.445    -17.599     89.002
      1.634     96.217     96.839    111.982    188.346    -17.692     88.890
      1.635     96.405     96.822    112.071    188.248    -17.786     88.778
      1.636     96.593     96.804    112.159    188.149    -17.879     88.667
      1.637     96.782     96.786    112.248    188.050    -17.972     88.556
      1.638     96.970     96.768    112.336    187.952    -18.065     88.444
      1.639     97.157     96.750    112.425    187.853    -18.157     88.333
      1.640     97.345     96.731    112.513    187.755    -18.250     88.223
      1.641     97.533     96.713    112.601    187.656    -18.342     88.112
      1.642     97.721     96.695    112.689    187.558    -18.434     88.001
      1.643     97.908     96.676    112.777    187.459    -18.526     87.891
      1.644     98.095     96.658    112.865    187.361    -18.617     87.781
      1.645     98.283     96.639    112.953    187.263    -18.708     87.671
      1.646     98.470     96.620    113.040    187.164    -18.799     87.561
      1.647     98.657     96.601    113.128    187.066    -18.890     87.451
      1.648     98.844     96.583    113.215    186.968    -18.981     87.341
      1.649     99.031     96.563    113.303    186.869    -19.071     87.232
      1.650     99.218     96.544    113.390    186.771    -19.162     87.122
      1.651     99.405     96.525    113.477    186.673    -19.252     87.013
      1.652     99.591     96.506    113.564    186.574    -19.341     86.904
      1.653     99.778     96.486    113.651    186.476    -19.431     86.795
      1.654     99.964     96.467    113.737    186.378    -19.520     86.686
      1.655    100.150     96.447    113.824    186.280    -19.609     86.578
      1.656    100.337     96.428    113.911    186.182    -19.698     86.469
      1.657    100.523     96.408    113.997    186.084    -19.787     86.361
      1.658    100.709     96.388    114.083    185.986    -19.876     86.253
      1.659    100.895     96.368    114.170    185.887    -19.964     86.145
      1.660    101.081     96.348    114.256    185.789    -20.052     86.037
      1.661    101.266     96.328    114.342    185.691    -20.140     85.929
      1.662    101.452     96.308    114.427    185.593    -20.228     85.821
      1.663    101.638     96.288    114.513    185.495    -20.315     85.714
      1.664    101.823     96.267    114.599    185.398    -20.403     85.607
      1.665    102.008     96.247    114.684    185.300    -20.490     85.499
      1.666    102.194     96.226    114.770    185.202    -20.577     85.392
      1.667    102.379     96.206    114.855    185.104    -20.663     85.285
      1.668    102.564     96.185    114.940    185.006    -20.750     85.179
      1.669    102.749     96.164    115.026    184.908    -20.836     85.072
      1.670    102.934     96.143    115.111    184.810    -20.922     84.965
      1.671    103.118     96.122    115.196    184.713    -21.008     84.859
      1.672    103.303     96.101    115.280    184.615    -21.094     84.753
      1.673    103.488     96.080    115.365    184.517    -21.179     84.647
      1.674    103.672     96.059    115.450    184.420    -21.265     84.541
      1.675    103.856     96.038    115.534    184.322    -21.350     84.435
      1.676    104.041     96.016    115.619    184.224    -21.435     84.330
      1.677    104.225     95.995    115.703    184.127    -21.519     84.224
      1.678    104.409     95.973    115.787    184.029    -21.604     84.119
      1.679    104.593     95.952    115.871    183.932    -21.688     84.013
      1.680    104.777     95.930    115.955    183.834    -21.772     83.908
      1.681    104.961     95.908    116.039    183.737    -21.856     83.803
      1.682    105.144     95.886    116.123    183.639    -21.940     83.699
      1.683    105.328     95.864    116.206    183.542    -22.024     83.594
      1.684    105.511     95.842    116.290    183.444    -22.107     83.489
      1.685    105.695     95.820    116.373    183.347    -22.190     83.385
      1.686    105.878     95.798    116.457    183.250    -22.273     83.281
      1.687    106.061     95.775    116.540    183.152    -22.356     83.177
      1.688    106.244     95.753    116.623    183.055    -22.438     83.073
      1.689    106.427     95.731    116.706    182.958    -22.521     82.969
      1.690    106.610     95.708    116.789    182.861    -22.603     82.865
      1.691    106.793     95.685    116.872    182.763    -22.685     82.761
      1.692    106.976     95.663    116.954    182.666    -22.767     82.658
      1.693    107.158     95.640    117.037    182.569    -22.849     82.555
      1.694    107.341     95.617    117.119    182.472    -22.930     82.451
      1.695    107.523     95.594    117.202    182.375    -23.011     82.348
      1.696    107.706     95.571    117.284    182.278    -23.092     82.246
      1.697    107.888     95.548    117.366    182.181    -23.173     82.143
      1.698    108.070     95.525    117.448    182.084    -23.254     82.040
      1.699    108.252     95.501    117.530    181.987    -23.335     81.938
      1.700    108.434     95.478    117.612    181.890    -23.415     81.835
      1.701    108.616     95.454    117.694    181.793    -23.495     81.733
      1.702    108.798     95.431    117.776    181.697    -23.575     81.631
      1.703    108.979     95.407    117.857    181.600    -23.655     81.529
      1.704    109.161     95.384    117.939    181.503    -23.735     81.427
      1.705    109.342     95.360    118.020    181.406    -23.814     81.325
      1.706    109.524     95.336    118.101    181.309    -23.893     81.224
      1.707    109.705     95.312    118.183    181.213    -23.972     81.122
      1.708    109.886     95.288    118.264    181.116    -24.051     81.021
      1.709    110.067     95.264    118.345    181.020    -24.130     80.920
      1.710    110.248     95.240    118.426    180.923    -24.208     80.819
      1.711    110.429     95.216    118.506    180.826    -24.287     80.718
      1.712    110.610     95.191    118.587    180.730    -24.365     80.617
      1.713    110.791     95.167    118.668    180.633    -24.443     80.516
      1.714    110.971     95.142    118.748    180.537    -24.521     80.416
      1.715    111.152     95.118    118.828    180.441    -24.599     80.315
      1.716    111.332     95.093    118.909    180.344    -24.676     80.215
      1.717    111.512     95.068    118.989    180.248    -24.753     80.115
      1.718    111.692     95.044    119.069    180.151    -24.830     80.015
      1.719    111.873     95.019    119.149    180.055    -24.907     79.915
      1.720    112.053     94.994    119.229    179.959    -24.984     79.815
      1.721    112.232     94.969    119.309    179.863    -25.061     79.716
      1.722    112.412     94.944    119.388    179.767    -25.137     79.616
      1.723    112.592     94.919    119.468    179.670    -25.213     79.517
      1.724    112.772     94.893    119.547    179.574    -25.290     79.418
      1.725    112.951     94.868    119.627    179.478    -25.365     79.318
      1.726    113.131     94.843    119.706    179.382    -25.441     79.219
      1.727    113.310     94.817    119.785    179.286    -25.517     79.121
      1.728    113.489     94.791    119.864    179.190    -25.592     79.022
      1.729    113.668     94.766    119.943    179.094    -25.667     78.923
      1.730    113.847     94.740    120.022    178.998    -25.743     78.825
      1.731    114.026     94.714    120.101    178.903    -25.817     78.726
      1.732    114.205     94.689    120.179    178.807    -25.892     78.628
      1.733    114.384     94.663    120.258    178.711    -25.967     78.530
      1.734    114.563     94.637    120.336    178.615    -26.041     78.432
      1.735    114.741     94.611    120.415    178.519    -26.115     78.334
      1.736    114.920     94.584    120.493    178.424    -26.189     78.236
      1.737    115.098     94.558    120.571    178.328    -26.263     78.139
      1.738    115.276     94.532    120.649    178.232    -26.337     78.041
      1.739    115.454     94.505    120.727    178.137    -26.411     77.944
      1.740    115.633     94.479    120.805    178.041    -26.484     77.847
      1.741    115.811     94.452    120.883    177.946    -26.557     77.749
      1.742    115.988     94.426    120.961    177.850    -26.630     77.652
      1.743    116.166     94.399    121.038    177.755    -26.703     77.556
      1.744    116.344     94.372    121.116    177.659    -26.776     77.459
      1.745    116.522     94.346    121.193    177.564    -26.849     77.362
      1.746    116.699     94.319    121.271    177.469    -26.921     77.266
      1.747    116.877     94.292    121.348    177.374    -26.993     77.169
      1.748    117.054     94.265    121.425    177.278    -27.065     77.073
      1.749    117.231     94.238    121.502    177.183    -27.137     76.977
      1.750    117.408     94.211    121.579    177.088    -27.209     76.881
      1.751    117.585     94.183    121.656    176.993    -27.281     76.785
      1.752    117.762     94.156    121.732    176.898    -27.352     76.689
      1.753    117.939     94.129    121.809    176.803    -27.423     76.593
      1.754    118.116     94.101    121.886    176.707    -27.495     76.498
      1.755    118.292     94.074    121.962    176.613    -27.566     76.403
      1.756    118.469     94.046    122.038    176.518    -27.636     76.307
      1.757    118.645     94.018    122.115    176.423    -27.707     76.212
      1.758    118.822     93.991    122.191    176.328    -27.778     76.117
      1.759    118.998     93.963    122.267    176.233    -27.848     76.022
      1.760    119.174     93.935    122.343    176.138    -27.918     75.927
      1.761    119.350     93.907    122.419    176.043    -27.988     75.832
      1.762    119.526     93.879    122.495    175.949    -28.058     75.738
      1.763    119.702     93.851    122.570    175.854    -28.128     75.643
      1.764    119.878     93.823    122.646    175.759    -28.197     75.549
      1.765    120.054     93.794    122.721    175.665    -28.267     75.455
      1.766    120.229     93.766    122.797    175.570    -28.336     75.361
      1.767    120.405     93.738    122.872    175.475    -28.405     75.267
      1.768    120.580     93.709    122.947    175.381    -28.474     75.173
      1.769    120.756     93.681    123.022    175.287    -28.543     75.079
      1.770    120.931     93.652    123.097    175.192    -28.612     74.985
      1.771    121.106     93.624    123.172    175.098    -28.680     74.892
      1.772    121.281     93.595    123.247    175.003    -28.749     74.798
      1.773    121.456     93.566    123.322    174.909    -28.817     74.705
      1.774    121.631     93.537    123.397    174.815    -28.885     74.612
      1.775    121.806     93.508    123.471    174.721    -28.953     74.519
      1.776    121.980     93.479    123.546    174.626    -29.021     74.426
      1.777    122.155     93.450    123.620    174.532    -29.088     74.333
      1.778    122.329     93.421    123.694    174.438    -29.156     74.240
      1.779    122.504     93.392    123.769    174.344    -29.223     74.148
      1.780    122.678     93.363    123.843    174.250    -29.290     74.055
      1.781    122.852     93.333    123.917    174.156    -29.357     73.963
      1.782    123.026     93.304    123.991    174.062    -29.424     73.870
      1.783    123.201     93.275    124.064    173.968    -29.491     73.778
      1.784    123.374     93.245    124.138    173.874    -29.557     73.686
      1.785    123.548     93.215    124.212    173.780    -29.624     73.594
      1.786    123.722     93.186    124.285    173.686    -29.690     73.503
      1.787    123.896     93.156    124.359    173.593    -29.756     73.411
      1.788    124.069     93.126    124.432    173.499    -29.822     73.319
      1.789    124.243     93.096    124.505    173.405    -29.888     73.228
      1.790    124.416     93.066    124.579    173.312    -29.954     73.136
      1.791    124.589     93.036    124.652    173.218    -30.019     73.045
      1.792    124.762     93.006    124.725    173.124    -30.085     72.954
      1.793    124.935     92.976    124.798    173.031    -30.150     72.863
      1.794    125.108     92.946    124.870    172.937    -30.215     72.772
      1.795    125.281     92.916    124.943    172.844    -30.280     72.681
      1.796    125.454     92.886    125.016    172.751    -30.345     72.590
      1.797    125.627     92.855    125.088    172.657    -30.410     72.500
      1.798    125.799     92.825    125.161    172.564    -30.474     72.409
      1.799    125.972     92.794    125.233    172.471    -30.539     72.319
      1.800    126.144     92.764    125.305    172.377    -30.603     72.229
      1.801    126.317     92.733    125.378    172.284    -30.667     72.139
      1.802    126.489     92.702    125.450    172.191    -30.731     72.049
      1.803    126.661     92.672    125.522    172.098    -30.795     71.959
      1.804    126.833     92.641    125.594    172.005    -30.859     71.869
      1.805    127.005     92.610    125.665    171.912    -30.923     71.779
      1.806    127.177     92.579    125.737    171.819    -30.986     71.690
      1.807    127.349     92.548    125.809    171.726    -31.049     71.600
      1.808    127.520     92.517    125.880    171.633    -31.113     71.511
      1.809    127.692     92.486    125.952    171.540    -31.176     71.421
      1.810    127.864     92.454    126.023    171.447    -31.239     71.332
      1.811    128.035     92.423    126.095    171.354    -31.301     71.243
      1.812    128.206     92.392    126.166    171.261    -31.364     71.154
      1.813    128.377     92.360    126.237    171.169    -31.427     71.065
      1.814    128.549     92.329    126.308    171.076    -31.489     70.977
      1.815    128.720     92.297    126.379    170.983    -31.551     70.888
      1.816    128.891     92.266    126.450    170.891    -31.613     70.799
      1.817    129.061     92.234    126.520    170.798    -31.675     70.711
      1.818    129.232     92.203    126.591    170.706    -31.737     70.623
      1.819    129.403     92.171    126.662    170.613    -31.799     70.534
      1.820    129.573     92.139    126.732    170.521    -31.860     70.446
      1.821    129.744     92.107    126.803    170.428    -31.922     70.358
      1.822    129.914     92.075    126.873    170.336    -31.983     70.270
      1.823    130.085     92.043    126.943    170.244    -32.044     70.183
      1.824    130.255     92.011    127.013    170.151    -32.105     70.095
      1.825    130.425     91.979    127.083    170.059    -32.166     70.007
      1.826    130.595     91.947    127.153    169.967    -32.227     69.920
      1.827    130.765     91.914    127.223    169.875    -32.288     69.833
      1.828    130.935     91.882    127.293    169.783    -32.348     69.745
      1.829    131.104     91.850    127.363    169.691    -32.409     69.658
      1.830    131.274     91.817    127.432    169.599    -32.469     69.571
      1.831    131.444     91.785    127.502    169.507    -32.529     69.484
      1.832    131.613     91.752    127.571    169.415    -32.589     69.397
      1.833    131.782     91.720    127.641    169.323    -32.649     69.311
      1.834    131.952     91.687    127.710    169.231    -32.709     69.224
      1.835    132.121     91.654    127.779    169.139    -32.768     69.137
      1.836    132.290     91.621    127.848    169.047    -32.828     69.051
      1.837    132.459     91.589    127.917    168.956    -32.887     68.965
      1.838    132.628     91.556    127.986    168.864    -32.946     68.878
      1.839    132.797     91.523    128.055    168.772    -33.006     68.792
      1.840    132.965     91.490    128.124    168.681    -33.065     68.706
      1.841    133.134     91.457    128.192    168.589    -33.123     68.620
      1.842    133.303     91.423    128.261    168.498    -33.182     68.534
      1.843    133.471     91.390    128.329    168.406    -33.241     68.449
      1.844    133.639     91.357    128.398    168.315    -33.299     68.363
      1.845    133.808     91.324    128.466    168.223    -33.358     68.278
      1.846    133.976     91.290    128.534    168.132    -33.416     68.192
      1.847    134.144     91.257    128.602    168.040    -33.474     68.107
      1.848    134.312     91.223    128.670    167.949    -33.532     68.022
      1.849    134.480     91.190    128.738    167.858    -33.590     67.937
      1.850    134.648     91.156    128.806    167.767    -33.648     67.851
      1.851    134.815     91.122    128.874    167.676    -33.705     67.767
      1.852    134.983     91.089    128.942    167.584    -33.763     67.682
      1.853    135.150     91.055    129.010    167.493    -33.820     67.597
      1.854    135.318     91.021    129.077    167.402    -33.877     67.512
      1.855    135.485     90.987    129.145    167.311    -33.934     67.428
      1.856    135.653     90.953    129.212    167.220    -33.991     67.343
      1.857    135.820     90.919    129.279    167.130    -34.048     67.259
      1.858    135.987     90.885    129.346    167.039    -34.105     67.175
      1.859    136.154     90.851    129.414    166.948    -34.162     67.091
      1.860    136.321     90.817    129.481    166.857    -34.218     67.007
      1.861    136.488     90.782    129.548    166.766    -34.275     66.923
      1.862    136.654     90.748    129.614    166.676    -34.331     66.839
      1.863    136.821     90.714    129.681    166.585    -34.387     66.755
      1.864    136.987     90.679    129.748    166.494    -34.443     66.672
      1.865    137.154     90.645    129.815    166.404    -34.499     66.588
      1.866    137.320     90.610    129.881    166.313    -34.555     66.505
      1.867    137.486     90.576    129.948    166.223    -34.611     66.421
      1.868    137.653     90.541    130.014    166.132    -34.666     66.338
      1.869    137.819     90.506    130.080    166.042    -34.722     66.255
      1.870    137.985     90.472    130.147    165.952    -34.777     66.172
      1.871    138.151     90.437    130.213    165.861    -34.832     66.089
      1.872    138.316     90.402    130.279    165.771    -34.887     66.006
      1.873    138.482     90.367    130.345    165.681    -34.942     65.923
      1.874    138.648     90.332    130.411    165.591    -34.997     65.841
      1.875    138.813     90.297    130.476    165.500    -35.052     65.758
      1.876    138.979     90.262    130.542    165.410    -35.107     65.676
      1.877    139.144     90.227    130.608    165.320    -35.161     65.593
      1.878    139.309     90.192    130.673    165.230    -35.216     65.511
      1.879    139.475     90.156    130.739    165.140    -35.270     65.429
      1.880    139.640     90.121    130.804    165.050    -35.324     65.347
      1.881    139.805     90.086    130.869    164.960    -35.378     65.265
      1.882    139.970     90.050    130.935    164.870    -35.432     65.183
      1.883    140.135     90.015    131.000    164.781    -35.486     65.101
      1.884    140.299     89.979    131.065    164.691    -35.540     65.019
      1.885    140.464     89.944    131.130    164.601    -35.593     64.938
      1.886    140.628     89.908    131.195    164.511    -35.647     64.856
      1.887    140.793     89.873    131.260    164.422    -35.700     64.775
      1.888    140.957     89.837    131.324    164.332    -35.754     64.693
      1.889    141.122     89.801    131.389    164.243    -35.807     64.612
      1.890    141.286     89.765    131.453    164.153    -35.860     64.531
      1.891    141.450     89.729    131.518    164.064    -35.913     64.450
      1.892    141.614     89.693    131.582    163.974    -35.966     64.369
      1.893    141.778     89.657    131.647    163.885    -36.018     64.288
      1.894    141.942     89.621    131.711    163.795    -36.071     64.207
      1.895    142.105     89.585    131.775    163.706    -36.124     64.126
      1.896    142.269     89.549    131.839    163.617    -36.176     64.046
      1.897    142.433     89.513    131.903    163.528    -36.228     63.965
      1.898    142.596     89.477    131.967    163.439    -36.280     63.885
      1.899    142.760     89.440    132.031    163.349    -36.333     63.804
      1.900    142.923     89.404    132.095    163.260    -36.385     63.724
      1.901    143.086     89.368    132.158    163.171    -36.436     63.644
      1.902    143.249     89.331    132.222    163.082    -36.488     63.564
      1.903    143.412     89.295    132.286    162.993    -36.540     63.484
      1.904    143.575     89.258    132.349    162.904    -36.591     63.404
      1.905    143.738     89.221    132.412    162.815    -36.643     63.324
      1.906    143.901     89.185    132.476    162.727    -36.694     63.245
      1.907    144.063     89.148    132.539    162.638    -36.745     63.165
      1.908    144.226     89.111    132.602    162.549    -36.796     63.086
      1.909    144.389     89.074    132.665    162.460    -36.847     63.006
      1.910    144.551     89.038    132.728    162.372    -36.898     62.927
      1.911    144.713     89.001    132.791    162.283    -36.949     62.848
      1.912    144.876     88.964    132.854    162.194    -37.000     62.768
      1.913    145.038     88.927    132.916    162.106    -37.050     62.689
      1.914    145.200     88.890    132.979    162.017    -37.101     62.610
      1.915    145.362     88.852    133.042    161.929    -37.151     62.531
      1.916    145.524     88.815    133.104    161.840    -37.202     62.453
      1.917    145.685     88.778    133.167    161.752    -37.252     62.374
      1.918    145.847     88.741    133.229    161.664    -37.302     62.295
      1.919    146.009     88.703    133.291    161.575    -37.352     62.217
      1.920    146.170     88.666    133.353    161.487    -37.402     62.138
      1.921    146.332     88.629    133.415    161.399    -37.451     62.060
      1.922    146.493     88.591    133.477    161.311    -37.501     61.982
      1.923    146.654     88.554    133.539    161.223    -37.551     61.903
      1.924    146.816     88.516    133.601    161.135    -37.600     61.825
      1.925    146.977     88.478    133.663    161.047    -37.649     61.747
      1.926    147.138     88.441    133.725    160.959    -37.699     61.669
      1.927    147.299     88.403    133.786    160.871    -37.748     61.592
      1.928    147.459     88.365    133.848    160.783    -37.797     61.514
      1.929    147.620     88.327    133.909    160.695    -37.846     61.436
      1.930    147.781     88.290    133.971    160.607    -37.895     61.359
      1.931    147.941     88.252    134.032    160.519    -37.943     61.281
      1.932    148.102     88.214    134.093    160.432    -37.992     61.204
      1.933    148.262     88.176    134.155    160.344    -38.040     61.126
      1.934    148.422     88.138    134.216    160.256    -38.089     61.049
      1.935    148.583     88.100    134.277    160.169    -38.137     60.972
      1.936    148.743     88.061    134.338    160.081    -38.185     60.895
      1.937    148.903     88.023    134.398    159.993    -38.234     60.818
      1.938    149.063     87.985    134.459    159.906    -38.282     60.741
      1.939    149.223     87.947    134.520    159.818    -38.330     60.664
      1.940    149.382     87.908    134.581    159.731    -38.377     60.587
      1.941    149.542     87.870    134.641    159.644    -38.425     60.511
      1.942    149.702     87.831    134.702    159.556    -38.473     60.434
      1.943    149.861     87.793    134.762    159.469    -38.520     60.358
      1.944    150.021     87.754    134.822    159.382    -38.568     60.281
      1.945    150.180     87.716    134.883    159.295    -38.615     60.205
      1.946    150.339     87.677    134.943    159.208    -38.662     60.129
      1.947    150.498     87.638    135.003    159.120    -38.710     60.053
      1.948    150.657     87.600    135.063    159.033    -38.757     59.977
      1.949    150.816     87.561    135.123    158.946    -38.804     59.901
      1.950    150.975     87.522    135.183    158.859    -38.850     59.825
      1.951    151.134     87.483    135.242    158.772    -38.897     59.749
      1.952    151.293     87.444    135.302    158.686    -38.944     59.673
      1.953    151.452     87.405    135.362    158.599    -38.991     59.598
      1.954    151.610     87.366    135.421    158.512    -39.037     59.522
      1.955    151.769     87.327    135.481    158.425    -39.083     59.447
      1.956    151.927     87.288    135.540    158.338    -39.130     59.371
      1.957    152.085     87.249    135.600    158.252    -39.176     59.296
      1.958    152.243     87.210    135.659    158.165    -39.222     59.221
      1.959    152.402     87.171    135.718    158.078    -39.268     59.145
      1.960    152.560     87.131    135.777    157.992    -39.314     59.070
      1.961    152.718     87.092    135.836    157.905    -39.360     58.995
      1.962    152.875     87.053    135.895    157.819    -39.406     58.921
      1.963    153.033     87.013    135.954    157.732    -39.451     58.846
      1.964    153.191     86.974    136.013    157.646    -39.497     58.771
      1.965    153.349     86.934    136.071    157.560    -39.542     58.696
      1.966    153.506     86.895    136.130    157.473    -39.588     58.622
      1.967    153.663     86.855    136.189    157.387    -39.633     58.547
      1.968    153.821     86.815    136.247    157.301    -39.678     58.473
      1.969    153.978     86.776    136.306    157.215    -39.723     58.399
      1.970    154.135     86.736    136.364    157.128    -39.768     58.324
      1.971    154.292     86.696    136.422    157.042    -39.813     58.250
      1.972    154.449     86.656    136.481    156.956    -39.858     58.176
      1.973    154.606     86.616    136.539    156.870    -39.903     58.102
      1.974    154.763     86.576    136.597    156.784    -39.947     58.028
      1.975    154.920     86.536    136.655    156.698    -39.992     57.954
      1.976    155.076     86.496    136.713    156.613    -40.036     57.880
      1.977    155.233     86.456    136.770    156.527    -40.080     57.807
      1.978    155.390     86.416    136.828    156.441    -40.125     57.733
      1.979    155.546     86.376    136.886    156.355    -40.169     57.660
      1.980    155.702     86.336    136.944    156.269    -40.213     57.586
      1.981    155.858     86.296    137.001    156.184    -40.257     57.513
      1.982    156.015     86.255    137.059    156.098    -40.301     57.439
      1.983    156.171     86.215    137.116    156.012    -40.345     57.366
      1.984    156.327     86.175    137.173    155.927    -40.389     57.293
      1.985    156.483     86.134    137.231    155.841    -40.432     57.220
      1.986    156.638     86.094    137.288    155.756    -40.476     57.147
      1.987    156.794     86.053    137.345    155.670    -40.519     57.074
      1.988    156.950     86.013    137.402    155.585    -40.563     57.001
      1.989    157.105     85.972    137.459    155.500    -40.606     56.928
      1.990    157.261     85.932    137.516    155.414    -40.649     56.856
      1.991    157.416     85.891    137.573    155.329    -40.692     56.783
      1.992    157.571     85.850    137.629    155.244    -40.735     56.711
      1.993    157.726     85.809    137.686    155.159    -40.778     56.638
      1.994    157.882     85.769    137.743    155.074    -40.821     56.566
      1.995    158.037     85.728    137.799    154.988    -40.864     56.494
      1.996    158.192     85.687    137.856    154.903    -40.906     56.421
      1.997    158.346     85.646    137.912    154.818    -40.949     56.349
      1.998    158.501     85.605    137.968    154.733    -40.992     56.277
      1.999    158.656     85.564    138.025    154.648    -41.034     56.205
      2.000    158.811     85.523    138.081    154.564    -41.076     56.133
      2.001    158.965     85.482    138.137    154.479    -41.119     56.061
      2.002    159.119     85.441    138.193    154.394    -41.161     55.990
      2.003    159.274     85.400    138.249    154.309    -41.203     55.918
      2.004    159.428     85.358    138.305    154.224    -41.245     55.846
      2.005    159.582     85.317    138.360    154.140    -41.287     55.775
      2.006    159.736     85.276    138.416    154.055    -41.329     55.703
      2.007    159.890     85.234    138.472    153.970    -41.370     55.632
      2.008    160.044     85.193    138.527    153.886    -41.412     55.561
      2.009    160.198     85.152    138.583    153.801    -41.454     55.489
      2.010    160.352     85.110    138.638    153.717    -41.495     55.418
      2.011    160.506     85.069    138.694    153.632    -41.537     55.347
      2.012    160.659     85.027    138.749    153.548    -41.578     55.276
      2.013    160.813     84.985    138.804    153.464    -41.619     55.205
      2.014    160.966     84.944    138.860    153.379    -41.660     55.134
      2.015    161.119     84.902    138.915    153.295    -41.701     55.064
      2.016    161.273     84.860    138.970    153.211    -41.742     54.993
      2.017    161.426     84.819    139.025    153.127    -41.783     54.922
      2.018    161.579     84.777    139.080    153.043    -41.824     54.852
      2.019    161.732     84.735    139.134    152.958    -41.865     54.781
      2.020    161.885     84.693    139.189    152.874    -41.906     54.711
      2.021    162.038     84.651    139.244    152.790    -41.946     54.641
      2.022    162.190     84.609    139.298    152.706    -41.987     54.570
      2.023    162.343     84.567    139.353    152.622    -42.027     54.500
      2.024    162.496     84.525    139.407    152.539    -42.067     54.430
      2.025    162.648     84.483    139.462    152.455    -42.108     54.360
      2.026    162.801     84.441    139.516    152.371    -42.148     54.290
      2.027    162.953     84.399    139.570    152.287    -42.188     54.220
      2.028    163.105     84.357    139.625    152.203    -42.228     54.150
      2.029    163.257     84.314    139.679    152.120    -42.268     54.080
      2.030    163.409     84.272    139.733    152.036    -42.308     54.011
      2.031    163.561     84.230    139.787    151.952    -42.348     53.941
      2.032    163.713     84.187    139.841    151.869    -42.387     53.872
      2.033    163.865     84.145    139.894    151.785    -42.427     53.802
      2.034    164.017     84.102    139.948    151.702    -42.467     53.733
      2.035    164.169     84.060    140.002    151.618    -42.506     53.663
      2.036    164.320     84.017    140.056    151.535    -42.545     53.594
      2.037    164.472     83.975    140.109    151.451    -42.585     53.525
      2.038    164.623     83.932    140.163    151.368    -42.624     53.456
      2.039    164.774     83.890    140.216    151.285    -42.663     53.387
      2.040    164.926     83.847    140.269    151.202    -42.702     53.318
      2.041    165.077     83.804    140.323    151.118    -42.741     53.249
      2.042    165.228     83.761    140.376    151.035    -42.780     53.180
      2.043    165.379     83.719    140.429    150.952    -42.819     53.111
      2.044    165.530     83.676    140.482    150.869    -42.858     53.043
      2.045    165.681     83.633    140.535    150.786    -42.896     52.974
      2.046    165.831     83.590    140.588    150.703    -42.935     52.905
      2.047    165.982     83.547    140.641    150.620    -42.974     52.837
      2.048    166.133     83.504    140.694    150.537    -43.012     52.769
      2.049    166.283     83.461    140.746    150.454    -43.050     52.700
      2.050    166.433     83.418    140.799    150.371    -43.089     52.632
      2.051    166.584     83.375    140.852    150.288    -43.127     52.564
      2.052    166.734     83.332    140.904    150.206    -43.165     52.496
      2.053    166.884     83.289    140.957    150.123    -43.203     52.428
      2.054    167.034     83.245    141.009    150.040    -43.241     52.360
      2.055    167.184     83.202    141.061    149.958    -43.279     52.292
      2.056    167.334     83.159    141.114    149.875    -43.317     52.224
      2.057    167.484     83.115    141.166    149.792    -43.355     52.156
      2.058    167.634     83.072    141.218    149.710    -43.393     52.088
      2.059    167.783     83.029    141.270    149.627    -43.430     52.021
      2.060    167.933     82.985    141.322    149.545    -43.468     51.953
      2.061    168.083     82.942    141.374    149.463    -43.505     51.886
      2.062    168.232     82.898    141.426    149.380    -43.543     51.818
      2.063    168.381     82.855    141.478    149.298    -43.580     51.751
      2.064    168.531     82.811    141.529    149.216    -43.617     51.683
      2.065    168.680     82.767    141.581    149.133    -43.654     51.616
      2.066    168.829     82.724    141.633    149.051    -43.691     51.549
      2.067    168.978     82.680    141.684    148.969    -43.729     51.482
      2.068    169.127     82.636    141.735    148.887    -43.765     51.415
      2.069    169.276     82.593    141.787    148.805    -43.802     51.348
      2.070    169.424     82.549    141.838    148.723    -43.839     51.281
      2.071    169.573     82.505    141.889    148.641    -43.876     51.214
      2.072    169.722     82.461    141.941    148.559    -43.913     51.147
      2.073    169.870     82.417    141.992    148.477    -43.949     51.081
      2.074    170.019     82.373    142.043    148.395    -43.986     51.014
      2.075    170.167     82.329    142.094    148.313    -44.022     50.948
      2.076    170.315     82.285    142.145    148.231    -44.059     50.881
      2.077    170.463     82.241    142.195    148.150    -44.095     50.815
      2.078    170.612     82.197    142.246    148.068    -44.131     50.748
      2.079    170.760     82.153    142.297    147.986    -44.167     50.682
      2.080    170.908     82.108    142.348    147.905    -44.203     50.616
      2.081    171.055     82.064    142.398    147.823    -44.239     50.550
      2.082    171.203     82.020    142.449    147.741    -44.275     50.484
      2.083    171.351     81.976    142.499    147.660    -44.311     50.418
      2.084    171.498     81.931    142.550    147.578    -44.347     50.352
      2.085    171.646     81.887    142.600    147.497    -44.383     50.286
      2.086    171.793     81.843    142.650    147.415    -44.419     50.220
      2.087    171.941     81.798    142.700    147.334    -44.454     50.154
      2.088    172.088     81.754    142.750    147.253    -44.490     50.088
      2.089    172.235     81.709    142.801    147.171    -44.525     50.023
      2.090    172.382     81.665    142.851    147.090    -44.560     49.957
      2.091    172.530     81.620    142.900    147.009    -44.596     49.892
      2.092    172.677     81.575    142.950    146.928    -44.631     49.826
      2.093    172.823     81.531    143.000    146.847    -44.666     49.761
      2.094    172.970     81.486    143.050    146.766    -44.701     49.695
      2.095    173.117     81.441    143.099    146.685    -44.736     49.630
      2.096    173.264     81.397    143.149    146.604    -44.771     49.565
      2.097    173.410     81.352    143.199    146.523    -44.806     49.500
      2.098    173.557     81.307    143.248    146.442    -44.841     49.435
      2.099    173.703     81.262    143.297    146.361    -44.876     49.370
      2.100    173.849     81.217    143.347    146.280    -44.911     49.305
      2.101    173.996     81.172    143.396    146.199    -44.945     49.240
      2.102    174.142     81.127    143.445    146.118    -44.980     49.175
      2.103    174.288     81.082    143.494    146.038    -45.014     49.111
      2.104    174.434     81.037    143.544    145.957    -45.049     49.046
      2.105    174.580     80.992    143.593    145.876    -45.083     48.981
      2.106    174.726     80.947    143.641    145.796    -45.117     48.917
      2.107    174.871     80.902    143.690    145.715    -45.152     48.852
      2.108    175.017     80.857    143.739    145.634    -45.186     48.788
      2.109    175.163     80.812    143.788    145.554    -45.220     48.724
      2.110    175.308     80.766    143.837    145.473    -45.254     48.659
      2.111    175.454     80.721    143.885    145.393    -45.288     48.595
      2.112    175.599     80.676    143.934    145.313    -45.322     48.531
      2.113    175.744     80.631    143.982    145.232    -45.356     48.467
      2.114    175.889     80.585    144.031    145.152    -45.389     48.403
      2.115    176.034     80.540    144.079    145.072    -45.423     48.339
      2.116    176.179     80.494    144.127    144.991    -45.457     48.275
      2.117    176.324     80.449    144.176    144.911    -45.490     48.211
      2.118    176.469     80.403    144.224    144.831    -45.524     48.147
      2.119    176.614     80.358    144.272    144.751    -45.557     48.083
      2.120    176.759     80.312    144.320    144.671    -45.590     48.020
      2.121    176.903     80.267    144.368    144.591    -45.624     47.956
      2.122    177.048     80.221    144.416    144.511    -45.657     47.893
      2.123    177.192     80.175    144.464    144.431    -45.690     47.829
      2.124    177.337     80.130    144.512    144.351    -45.723     47.766
      2.125    177.481     80.084    144.559    144.271    -45.756     47.702
      2.126    177.625     80.038    144.607    144.191    -45.789     47.639
      2.127    177.770     79.992    144.655    144.111    -45.822     47.576
      2.128    177.914     79.946    144.702    144.032    -45.855     47.513
      2.129    178.058     79.901    144.750    143.952    -45.888     47.450
      2.130    178.202     79.855    144.797    143.872    -45.921     47.386
      2.131    178.345     79.809    144.844    143.793    -45.953     47.323
      2.132    178.489     79.763    144.892    143.713    -45.986     47.261
      2.133    178.633     79.717    144.939    143.633    -46.018     47.198
      2.134    178.776     79.671    144.986    143.554    -46.051     47.135
      2.135    178.920     79.625    145.033    143.474    -46.083     47.072
      2.136    179.063     79.579    145.080    143.395    -46.116     47.009
      2.137    179.207     79.532    145.127    143.315    -46.148     46.947
      2.138    179.350     79.486    145.174    143.236    -46.180     46.884
      2.139    179.493     79.440    145.221    143.157    -46.212     46.822
      2.140    179.636     79.394    145.268    143.077    -46.244     46.759
      2.141    179.779     79.348    145.314    142.998    -46.276     46.697
      2.142    179.922     79.301    145.361    142.919    -46.308     46.635
      2.143    180.065     79.255    145.408    142.840    -46.340     46.572
      2.144    180.208     79.209    145.454    142.760    -46.372     46.510
      2.145    180.351     79.162    145.501    142.681    -46.404     46.448
      2.146    180.493     79.116    145.547    142.602    -46.435     46.386
      2.147    180.636     79.069    145.594    142.523    -46.467     46.324
      2.148    180.778     79.023    145.640    142.444    -46.499     46.262
      2.149    180.921     78.976    145.686    142.365    -46.530     46.200
      2.150    181.063     78.930    145.732    142.286    -46.562     46.138
      2.151    181.205     78.883    145.778    142.207    -46.593     46.076
      2.152    181.348     78.837    145.824    142.128    -46.624     46.015
      2.153    181.490     78.790    145.870    142.050    -46.656     45.953
      2.154    181.632     78.743    145.916    141.971    -46.687     45.891
      2.155    181.774     78.697    145.962    141.892    -46.718     45.830
      2.156    181.915     78.650    146.008    141.813    -46.749     45.768
      2.157    182.057     78.603    146.054    141.735    -46.780     45.707
      2.158    182.199     78.556    146.099    141.656    -46.811     45.645
      2.159    182.340     78.509    146.145    141.577    -46.842     45.584
      2.160    182.482     78.463    146.191    141.499    -46.873     45.523
      2.161    182.623     78.416    146.236    141.420    -46.904     45.462
      2.162    182.765     78.369    146.281    141.342    -46.934     45.400
      2.163    182.906     78.322    146.327    141.263    -46.965     45.339
      2.164    183.047     78.275    146.372    141.185    -46.996     45.278
      2.165    183.189     78.228    146.417    141.107    -47.026     45.217
      2.166    183.330     78.181    146.463    141.028    -47.057     45.156
      2.167    183.471     78.134    146.508    140.950    -47.087     45.095
      2.168    183.611     78.087    146.553    140.872    -47.118     45.035
      2.169    183.752     78.040    146.598    140.794    -47.148     44.974
      2.170    183.893     77.992    146.643    140.715    -47.178     44.913
      2.171    184.034     77.945    146.688    140.637    -47.208     44.853
      2.172    184.174     77.898    146.732    140.559    -47.239     44.792
      2.173    184.315     77.851    146.777    140.481    -47.269     44.731
      2.174    184.455     77.803    146.822    140.403    -47.299     44.671
      2.175    184.596     77.756    146.867    140.325    -47.329     44.611
      2.176    184.736     77.709    146.911    140.247    -47.359     44.550
      2.177    184.876     77.661    146.956    140.169    -47.388     44.490
      2.178    185.016     77.614    147.000    140.091    -47.418     44.430
      2.179    185.156     77.567    147.044    140.013    -47.448     44.370
      2.180    185.296     77.519    147.089    139.935    -47.478     44.309
      2.181    185.436     77.472    147.133    139.858    -47.507     44.249
      2.182    185.576     77.424    147.177    139.780    -47.537     44.189
      2.183    185.716     77.377    147.221    139.702    -47.566     44.129
      2.184    185.855     77.329    147.266    139.625    -47.596     44.069
      2.185    185.995     77.281    147.310    139.547    -47.625     44.010
      2.186    186.135     77.234    147.354    139.469    -47.654     43.950
      2.187    186.274     77.186    147.398    139.392    -47.684     43.890
      2.188    186.413     77.138    147.441    139.314    -47.713     43.830
      2.189    186.553     77.091    147.485    139.237    -47.742     43.771
      2.190    186.692     77.043    147.529    139.159    -47.771     43.711
      2.191    186.831     76.995    147.573    139.082    -47.800     43.652
      2.192    186.970     76.947    147.616    139.004    -47.829     43.592
      2.193    187.109     76.899    147.660    138.927    -47.858     43.533
      2.194    187.248     76.852    147.703    138.850    -47.887     43.473
      2.195    187.387     76.804    147.747    138.773    -47.916     43.414
      2.196    187.525     76.756    147.790    138.695    -47.945     43.355
      2.197    187.664     76.708    147.833    138.618    -47.973     43.296
      2.198    187.803     76.660    147.877    138.541    -48.002     43.237
      2.199    187.941     76.612    147.920    138.464    -48.031     43.177
      2.200    188.080     76.564    147.963    138.387    -48.059     43.118
      2.201    188.218     76.516    148.006    138.310    -48.088     43.059
      2.202    188.356     76.468    148.049    138.233    -48.116     43.001
      2.203    188.494     76.419    148.092    138.156    -48.144     42.942
      2.204    188.632     76.371    148.135    138.079    -48.173     42.883
      2.205    188.771     76.323    148.178    138.002    -48.201     42.824
      2.206    188.908     76.275    148.221    137.925    -48.229     42.765
      2.207    189.046     76.227    148.263    137.848    -48.257     42.707
      2.208    189.184     76.178    148.306    137.771    -48.285     42.648
      2.209    189.322     76.130    148.349    137.695    -48.314     42.590
      2.210    189.460     76.082    148.391    137.618    -48.342     42.531
      2.211    189.597     76.033    148.434    137.541    -48.369     42.473
      2.212    189.735     75.985    148.476    137.464    -48.397     42.414
      2.213    189.872     75.937    148.519    137.388    -48.425     42.356
      2.214    190.009     75.888    148.561    137.311    -48.453     42.298
      2.215    190.147     75.840    148.603    137.235    -48.481     42.240
      2.216    190.284     75.791    148.645    137.158    -48.508     42.181
      2.217    190.421     75.743    148.688    137.082    -48.536     42.123
      2.218    190.558     75.694    148.730    137.005    -48.564     42.065
      2.219    190.695     75.645    148.772    136.929    -48.591     42.007
      2.220    190.832     75.597    148.814    136.852    -48.619     41.949
      2.221    190.969     75.548    148.856    136.776    -48.646     41.891
      2.222    191.105     75.500    148.897    136.700    -48.673     41.834
      2.223    191.242     75.451    148.939    136.624    -48.701     41.776
      2.224    191.379     75.402    148.981    136.547    -48.728     41.718
      2.225    191.515     75.353    149.023    136.471    -48.755     41.660
      2.226    191.652     75.305    149.064    136.395    -48.782     41.603
      2.227    191.788     75.256    149.106    136.319    -48.809     41.545
      2.228    191.924     75.207    149.147    136.243    -48.836     41.488
      2.229    192.060     75.158    149.189    136.167    -48.863     41.430
      2.230    192.197     75.109    149.230    136.091    -48.890     41.373
      2.231    192.333     75.060    149.272    136.015    -48.917     41.315
      2.232    192.469     75.011    149.313    135.939    -48.944     41.258
      2.233    192.605     74.963    149.354    135.863    -48.971     41.201
      2.234    192.740     74.914    149.395    135.787    -48.997     41.143
      2.235    192.876     74.865    149.436    135.711    -49.024     41.086
      2.236    193.012     74.815    149.478    135.635    -49.051     41.029
      2.237    193.147     74.766    149.519    135.560    -49.077     40.972
      2.238    193.283     74.717    149.559    135.484    -49.104     40.915
      2.239    193.418     74.668    149.600    135.408    -49.130     40.858
      2.240    193.554     74.619    149.641    135.332    -49.157     40.801
      2.241    193.689     74.570    149.682    135.257    -49.183     40.744
      2.242    193.824     74.521    149.723    135.181    -49.209     40.687
      2.243    193.959     74.471    149.763    135.106    -49.236     40.631
      2.244    194.094     74.422    149.804    135.030    -49.262     40.574
      2.245    194.229     74.373    149.844    134.955    -49.288     40.517
      2.246    194.364     74.324    149.885    134.879    -49.314     40.461
      2.247    194.499     74.274    149.925    134.804    -49.340     40.404
      2.248    194.634     74.225    149.966    134.728    -49.366     40.348
      2.249    194.769     74.176    150.006    134.653    -49.392     40.291
      2.250    194.903     74.126    150.046    134.578    -49.418     40.235
      2.251    195.038     74.077    150.087    134.502    -49.444     40.178
      2.252    195.172     74.027    150.127    134.427    -49.470     40.122
      2.253    195.307     73.978    150.167    134.352    -49.495     40.066
      2.254    195.441     73.928    150.207    134.277    -49.521     40.010
      2.255    195.575     73.879    150.247    134.202    -49.547     39.953
      2.256    195.709     73.829    150.287    134.127    -49.572     39.897
      2.257    195.843     73.780    150.327    134.052    -49.598     39.841
      2.258    195.977     73.730    150.366    133.976    -49.623     39.785
      2.259    196.111     73.680    150.406    133.901    -49.649     39.729
      2.260    196.245     73.631    150.446    133.826    -49.674     39.673
      2.261    196.379     73.581    150.486    133.752    -49.700     39.617
      2.262    196.513     73.531    150.525    133.677    -49.725     39.562
      2.263    196.646     73.482    150.565    133.602    -49.750     39.506
      2.264    196.780     73.432    150.604    133.527    -49.775     39.450
      2.265    196.913     73.382    150.644    133.452    -49.801     39.395
      2.266    197.047     73.332    150.683    133.377    -49.826     39.339
      2.267    197.180     73.282    150.722    133.303    -49.851     39.283
      2.268    197.314     73.233    150.761    133.228    -49.876     39.228
      2.269    197.447     73.183    150.801    133.153    -49.901     39.172
      2.270    197.580     73.133    150.840    133.079    -49.926     39.117
      2.271    197.713     73.083    150.879    133.004    -49.951     39.062
      2.272    197.846     73.033    150.918    132.930    -49.975     39.006
      2.273    197.979     72.983    150.957    132.855    -50.000     38.951
      2.274    198.112     72.933    150.996    132.780    -50.025     38.896
      2.275    198.244     72.883    151.035    132.706    -50.050     38.841
      2.276    198.377     72.833    151.074    132.632    -50.074     38.785
      2.277    198.510     72.783    151.112    132.557    -50.099     38.730
      2.278    198.642     72.733    151.151    132.483    -50.123     38.675
      2.279    198.775     72.682    151.190    132.409    -50.148     38.620
      2.280    198.907     72.632    151.228    132.334    -50.172     38.565
      2.281    199.039     72.582    151.267    132.260    -50.197     38.510
      2.282    199.171     72.532    151.305    132.186    -50.221     38.456
      2.283    199.304     72.482    151.344    132.112    -50.245     38.401
      2.284    199.436     72.431    151.382    132.037    -50.270     38.346
      2.285    199.568     72.381    151.420    131.963    -50.294     38.291
      2.286    199.700     72.331    151.459    131.889    -50.318     38.237
      2.287    199.831     72.280    151.497    131.815    -50.342     38.182
      2.288    199.963     72.230    151.535    131.741    -50.366     38.128
      2.289    200.095     72.180    151.573    131.667    -50.390     38.073
      2.290    200.227     72.129    151.611    131.593    -50.414     38.019
      2.291    200.358     72.079    151.649    131.519    -50.438     37.964
      2.292    200.490     72.028    151.687    131.445    -50.462     37.910
      2.293    200.621     71.978    151.725    131.372    -50.486     37.855
      2.294    200.752     71.927    151.763    131.298    -50.510     37.801
      2.295    200.884     71.877    151.801    131.224    -50.533     37.747
      2.296    201.015     71.826    151.838    131.150    -50.557     37.693
      2.297    201.146     71.776    151.876    131.076    -50.581     37.639
      2.298    201.277     71.725    151.914    131.003    -50.604     37.585
      2.299    201.408     71.675    151.951    130.929    -50.628     37.531
      2.300    201.539     71.624    151.989    130.856    -50.651     37.477
      2.301    201.670     71.573    152.026    130.782    -50.675     37.423
      2.302    201.800     71.523    152.063    130.708    -50.698     37.369
      2.303    201.931     71.472    152.101    130.635    -50.722     37.315
      2.304    202.062     71.421    152.138    130.561    -50.745     37.261
      2.305    202.192     71.370    152.175    130.488    -50.768     37.207
      2.306    202.323     71.320    152.213    130.414    -50.792     37.154
      2.307    202.453     71.269    152.250    130.341    -50.815     37.100
      2.308    202.583     71.218    152.287    130.268    -50.838     37.046
      2.309    202.713     71.167    152.324    130.194    -50.861     36.993
      2.310    202.844     71.116    152.361    130.121    -50.884     36.939
      2.311    202.974     71.065    152.398    130.048    -50.907     36.886
      2.312    203.104     71.014    152.434    129.975    -50.930     36.832
      2.313    203.234     70.964    152.471    129.901    -50.953     36.779
      2.314    203.364     70.913    152.508    129.828    -50.976     36.725
      2.315    203.493     70.862    152.545    129.755    -50.999     36.672
      2.316    203.623     70.811    152.581    129.682    -51.021     36.619
      2.317    203.753     70.760    152.618    129.609    -51.044     36.566
      2.318    203.882     70.708    152.655    129.536    -51.067     36.512
      2.319    204.012     70.657    152.691    129.463    -51.090     36.459
      2.320    204.141     70.606    152.727    129.390    -51.112     36.406
      2.321    204.271     70.555    152.764    129.317    -51.135     36.353
      2.322    204.400     70.504    152.800    129.244    -51.157     36.300
      2.323    204.529     70.453    152.836    129.171    -51.180     36.247
      2.324    204.658     70.402    152.873    129.098    -51.202     36.194
      2.325    204.787     70.350    152.909    129.026    -51.225     36.142
      2.326    204.916     70.299    152.945    128.953    -51.247     36.089
      2.327    205.045     70.248    152.981    128.880    -51.269     36.036
      2.328    205.174     70.197    153.017    128.807    -51.292     35.983
      2.329    205.303     70.145    153.053    128.735    -51.314     35.931
      2.330    205.431     70.094    153.089    128.662    -51.336     35.878
      2.331    205.560     70.043    153.125    128.590    -51.358     35.825
      2.332    205.689     69.991    153.160    128.517    -51.380     35.773
      2.333    205.817     69.940    153.196    128.444    -51.402     35.720
      2.334    205.946     69.889    153.232    128.372    -51.424     35.668
      2.335    206.074     69.837    153.268    128.299    -51.446     35.615
      2.336    206.202     69.786    153.303    128.227    -51.468     35.563
      2.337    206.330     69.734    153.339    128.155    -51.490     35.511
      2.338    206.458     69.683    153.374    128.082    -51.512     35.458
      2.339    206.586     69.631    153.410    128.010    -51.534     35.406
      2.340    206.714     69.580    153.445    127.938    -51.556     35.354
      2.341    206.842     69.528    153.480    127.865    -51.577     35.302
      2.342    206.970     69.476    153.516    127.793    -51.599     35.250
      2.343    207.098     69.425    153.551    127.721    -51.621     35.198
      2.344    207.226     69.373    153.586    127.649    -51.642     35.146
      2.345    207.353     69.322    153.621    127.576    -51.664     35.094
      2.346    207.481     69.270    153.656    127.504    -51.685     35.042
      2.347    207.608     69.218    153.691    127.432    -51.707     34.990
      2.348    207.736     69.166    153.726    127.360    -51.728     34.938
      2.349    207.863     69.115    153.761    127.288    -51.749     34.886
      2.350    207.990     69.063    153.796    127.216    -51.771     34.835
      2.351    208.117     69.011    153.831    127.144    -51.792     34.783
      2.352    208.244     68.959    153.866    127.072    -51.813     34.731
      2.353    208.372     68.908    153.900    127.000    -51.835     34.680
      2.354    208.498     68.856    153.935    126.928    -51.856     34.628
      2.355    208.625     68.804    153.969    126.857    -51.877     34.576
      2.356    208.752     68.752    154.004    126.785    -51.898     34.525
      2.357    208.879     68.700    154.039    126.713    -51.919     34.473
      2.358    209.006     68.648    154.073    126.641    -51.940     34.422
      2.359    209.132     68.596    154.107    126.570    -51.961     34.371
      2.360    209.259     68.544    154.142    126.498    -51.982     34.319
      2.361    209.385     68.492    154.176    126.426    -52.003     34.268
      2.362    209.512     68.440    154.210    126.355    -52.024     34.217
      2.363    209.638     68.388    154.244    126.283    -52.044     34.166
      2.364    209.764     68.336    154.279    126.211    -52.065     34.114
      2.365    209.890     68.284    154.313    126.140    -52.086     34.063
      2.366    210.016     68.232    154.347    126.068    -52.107     34.012
      2.367    210.143     68.180    154.381    125.997    -52.127     33.961
      2.368    210.268     68.128    154.415    125.926    -52.148     33.910
      2.369    210.394     68.076    154.449    125.854    -52.168     33.859
      2.370    210.520     68.023    154.482    125.783    -52.189     33.808
      2.371    210.646     67.971    154.516    125.711    -52.209     33.757
      2.372    210.772     67.919    154.550    125.640    -52.230     33.707
      2.373    210.897     67.867    154.584    125.569    -52.250     33.656
      2.374    211.023     67.814    154.617    125.498    -52.271     33.605
      2.375    211.148     67.762    154.651    125.426    -52.291     33.554
      2.376    211.274     67.710    154.684    125.355    -52.311     33.504
      2.377    211.399     67.658    154.718    125.284    -52.331     33.453
      2.378    211.524     67.605    154.751    125.213    -52.352     33.403
      2.379    211.649     67.553    154.785    125.142    -52.372     33.352
      2.380    211.774     67.500    154.818    125.071    -52.392     33.302
      2.381    211.899     67.448    154.851    125.000    -52.412     33.251
      2.382    212.024     67.396    154.884    124.929    -52.432     33.201
      2.383    212.149     67.343    154.918    124.858    -52.452     33.150
      2.384    212.274     67.291    154.951    124.787    -52.472     33.100
      2.385    212.399     67.238    154.984    124.716    -52.492     33.050
      2.386    212.524     67.186    155.017    124.645    -52.512     33.000
      2.387    212.648     67.133    155.050    124.574    -52.532     32.949
      2.388    212.773     67.081    155.083    124.503    -52.552     32.899
      2.389    212.897     67.028    155.116    124.433    -52.571     32.849
      2.390    213.022     66.976    155.148    124.362    -52.591     32.799
      2.391    213.146     66.923    155.181    124.291    -52.611     32.749
      2.392    213.270     66.870    155.214    124.220    -52.630     32.699
      2.393    213.394     66.818    155.247    124.150    -52.650     32.649
      2.394    213.518     66.765    155.279    124.079    -52.670     32.599
      2.395    213.643     66.712    155.312    124.009    -52.689     32.549
      2.396    213.766     66.660    155.344    123.938    -52.709     32.499
      2.397    213.890     66.607    155.377    123.867    -52.728     32.450
      2.398    214.014     66.554    155.409    123.797    -52.748     32.400
      2.399    214.138     66.501    155.442    123.726    -52.767     32.350
      2.400    214.262     66.449    155.474    123.656    -52.786     32.300
      2.401    214.385     66.396    155.506    123.586    -52.806     32.251
      2.402    214.509     66.343    155.538    123.515    -52.825     32.201
      2.403    214.632     66.290    155.571    123.445    -52.844     32.152
      2.404    214.756     66.237    155.603    123.374    -52.863     32.102
      2.405    214.879     66.184    155.635    123.304    -52.883     32.053
      2.406    215.002     66.132    155.667    123.234    -52.902     32.003
      2.407    215.126     66.079    155.699    123.164    -52.921     31.954
      2.408    215.249     66.026    155.731    123.093    -52.940     31.904
      2.409    215.372     65.973    155.763    123.023    -52.959     31.855
      2.410    215.495     65.920    155.794    122.953    -52.978     31.806
      2.411    215.618     65.867    155.826    122.883    -52.997     31.757
      2.412    215.740     65.814    155.858    122.813    -53.016     31.707
      2.413    215.863     65.761    155.890    122.743    -53.034     31.658
      2.414    215.986     65.708    155.921    122.673    -53.053     31.609
      2.415    216.109     65.655    155.953    122.603    -53.072     31.560
      2.416    216.231     65.602    155.984    122.533    -53.091     31.511
      2.417    216.354     65.548    156.016    122.463    -53.110     31.462
      2.418    216.476     65.495    156.047    122.393    -53.128     31.413
      2.419    216.598     65.442    156.079    122.323    -53.147     31.364
      2.420    216.721     65.389    156.110    122.253    -53.165     31.315
      2.421    216.843     65.336    156.141    122.183    -53.184     31.266
      2.422    216.965     65.283    156.173    122.114    -53.203     31.217
      2.423    217.087     65.229    156.204    122.044    -53.221     31.169
      2.424    217.209     65.176    156.235    121.974    -53.240     31.120
      2.425    217.331     65.123    156.266    121.904    -53.258     31.071
      2.426    217.453     65.070    156.297    121.835    -53.276     31.023
      2.427    217.575     65.016    156.328    121.765    -53.295     30.974
      2.428    217.697     64.963    156.359    121.695    -53.313     30.925
      2.429    217.818     64.910    156.390    121.626    -53.331     30.877
      2.430    217.940     64.856    156.421    121.556    -53.350     30.828
      2.431    218.061     64.803    156.452    121.487    -53.368     30.780
      2.432    218.183     64.750    156.482    121.417    -53.386     30.732
      2.433    218.304     64.696    156.513    121.348    -53.404     30.683
      2.434    218.425     64.643    156.544    121.278    -53.422     30.635
      2.435    218.547     64.590    156.574    121.209    -53.440     30.586
      2.436    218.668     64.536    156.605    121.140    -53.458     30.538
      2.437    218.789     64.483    156.635    121.070    -53.476     30.490
      2.438    218.910     64.429    156.666    121.001    -53.494     30.442
      2.439    219.031     64.376    156.696    120.932    -53.512     30.394
      2.440    219.152     64.322    156.727    120.862    -53.530     30.346
      2.441    219.273     64.269    156.757    120.793    -53.548     30.297
      2.442    219.393     64.215    156.787    120.724    -53.566     30.249
      2.443    219.514     64.161    156.817    120.655    -53.583     30.201
      2.444    219.635     64.108    156.848    120.586    -53.601     30.153
      2.445    219.755     64.054    156.878    120.516    -53.619     30.105
      2.446    219.876     64.001    156.908    120.447    -53.637     30.058
      2.447    219.996     63.947    156.938    120.378    -53.654     30.010
      2.448    220.117     63.893    156.968    120.309    -53.672     29.962
      2.449    220.237     63.840    156.998    120.240    -53.689     29.914
      2.450    220.357     63.786    157.028    120.171    -53.707     29.866
      2.451    220.477     63.732    157.057    120.102    -53.724     29.819
      2.452    220.597     63.678    157.087    120.033    -53.742     29.771
      2.453    220.717     63.625    157.117    119.964    -53.759     29.723
      2.454    220.837     63.571    157.147    119.896    -53.777     29.676
      2.455    220.957     63.517    157.176    119.827    -53.794     29.628
      2.456    221.077     63.463    157.206    119.758    -53.811     29.581
      2.457    221.197     63.410    157.236    119.689    -53.829     29.533
      2.458    221.316     63.356    157.265    119.620    -53.846     29.486
      2.459    221.436     63.302    157.295    119.552    -53.863     29.438
      2.460    221.555     63.248    157.324    119.483    -53.880     29.391
      2.461    221.675     63.194    157.353    119.414    -53.897     29.344
      2.462    221.794     63.140    157.383    119.346    -53.915     29.296
      2.463    221.913     63.086    157.412    119.277    -53.932     29.249
      2.464    222.033     63.032    157.441    119.209    -53.949     29.202
      2.465    222.152     62.978    157.470    119.140    -53.966     29.155
      2.466    222.271     62.924    157.499    119.071    -53.983     29.108
      2.467    222.390     62.870    157.529    119.003    -54.000     29.060
      2.468    222.509     62.816    157.558    118.935    -54.017     29.013
      2.469    222.628     62.762    157.587    118.866    -54.034     28.966
      2.470    222.747     62.708    157.615    118.798    -54.050     28.919
      2.471    222.865     62.654    157.644    118.729    -54.067     28.872
      2.472    222.984     62.600    157.673    118.661    -54.084     28.825
      2.473    223.103     62.546    157.702    118.593    -54.101     28.779
      2.474    223.221     62.492    157.731    118.524    -54.117     28.732
      2.475    223.340     62.438    157.759    118.456    -54.134     28.685
      2.476    223.458     62.384    157.788    118.388    -54.151     28.638
      2.477    223.577     62.330    157.817    118.320    -54.167     28.591
      2.478    223.695     62.275    157.845    118.251    -54.184     28.545
      2.479    223.813     62.221    157.874    118.183    -54.201     28.498
      2.480    223.931     62.167    157.902    118.115    -54.217     28.451
      2.481    224.049     62.113    157.931    118.047    -54.234     28.405
      2.482    224.167     62.059    157.959    117.979    -54.250     28.358
      2.483    224.285     62.004    157.987    117.911    -54.266     28.311
      2.484    224.403     61.950    158.016    117.843    -54.283     28.265
      2.485    224.521     61.896    158.044    117.775    -54.299     28.219
      2.486    224.639     61.841    158.072    117.707    -54.315     28.172
      2.487    224.756     61.787    158.100    117.639    -54.332     28.126
      2.488    224.874     61.733    158.128    117.571    -54.348     28.079
      2.489    224.992     61.678    158.157    117.503    -54.364     28.033
      2.490    225.109     61.624    158.185    117.435    -54.380     27.987
      2.491    225.226     61.570    158.212    117.368    -54.397     27.940
      2.492    225.344     61.515    158.240    117.300    -54.413     27.894
      2.493    225.461     61.461    158.268    117.232    -54.429     27.848
      2.494    225.578     61.406    158.296    117.164    -54.445     27.802
      2.495    225.695     61.352    158.324    117.097    -54.461     27.756
      2.496    225.812     61.297    158.352    117.029    -54.477     27.710
      2.497    225.929     61.243    158.379    116.961    -54.493     27.664
      2.498    226.046     61.188    158.407    116.894    -54.509     27.618
      2.499    226.163     61.134    158.435    116.826    -54.525     27.572
      2.500    226.280     61.079    158.462    116.758    -54.540     27.526
      2.501    226.397     61.025    158.490    116.691    -54.556     27.480
      2.502    226.513     60.970    158.517    116.623    -54.572     27.434
      2.503    226.630     60.916    158.544    116.556    -54.588     27.388
      2.504    226.747     60.861    158.572    116.488    -54.604     27.342
      2.505    226.863     60.806    158.599    116.421    -54.619     27.297
      2.506    226.979     60.752    158.626    116.354    -54.635     27.251
      2.507    227.096     60.697    158.654    116.286    -54.651     27.205
      2.508    227.212     60.643    158.681    116.219    -54.666     27.159
      2.509    227.328     60.588    158.708    116.152    -54.682     27.114
      2.510    227.444     60.533    158.735    116.084    -54.697     27.068
      2.511    227.560     60.478    158.762    116.017    -54.713     27.023
      2.512    227.676     60.424    158.789    115.950    -54.728     26.977
      2.513    227.792     60.369    158.816    115.882    -54.744     26.932
      2.514    227.908     60.314    158.843    115.815    -54.759     26.886
      2.515    228.024     60.260    158.870    115.748    -54.775     26.841
      2.516    228.140     60.205    158.897    115.681    -54.790     26.795
      2.517    228.255     60.150    158.923    115.614    -54.805     26.750
      2.518    228.371     60.095    158.950    115.547    -54.821     26.705
      2.519    228.486     60.040    158.977    115.480    -54.836     26.659
      2.520    228.602     59.985    159.003    115.413    -54.851     26.614
      2.521    228.717     59.931    159.030    115.346    -54.866     26.569
      2.522    228.832     59.876    159.057    115.279    -54.882     26.524
      2.523    228.948     59.821    159.083    115.212    -54.897     26.479
      2.524    229.063     59.766    159.110    115.145    -54.912     26.434
      2.525    229.178     59.711    159.136    115.078    -54.927     26.388
      2.526    229.293     59.656    159.162    115.011    -54.942     26.343
      2.527    229.408     59.601    159.189    114.944    -54.957     26.298
      2.528    229.523     59.546    159.215    114.877    -54.972     26.253
      2.529    229.638     59.491    159.241    114.811    -54.987     26.208
      2.530    229.752     59.436    159.267    114.744    -55.002     26.164
      2.531    229.867     59.381    159.293    114.677    -55.017     26.119
      2.532    229.982     59.326    159.320    114.610    -55.032     26.074
      2.533    230.096     59.271    159.346    114.544    -55.046     26.029
      2.534    230.211     59.216    159.372    114.477    -55.061     25.984
      2.535    230.325     59.161    159.398    114.410    -55.076     25.939
      2.536    230.440     59.106    159.424    114.344    -55.091     25.895
      2.537    230.554     59.051    159.449    114.277    -55.105     25.850
      2.538    230.668     58.996    159.475    114.211    -55.120     25.805
      2.539    230.782     58.941    159.501    114.144    -55.135     25.761
      2.540    230.897     58.885    159.527    114.078    -55.149     25.716
      2.541    231.011     58.830    159.552    114.011    -55.164     25.672
      2.542    231.125     58.775    159.578    113.945    -55.179     25.627
      2.543    231.239     58.720    159.604    113.878    -55.193     25.583
      2.544    231.352     58.665    159.629    113.812    -55.208     25.538
      2.545    231.466     58.609    159.655    113.746    -55.222     25.494
      2.546    231.580     58.554    159.680    113.679    -55.237     25.449
      2.547    231.694     58.499    159.706    113.613    -55.251     25.405
      2.548    231.807     58.444    159.731    113.547    -55.265     25.361
      2.549    231.921     58.388    159.756    113.480    -55.280     25.316
      2.550    232.034     58.333    159.782    113.414    -55.294     25.272
      2.551    232.147     58.278    159.807    113.348    -55.308     25.228
      2.552    232.261     58.223    159.832    113.282    -55.323     25.184
      2.553    232.374     58.167    159.857    113.216    -55.337     25.140
      2.554    232.487     58.112    159.882    113.150    -55.351     25.095
      2.555    232.600     58.057    159.907    113.083    -55.365     25.051
      2.556    232.713     58.001    159.933    113.017    -55.379     25.007
      2.557    232.826     57.946    159.957    112.951    -55.394     24.963
      2.558    232.939     57.890    159.982    112.885    -55.408     24.919
      2.559    233.052     57.835    160.007    112.819    -55.422     24.875
      2.560    233.165     57.780    160.032    112.753    -55.436     24.831
      2.561    233.278     57.724    160.057    112.687    -55.450     24.787
      2.562    233.390     57.669    160.082    112.621    -55.464     24.744
      2.563    233.503     57.613    160.106    112.555    -55.478     24.700
      2.564    233.615     57.558    160.131    112.490    -55.492     24.656
      2.565    233.728     57.502    160.156    112.424    -55.506     24.612
      2.566    233.840     57.447    160.180    112.358    -55.519     24.568
      2.567    233.953     57.391    160.205    112.292    -55.533     24.525
      2.568    234.065     57.336    160.229    112.226    -55.547     24.481
      2.569    234.177     57.280    160.254    112.161    -55.561     24.437
      2.570    234.289     57.224    160.278    112.095    -55.575     24.394
      2.571    234.401     57.169    160.303    112.029    -55.588     24.350
      2.572    234.513     57.113    160.327    111.964    -55.602     24.307
      2.573    234.625     57.058    160.351    111.898    -55.616     24.263
      2.574    234.737     57.002    160.376    111.832    -55.629     24.220
      2.575    234.849     56.946    160.400    111.767    -55.643     24.176
      2.576    234.961     56.891    160.424    111.701    -55.656     24.133
      2.577    235.072     56.835    160.448    111.636    -55.670     24.089
      2.578    235.184     56.779    160.472    111.570    -55.684     24.046
      2.579    235.295     56.724    160.496    111.505    -55.697     24.003
      2.580    235.407     56.668    160.520    111.439    -55.710     23.959
      2.581    235.518     56.612    160.544    111.374    -55.724     23.916
      2.582    235.630     56.557    160.568    111.308    -55.737     23.873
      2.583    235.741     56.501    160.592    111.243    -55.751     23.830
      2.584    235.852     56.445    160.616    111.178    -55.764     23.786
      2.585    235.963     56.389    160.639    111.112    -55.777     23.743
      2.586    236.074     56.334    160.663    111.047    -55.791     23.700
      2.587    236.185     56.278    160.687    110.982    -55.804     23.657
      2.588    236.296     56.222    160.710    110.916    -55.817     23.614
      2.589    236.407     56.166    160.734    110.851    -55.830     23.571
      2.590    236.518     56.110    160.758    110.786    -55.844     23.528
      2.591    236.629     56.054    160.781    110.721    -55.857     23.485
      2.592    236.739     55.999    160.804    110.656    -55.870     23.442
      2.593    236.850     55.943    160.828    110.590    -55.883     23.399
      2.594    236.961     55.887    160.851    110.525    -55.896     23.356
      2.595    237.071     55.831    160.875    110.460    -55.909     23.314
      2.596    237.181     55.775    160.898    110.395    -55.922     23.271
      2.597    237.292     55.719    160.921    110.330    -55.935     23.228
      2.598    237.402     55.663    160.944    110.265    -55.948     23.185
      2.599    237.512     55.607    160.968    110.200    -55.961     23.143
      2.600    237.623     55.551    160.991    110.135    -55.974     23.100
      2.601    237.733     55.495    161.014    110.070    -55.987     23.057
      2.602    237.843     55.439    161.037    110.005    -56.000     23.015
      2.603    237.953     55.383    161.060    109.940    -56.013     22.972
      2.604    238.063     55.327    161.083    109.876    -56.025     22.929
      2.605    238.172     55.271    161.106    109.811    -56.038     22.887
      2.606    238.282     55.215    161.128    109.746    -56.051     22.844
      2.607    238.392     55.159    161.151    109.681    -56.064     22.802
      2.608    238.502     55.103    161.174    109.616    -56.076     22.759
      2.609    238.611     55.047    161.197    109.552    -56.089     22.717
      2.610    238.721     54.991    161.220    109.487    -56.102     22.675
      2.611    238.830     54.935    161.242    109.422    -56.114     22.632
      2.612    238.939     54.879    161.265    109.358    -56.127     22.590
      2.613    239.049     54.822    161.287    109.293    -56.139     22.548
      2.614    239.158     54.766    161.310    109.228    -56.152     22.505
      2.615    239.267     54.710    161.332    109.164    -56.164     22.463
      2.616    239.376     54.654    161.355    109.099    -56.177     22.421
      2.617    239.485     54.598    161.377    109.035    -56.189     22.379
      2.618    239.594     54.542    161.400    108.970    -56.202     22.337
      2.619    239.703     54.485    161.422    108.906    -56.214     22.295
      2.620    239.812     54.429    161.444    108.841    -56.227     22.253
      2.621    239.921     54.373    161.466    108.777    -56.239     22.210
      2.622    240.030     54.317    161.489    108.712    -56.251     22.168
      2.623    240.138     54.260    161.511    108.648    -56.263     22.126
      2.624    240.247     54.204    161.533    108.583    -56.276     22.084
      2.625    240.356     54.148    161.555    108.519    -56.288     22.043
      2.626    240.464     54.092    161.577    108.455    -56.300     22.001
      2.627    240.573     54.035    161.599    108.390    -56.312     21.959
      2.628    240.681     53.979    161.621    108.326    -56.325     21.917
      2.629    240.789     53.923    161.643    108.262    -56.337     21.875
      2.630    240.897     53.866    161.665    108.198    -56.349     21.833
      2.631    241.006     53.810    161.686    108.133    -56.361     21.792
      2.632    241.114     53.754    161.708    108.069    -56.373     21.750
      2.633    241.222     53.697    161.730    108.005    -56.385     21.708
      2.634    241.330     53.641    161.752    107.941    -56.397     21.666
      2.635    241.438     53.584    161.773    107.877    -56.409     21.625
      2.636    241.545     53.528    161.795    107.813    -56.421     21.583
      2.637    241.653     53.472    161.816    107.749    -56.433     21.542
      2.638    241.761     53.415    161.838    107.685    -56.445     21.500
      2.639    241.869     53.359    161.859    107.621    -56.457     21.459
      2.640    241.976     53.302    161.881    107.557    -56.469     21.417
      2.641    242.084     53.246    161.902    107.493    -56.480     21.376
      2.642    242.191     53.189    161.924    107.429    -56.492     21.334
      2.643    242.299     53.133    161.945    107.365    -56.504     21.293
      2.644    242.406     53.076    161.966    107.301    -56.516     21.251
      2.645    242.513     53.020    161.987    107.237    -56.527     21.210
      2.646    242.620     52.963    162.009    107.173    -56.539     21.169
      2.647    242.728     52.907    162.030    107.109    -56.551     21.127
      2.648    242.835     52.850    162.051    107.046    -56.562     21.086
      2.649    242.942     52.794    162.072    106.982    -56.574     21.045
      2.650    243.049     52.737    162.093    106.918    -56.586     21.004
      2.651    243.155     52.680    162.114    106.854    -56.597     20.962
      2.652    243.262     52.624    162.135    106.791    -56.609     20.921
      2.653    243.369     52.567    162.156    106.727    -56.620     20.880
      2.654    243.476     52.511    162.177    106.663    -56.632     20.839
      2.655    243.582     52.454    162.197    106.600    -56.643     20.798
      2.656    243.689     52.397    162.218    106.536    -56.655     20.757
      2.657    243.795     52.341    162.239    106.473    -56.666     20.716
      2.658    243.902     52.284    162.260    106.409    -56.678     20.675
      2.659    244.008     52.227    162.280    106.345    -56.689     20.634
      2.660    244.115     52.171    162.301    106.282    -56.700     20.593
      2.661    244.221     52.114    162.321    106.218    -56.712     20.552
      2.662    244.327     52.057    162.342    106.155    -56.723     20.511
      2.663    244.433     52.000    162.363    106.092    -56.734     20.471
      2.664    244.539     51.944    162.383    106.028    -56.745     20.430
      2.665    244.645     51.887    162.403    105.965    -56.757     20.389
      2.666    244.751     51.830    162.424    105.901    -56.768     20.348
      2.667    244.857     51.773    162.444    105.838    -56.779     20.307
      2.668    244.963     51.717    162.464    105.775    -56.790     20.267
      2.669    245.069     51.660    162.485    105.711    -56.801     20.226
      2.670    245.174     51.603    162.505    105.648    -56.812     20.185
      2.671    245.280     51.546    162.525    105.585    -56.824     20.145
      2.672    245.385     51.489    162.545    105.522    -56.835     20.104
      2.673    245.491     51.432    162.565    105.458    -56.846     20.064
      2.674    245.596     51.376    162.585    105.395    -56.857     20.023
      2.675    245.702     51.319    162.605    105.332    -56.868     19.983
      2.676    245.807     51.262    162.625    105.269    -56.879     19.942
      2.677    245.912     51.205    162.645    105.206    -56.889     19.902
      2.678    246.017     51.148    162.665    105.143    -56.900     19.861
      2.679    246.123     51.091    162.685    105.080    -56.911     19.821
      2.680    246.228     51.034    162.705    105.017    -56.922     19.780
      2.681    246.333     50.977    162.724    104.953    -56.933     19.740
      2.682    246.437     50.920    162.744    104.890    -56.944     19.700
      2.683    246.542     50.863    162.764    104.827    -56.955     19.660
      2.684    246.647     50.806    162.783    104.765    -56.965     19.619
      2.685    246.752     50.750    162.803    104.702    -56.976     19.579
      2.686    246.857     50.693    162.823    104.639    -56.987     19.539
      2.687    246.961     50.636    162.842    104.576    -56.997     19.499
      2.688    247.066     50.579    162.862    104.513    -57.008     19.458
      2.689    247.170     50.522    162.881    104.450    -57.019     19.418
      2.690    247.275     50.465    162.900    104.387    -57.029     19.378
      2.691    247.379     50.407    162.920    104.324    -57.040     19.338
      2.692    247.483     50.350    162.939    104.262    -57.051     19.298
      2.693    247.587     50.293    162.958    104.199    -57.061     19.258
      2.694    247.692     50.236    162.978    104.136    -57.072     19.218
      2.695    247.796     50.179    162.997    104.073    -57.082     19.178
      2.696    247.900     50.122    163.016    104.011    -57.093     19.138
      2.697    248.004     50.065    163.035    103.948    -57.103     19.098
      2.698    248.108     50.008    163.054    103.885    -57.113     19.058
      2.699    248.212     49.951    163.073    103.823    -57.124     19.019
      2.700    248.315     49.894    163.092    103.760    -57.134     18.979
      2.701    248.419     49.837    163.111    103.698    -57.145     18.939
      2.702    248.523     49.779    163.130    103.635    -57.155     18.899
      2.703    248.626     49.722    163.149    103.573    -57.165     18.859
      2.704    248.730     49.665    163.168    103.510    -57.176     18.820
      2.705    248.833     49.608    163.187    103.448    -57.186     18.780
      2.706    248.937     49.551    163.205    103.385    -57.196     18.740
      2.707    249.040     49.493    163.224    103.323    -57.206     18.701
      2.708    249.143     49.436    163.243    103.260    -57.217     18.661
      2.709    249.247     49.379    163.261    103.198    -57.227     18.622
      2.710    249.350     49.322    163.280    103.135    -57.237     18.582
      2.711    249.453     49.265    163.299    103.073    -57.247     18.542
      2.712    249.556     49.207    163.317    103.011    -57.257     18.503
      2.713    249.659     49.150    163.336    102.948    -57.267     18.463
      2.714    249.762     49.093    163.354    102.886    -57.277     18.424
      2.715    249.865     49.036    163.372    102.824    -57.287     18.385
      2.716    249.967     48.978    163.391    102.762    -57.297     18.345
      2.717    250.070     48.921    163.409    102.699    -57.307     18.306
      2.718    250.173     48.864    163.427    102.637    -57.317     18.266
      2.719    250.275     48.806    163.446    102.575    -57.327     18.227
      2.720    250.378     48.749    163.464    102.513    -57.337     18.188
      2.721    250.481     48.692    163.482    102.451    -57.347     18.149
      2.722    250.583     48.634    163.500    102.389    -57.357     18.109
      2.723    250.685     48.577    163.518    102.327    -57.367     18.070
      2.724    250.788     48.520    163.536    102.265    -57.377     18.031
      2.725    250.890     48.462    163.554    102.203    -57.386     17.992
      2.726    250.992     48.405    163.572    102.141    -57.396     17.953
      2.727    251.094     48.347    163.590    102.079    -57.406     17.913
      2.728    251.196     48.290    163.608    102.017    -57.416     17.874
      2.729    251.298     48.233    163.626    101.955    -57.425     17.835
      2.730    251.400     48.175    163.644    101.893    -57.435     17.796
      2.731    251.502     48.118    163.662    101.831    -57.445     17.757
      2.732    251.604     48.060    163.679    101.769    -57.454     17.718
      2.733    251.705     48.003    163.697    101.707    -57.464     17.679
      2.734    251.807     47.945    163.715    101.645    -57.474     17.640
      2.735    251.909     47.888    163.732    101.583    -57.483     17.601
      2.736    252.010     47.830    163.750    101.521    -57.493     17.563
      2.737    252.112     47.773    163.767    101.460    -57.502     17.524
      2.738    252.213     47.715    163.785    101.398    -57.512     17.485
      2.739    252.315     47.658    163.802    101.336    -57.521     17.446
      2.740    252.416     47.600    163.820    101.275    -57.531     17.407
      2.741    252.517     47.543    163.837    101.213    -57.540     17.369
      2.742    252.618     47.485    163.855    101.151    -57.550     17.330
      2.743    252.719     47.428    163.872    101.089    -57.559     17.291
      2.744    252.820     47.370    163.889    101.028    -57.568     17.252
      2.745    252.921     47.312    163.906    100.966    -57.578     17.214
      2.746    253.022     47.255    163.924    100.905    -57.587     17.175
      2.747    253.123     47.197    163.941    100.843    -57.596     17.137
      2.748    253.224     47.140    163.958    100.782    -57.606     17.098
      2.749    253.325     47.082    163.975    100.720    -57.615     17.059
      2.750    253.426     47.024    163.992    100.659    -57.624     17.021
      2.751    253.526     46.967    164.009    100.597    -57.633     16.982
      2.752    253.627     46.909    164.026    100.536    -57.643     16.944
      2.753    253.727     46.852    164.043    100.474    -57.652     16.905
      2.754    253.828     46.794    164.060    100.413    -57.661     16.867
      2.755    253.928     46.736    164.077    100.351    -57.670     16.829
      2.756    254.028     46.679    164.093    100.290    -57.679     16.790
      2.757    254.129     46.621    164.110    100.229    -57.688     16.752
      2.758    254.229     46.563    164.127    100.167    -57.697     16.714
      2.759    254.329     46.505    164.144    100.106    -57.707     16.675
      2.760    254.429     46.448    164.160    100.045    -57.716     16.637
      2.761    254.529     46.390    164.177     99.983    -57.725     16.599
      2.762    254.629     46.332    164.193     99.922    -57.734     16.561
      2.763    254.729     46.275    164.210     99.861    -57.743     16.522
      2.764    254.829     46.217    164.226     99.800    -57.752     16.484
      2.765    254.929     46.159    164.243     99.739    -57.760     16.446
      2.766    255.028     46.101    164.259     99.677    -57.769     16.408
      2.767    255.128     46.044    164.276     99.616    -57.778     16.370
      2.768    255.227     45.986    164.292     99.555    -57.787     16.332
      2.769    255.327     45.928    164.308     99.494    -57.796     16.294
      2.770    255.426     45.870    164.325     99.433    -57.805     16.256
      2.771    255.526     45.812    164.341     99.372    -57.814     16.218
      2.772    255.625     45.755    164.357     99.311    -57.822     16.180
      2.773    255.724     45.697    164.373     99.250    -57.831     16.142
      2.774    255.824     45.639    164.389     99.189    -57.840     16.104
      2.775    255.923     45.581    164.405     99.128    -57.849     16.066
      2.776    256.022     45.523    164.422     99.067    -57.857     16.028
      2.777    256.121     45.465    164.438     99.006    -57.866     15.990
      2.778    256.220     45.407    164.453     98.945    -57.875     15.952
      2.779    256.319     45.350    164.469     98.884    -57.883     15.914
      2.780    256.418     45.292    164.485     98.823    -57.892     15.877
      2.781    256.517     45.234    164.501     98.762    -57.900     15.839
      2.782    256.615     45.176    164.517     98.702    -57.909     15.801
      2.783    256.714     45.118    164.533     98.641    -57.917     15.763
      2.784    256.813     45.060    164.549     98.580    -57.926     15.726
      2.785    256.911     45.002    164.564     98.519    -57.935     15.688
      2.786    257.010     44.944    164.580     98.459    -57.943     15.650
      2.787    257.108     44.886    164.596     98.398    -57.951     15.613
      2.788    257.206     44.828    164.611     98.337    -57.960     15.575
      2.789    257.305     44.770    164.627     98.276    -57.968     15.538
      2.790    257.403     44.712    164.642     98.216    -57.977     15.500
      2.791    257.501     44.654    164.658     98.155    -57.985     15.463
      2.792    257.599     44.596    164.673     98.095    -57.993     15.425
      2.793    257.697     44.538    164.689     98.034    -58.002     15.388
      2.794    257.795     44.480    164.704     97.973    -58.010     15.350
      2.795    257.893     44.422    164.719     97.913    -58.018     15.313
      2.796    257.991     44.364    164.735     97.852    -58.027     15.275
      2.797    258.089     44.306    164.750     97.792    -58.035     15.238
      2.798    258.187     44.248    164.765     97.731    -58.043     15.201
      2.799    258.284     44.190    164.780     97.671    -58.051     15.163
      2.800    258.382     44.132    164.795     97.610    -58.060     15.126
      2.801    258.480     44.074    164.810     97.550    -58.068     15.089
      2.802    258.577     44.016    164.826     97.489    -58.076     15.051
      2.803    258.675     43.958    164.841     97.429    -58.084     15.014
      2.804    258.772     43.900    164.856     97.369    -58.092     14.977
      2.805    258.869     43.842    164.871     97.308    -58.100     14.940
      2.806    258.967     43.784    164.885     97.248    -58.108     14.903
      2.807    259.064     43.726    164.900     97.188    -58.116     14.866
      2.808    259.161     43.667    164.915     97.127    -58.124     14.828
      2.809    259.258     43.609    164.930     97.067    -58.132     14.791
      2.810    259.355     43.551    164.945     97.007    -58.140     14.754
      2.811    259.452     43.493    164.959     96.947    -58.148     14.717
      2.812    259.549     43.435    164.974     96.886    -58.156     14.680
      2.813    259.646     43.377    164.989     96.826    -58.164     14.643
      2.814    259.743     43.319    165.003     96.766    -58.172     14.606
      2.815    259.839     43.260    165.018     96.706    -58.180     14.569
      2.816    259.936     43.202    165.033     96.646    -58.188     14.532
      2.817    260.033     43.144    165.047     96.586    -58.196     14.495
      2.818    260.129     43.086    165.062     96.526    -58.204     14.459
      2.819    260.226     43.028    165.076     96.465    -58.212     14.422
      2.820    260.322     42.969    165.090     96.405    -58.219     14.385
      2.821    260.419     42.911    165.105     96.345    -58.227     14.348
      2.822    260.515     42.853    165.119     96.285    -58.235     14.311
      2.823    260.611     42.795    165.133     96.225    -58.243     14.274
      2.824    260.707     42.736    165.148     96.165    -58.250     14.238
      2.825    260.803     42.678    165.162     96.105    -58.258     14.201
      2.826    260.900     42.620    165.176     96.045    -58.266     14.164
      2.827    260.996     42.562    165.190     95.986    -58.273     14.128
      2.828    261.092     42.503    165.204     95.926    -58.281     14.091
      2.829    261.187     42.445    165.218     95.866    -58.289     14.054
      2.830    261.283     42.387    165.232     95.806    -58.296     14.018
      2.831    261.379     42.328    165.246     95.746    -58.304     13.981
      2.832    261.475     42.270    165.260     95.686    -58.311     13.945
      2.833    261.570     42.212    165.274     95.626    -58.319     13.908
      2.834    261.666     42.154    165.288     95.567    -58.326     13.872
      2.835    261.762     42.095    165.302     95.507    -58.334     13.835
      2.836    261.857     42.037    165.316     95.447    -58.341     13.799
      2.837    261.952     41.979    165.330     95.387    -58.349     13.762
      2.838    262.048     41.920    165.343     95.328    -58.356     13.726
      2.839    262.143     41.862    165.357     95.268    -58.364     13.689
      2.840    262.238     41.803    165.371     95.208    -58.371     13.653
      2.841    262.334     41.745    165.384     95.149    -58.378     13.617
      2.842    262.429     41.687    165.398     95.089    -58.386     13.580
      2.843    262.524     41.628    165.412     95.030    -58.393     13.544
      2.844    262.619     41.570    165.425     94.970    -58.400     13.508
      2.845    262.714     41.512    165.439     94.910    -58.408     13.471
      2.846    262.809     41.453    165.452     94.851    -58.415     13.435
      2.847    262.903     41.395    165.465     94.791    -58.422     13.399
      2.848    262.998     41.336    165.479     94.732    -58.430     13.363
      2.849    263.093     41.278    165.492     94.672    -58.437     13.327
      2.850    263.187     41.219    165.506     94.613    -58.444     13.290
      2.851    263.282     41.161    165.519     94.553    -58.451     13.254
      2.852    263.377     41.102    165.532     94.494    -58.458     13.218
      2.853    263.471     41.044    165.545     94.435    -58.466     13.182
      2.854    263.565     40.986    165.558     94.375    -58.473     13.146
      2.855    263.660     40.927    165.572     94.316    -58.480     13.110
      2.856    263.754     40.869    165.585     94.257    -58.487     13.074
      2.857    263.848     40.810    165.598     94.197    -58.494     13.038
      2.858    263.942     40.752    165.611     94.138    -58.501     13.002
      2.859    264.037     40.693    165.624     94.079    -58.508     12.966
      2.860    264.131     40.635    165.637     94.019    -58.515     12.930
      2.861    264.225     40.576    165.650     93.960    -58.522     12.894
      2.862    264.319     40.518    165.662     93.901    -58.529     12.858
      2.863    264.412     40.459    165.675     93.842    -58.536     12.822
      2.864    264.506     40.400    165.688     93.782    -58.543     12.787
      2.865    264.600     40.342    165.701     93.723    -58.550     12.751
      2.866    264.694     40.283    165.714     93.664    -58.557     12.715
      2.867    264.787     40.225    165.726     93.605    -58.564     12.679
      2.868    264.881     40.166    165.739     93.546    -58.571     12.643
      2.869    264.974     40.108    165.752     93.487    -58.577     12.608
      2.870    265.068     40.049    165.764     93.428    -58.584     12.572
      2.871    265.161     39.990    165.777     93.369    -58.591     12.536
      2.872    265.255     39.932    165.789     93.310    -58.598     12.501
      2.873    265.348     39.873    165.802     93.251    -58.605     12.465
      2.874    265.441     39.815    165.814     93.192    -58.611     12.429
      2.875    265.534     39.756    165.827     93.133    -58.618     12.394
      2.876    265.627     39.697    165.839     93.074    -58.625     12.358
      2.877    265.720     39.639    165.851     93.015    -58.632     12.323
      2.878    265.813     39.580    165.864     92.956    -58.638     12.287
      2.879    265.906     39.522    165.876     92.897    -58.645     12.252
      2.880    265.999     39.463    165.888     92.838    -58.652     12.216
      2.881    266.092     39.404    165.900     92.779    -58.658     12.181
      2.882    266.185     39.346    165.912     92.720    -58.665     12.145
      2.883    266.277     39.287    165.925     92.661    -58.671     12.110
      2.884    266.370     39.228    165.937     92.603    -58.678     12.074
      2.885    266.463     39.170    165.949     92.544    -58.685     12.039
      2.886    266.555     39.111    165.961     92.485    -58.691     12.004
      2.887    266.648     39.052    165.973     92.426    -58.698     11.968
      2.888    266.740     38.993    165.985     92.367    -58.704     11.933
      2.889    266.832     38.935    165.997     92.309    -58.711     11.898
      2.890    266.925     38.876    166.008     92.250    -58.717     11.862
      2.891    267.017     38.817    166.020     92.191    -58.724     11.827
      2.892    267.109     38.759    166.032     92.133    -58.730     11.792
      2.893    267.201     38.700    166.044     92.074    -58.736     11.757
      2.894    267.293     38.641    166.056     92.015    -58.743     11.721
      2.895    267.385     38.582    166.067     91.957    -58.749     11.686
      2.896    267.477     38.524    166.079     91.898    -58.756     11.651
      2.897    267.569     38.465    166.091     91.840    -58.762     11.616
      2.898    267.661     38.406    166.102     91.781    -58.768     11.581
      2.899    267.752     38.347    166.114     91.722    -58.774     11.546
      2.900    267.844     38.289    166.125     91.664    -58.781     11.511
      2.901    267.936     38.230    166.137     91.605    -58.787     11.476
      2.902    268.027     38.171    166.148     91.547    -58.793     11.441
      2.903    268.119     38.112    166.160     91.489    -58.800     11.406
      2.904    268.210     38.053    166.171     91.430    -58.806     11.371
      2.905    268.302     37.995    166.182     91.372    -58.812     11.336
      2.906    268.393     37.936    166.194     91.313    -58.818     11.301
      2.907    268.484     37.877    166.205     91.255    -58.824     11.266
      2.908    268.576     37.818    166.216     91.196    -58.830     11.231
      2.909    268.667     37.759    166.227     91.138    -58.837     11.196
      2.910    268.758     37.700    166.239     91.080    -58.843     11.161
      2.911    268.849     37.642    166.250     91.021    -58.849     11.126
      2.912    268.940     37.583    166.261     90.963    -58.855     11.092
      2.913    269.031     37.524    166.272     90.905    -58.861     11.057
      2.914    269.122     37.465    166.283     90.847    -58.867     11.022
      2.915    269.213     37.406    166.294     90.788    -58.873     10.987
      2.916    269.303     37.347    166.305     90.730    -58.879     10.952
      2.917    269.394     37.288    166.316     90.672    -58.885     10.918
      2.918    269.485     37.230    166.327     90.614    -58.891     10.883
      2.919    269.575     37.171    166.338     90.556    -58.897     10.848
      2.920    269.666     37.112    166.349     90.497    -58.903     10.814
      2.921    269.756     37.053    166.359     90.439    -58.909     10.779
      2.922    269.847     36.994    166.370     90.381    -58.915     10.745
      2.923    269.937     36.935    166.381     90.323    -58.920     10.710
      2.924    270.027     36.876    166.392     90.265    -58.926     10.675
      2.925    270.118     36.817    166.402     90.207    -58.932     10.641
      2.926    270.208     36.758    166.413     90.149    -58.938     10.606
      2.927    270.298     36.699    166.423     90.091    -58.944     10.572
      2.928    270.388     36.640    166.434     90.033    -58.950     10.537
      2.929    270.478     36.581    166.444     89.975    -58.955     10.503
      2.930    270.568     36.522    166.455     89.917    -58.961     10.468
      2.931    270.658     36.463    166.465     89.859    -58.967     10.434
      2.932    270.748     36.404    166.476     89.801    -58.973     10.400
      2.933    270.837     36.345    166.486     89.743    -58.978     10.365
      2.934    270.927     36.287    166.497     89.685    -58.984     10.331
      2.935    271.017     36.228    166.507     89.627    -58.990     10.296
      2.936    271.106     36.169    166.517     89.569    -58.995     10.262
      2.937    271.196     36.110    166.527     89.512    -59.001     10.228
      2.938    271.285     36.051    166.538     89.454    -59.007     10.194
      2.939    271.375     35.992    166.548     89.396    -59.012     10.159
      2.940    271.464     35.932    166.558     89.338    -59.018     10.125
      2.941    271.553     35.873    166.568     89.280    -59.023     10.091
      2.942    271.643     35.814    166.578     89.223    -59.029     10.057
      2.943    271.732     35.755    166.588     89.165    -59.034     10.022
      2.944    271.821     35.696    166.598     89.107    -59.040      9.988
      2.945    271.910     35.637    166.608     89.049    -59.046      9.954
      2.946    271.999     35.578    166.618     88.992    -59.051      9.920
      2.947    272.088     35.519    166.628     88.934    -59.056      9.886
      2.948    272.177     35.460    166.638     88.876    -59.062      9.852
      2.949    272.266     35.401    166.648     88.819    -59.067      9.818
      2.950    272.355     35.342    166.657     88.761    -59.073      9.784
      2.951    272.443     35.283    166.667     88.703    -59.078      9.750
      2.952    272.532     35.224    166.677     88.646    -59.084      9.716
      2.953    272.621     35.165    166.687     88.588    -59.089      9.682
      2.954    272.709     35.106    166.696     88.531    -59.094      9.648
      2.955    272.798     35.047    166.706     88.473    -59.100      9.614
      2.956    272.886     34.988    166.716     88.416    -59.105      9.580
      2.957    272.975     34.928    166.725     88.358    -59.110      9.546
      2.958    273.063     34.869    166.735     88.301    -59.116      9.512
      2.959    273.151     34.810    166.744     88.243    -59.121      9.478
      2.960    273.239     34.751    166.754     88.186    -59.126      9.444
      2.961    273.327     34.692    166.763     88.128    -59.131      9.411
      2.962    273.416     34.633    166.772     88.071    -59.137      9.377
      2.963    273.504     34.574    166.782     88.014    -59.142      9.343
      2.964    273.592     34.514    166.791     87.956    -59.147      9.309
      2.965    273.680     34.455    166.800     87.899    -59.152      9.276
      2.966    273.767     34.396    166.810     87.842    -59.157      9.242
      2.967    273.855     34.337    166.819     87.784    -59.162      9.208
      2.968    273.943     34.278    166.828     87.727    -59.167      9.174
      2.969    274.031     34.219    166.837     87.670    -59.173      9.141
      2.970    274.118     34.160    166.846     87.612    -59.178      9.107
      2.971    274.206     34.100    166.855     87.555    -59.183      9.073
      2.972    274.293     34.041    166.865     87.498    -59.188      9.040
      2.973    274.381     33.982    166.874     87.441    -59.193      9.006
      2.974    274.468     33.923    166.883     87.383    -59.198      8.973
      2.975    274.556     33.864    166.891     87.326    -59.203      8.939
      2.976    274.643     33.804    166.900     87.269    -59.208      8.906
      2.977    274.730     33.745    166.909     87.212    -59.213      8.872
      2.978    274.817     33.686    166.918     87.155    -59.218      8.839
      2.979    274.905     33.627    166.927     87.098    -59.223      8.805
      2.980    274.992     33.567    166.936     87.041    -59.228      8.772
      2.981    275.079     33.508    166.945     86.983    -59.233      8.738
      2.982    275.166     33.449    166.953     86.926    -59.237      8.705
      2.983    275.252     33.390    166.962     86.869    -59.242      8.671
      2.984    275.339     33.331    166.971     86.812    -59.247      8.638
      2.985    275.426     33.271    166.979     86.755    -59.252      8.605
      2.986    275.513     33.212    166.988     86.698    -59.257      8.571
      2.987    275.599     33.153    166.996     86.641    -59.262      8.538
      2.988    275.686     33.094    167.005     86.584    -59.266      8.505
      2.989    275.773     33.034    167.013     86.527    -59.271      8.472
      2.990    275.859     32.975    167.022     86.470    -59.276      8.438
      2.991    275.946     32.916    167.030     86.414    -59.281      8.405
      2.992    276.032     32.856    167.039     86.357    -59.285      8.372
      2.993    276.118     32.797    167.047     86.300    -59.290      8.339
      2.994    276.205     32.738    167.055     86.243    -59.295      8.305
      2.995    276.291     32.679    167.064     86.186    -59.300      8.272
      2.996    276.377     32.619    167.072     86.129    -59.304      8.239
      2.997    276.463     32.560    167.080     86.072    -59.309      8.206
      2.998    276.549     32.501    167.088     86.016    -59.314      8.173
      2.999    276.635     32.441    167.096     85.959    -59.318      8.140
      3.000    276.721     32.382    167.105     85.902    -59.323      8.107
      3.001    276.807     32.323    167.113     85.845    -59.327      8.074
      3.002    276.893     32.263    167.121     85.789    -59.332      8.041
      3.003    276.978     32.204    167.129     85.732    -59.336      8.008
      3.004    277.064     32.145    167.137     85.675    -59.341      7.975
      3.005    277.150     32.085    167.145     85.618    -59.346      7.942
      3.006    277.235     32.026    167.153     85.562    -59.350      7.909
      3.007    277.321     31.967    167.160     85.505    -59.355      7.876
      3.008    277.406     31.907    167.168     85.449    -59.359      7.843
      3.009    277.492     31.848    167.176     85.392    -59.363      7.810
      3.010    277.577     31.789    167.184     85.335    -59.368      7.777
      3.011    277.662     31.729    167.192     85.279    -59.372      7.744
      3.012    277.748     31.670    167.199     85.222    -59.377      7.711
      3.013    277.833     31.610    167.207     85.166    -59.381      7.679
      3.014    277.918     31.551    167.215     85.109    -59.386      7.646
      3.015    278.003     31.492    167.222     85.053    -59.390      7.613
      3.016    278.088     31.432    167.230     84.996    -59.394      7.580
      3.017    278.173     31.373    167.238     84.940    -59.399      7.547
      3.018    278.258     31.313    167.245     84.883    -59.403      7.515
      3.019    278.343     31.254    167.253     84.827    -59.407      7.482
      3.020    278.428     31.195    167.260     84.770    -59.412      7.449
      3.021    278.512     31.135    167.267     84.714    -59.416      7.417
      3.022    278.597     31.076    167.275     84.657    -59.420      7.384
      3.023    278.682     31.016    167.282     84.601    -59.424      7.351
      3.024    278.766     30.957    167.290     84.545    -59.429      7.319
      3.025    278.851     30.898    167.297     84.488    -59.433      7.286
      3.026    278.935     30.838    167.304     84.432    -59.437      7.253
      3.027    279.020     30.779    167.311     84.376    -59.441      7.221
      3.028    279.104     30.719    167.319     84.319    -59.445      7.188
      3.029    279.188     30.660    167.326     84.263    -59.449      7.156
      3.030    279.273     30.600    167.333     84.207    -59.454      7.123
      3.031    279.357     30.541    167.340     84.151    -59.458      7.091
      3.032    279.441     30.481    167.347     84.094    -59.462      7.058
      3.033    279.525     30.422    167.354     84.038    -59.466      7.026
      3.034    279.609     30.362    167.361     83.982    -59.470      6.993
      3.035    279.693     30.303    167.368     83.926    -59.474      6.961
      3.036    279.777     30.244    167.375     83.870    -59.478      6.929
      3.037    279.861     30.184    167.382     83.813    -59.482      6.896
      3.038    279.944     30.125    167.389     83.757    -59.486      6.864
      3.039    280.028     30.065    167.396     83.701    -59.490      6.832
      3.040    280.112     30.006    167.403     83.645    -59.494      6.799
      3.041    280.195     29.946    167.409     83.589    -59.498      6.767
      3.042    280.279     29.887    167.416     83.533    -59.502      6.735
      3.043    280.363     29.827    167.423     83.477    -59.506      6.702
      3.044    280.446     29.768    167.429     83.421    -59.510      6.670
      3.045    280.529     29.708    167.436     83.365    -59.514      6.638
      3.046    280.613     29.649    167.443     83.309    -59.518      6.606
      3.047    280.696     29.589    167.449     83.253    -59.522      6.573
      3.048    280.779     29.529    167.456     83.197    -59.525      6.541
      3.049    280.862     29.470    167.462     83.141    -59.529      6.509
      3.050    280.945     29.410    167.469     83.085    -59.533      6.477
      3.051    281.029     29.351    167.475     83.029    -59.537      6.445
      3.052    281.112     29.291    167.482     82.973    -59.541      6.413
      3.053    281.195     29.232    167.488     82.917    -59.545      6.381
      3.054    281.277     29.172    167.495     82.861    -59.548      6.348
      3.055    281.360     29.113    167.501     82.805    -59.552      6.316
      3.056    281.443     29.053    167.507     82.749    -59.556      6.284
      3.057    281.526     28.994    167.513     82.694    -59.560      6.252
      3.058    281.608     28.934    167.520     82.638    -59.563      6.220
      3.059    281.691     28.874    167.526     82.582    -59.567      6.188
      3.060    281.774     28.815    167.532     82.526    -59.571      6.156
      3.061    281.856     28.755    167.538     82.470    -59.574      6.124
      3.062    281.938     28.696    167.544     82.415    -59.578      6.092
      3.063    282.021     28.636    167.550     82.359    -59.582      6.061
      3.064    282.103     28.577    167.556     82.303    -59.585      6.029
      3.065    282.185     28.517    167.562     82.247    -59.589      5.997
      3.066    282.268     28.457    167.568     82.192    -59.592      5.965
      3.067    282.350     28.398    167.574     82.136    -59.596      5.933
      3.068    282.432     28.338    167.580     82.080    -59.600      5.901
      3.069    282.514     28.279    167.586     82.025    -59.603      5.869
      3.070    282.596     28.219    167.592     81.969    -59.607      5.838
      3.071    282.678     28.159    167.598     81.913    -59.610      5.806
      3.072    282.760     28.100    167.604     81.858    -59.614      5.774
      3.073    282.842     28.040    167.609     81.802    -59.617      5.742
      3.074    282.923     27.981    167.615     81.747    -59.621      5.711
      3.075    283.005     27.921    167.621     81.691    -59.624      5.679
      3.076    283.087     27.861    167.627     81.636    -59.628      5.647
      3.077    283.168     27.802    167.632     81.580    -59.631      5.616
      3.078    283.250     27.742    167.638     81.525    -59.635      5.584
      3.079    283.331     27.682    167.643     81.469    -59.638      5.552
      3.080    283.413     27.623    167.649     81.414    -59.641      5.521
      3.081    283.494     27.563    167.654     81.358    -59.645      5.489
      3.082    283.576     27.503    167.660     81.303    -59.648      5.457
      3.083    283.657     27.444    167.665     81.247    -59.651      5.426
      3.084    283.738     27.384    167.671     81.192    -59.655      5.394
      3.085    283.819     27.325    167.676     81.136    -59.658      5.363
      3.086    283.900     27.265    167.681     81.081    -59.661      5.331
      3.087    283.981     27.205    167.687     81.026    -59.665      5.300
      3.088    284.062     27.146    167.692     80.970    -59.668      5.268
      3.089    284.143     27.086    167.697     80.915    -59.671      5.237
      3.090    284.224     27.026    167.702     80.860    -59.674      5.205
      3.091    284.305     26.967    167.708     80.804    -59.678      5.174
      3.092    284.386     26.907    167.713     80.749    -59.681      5.143
      3.093    284.467     26.847    167.718     80.694    -59.684      5.111
      3.094    284.547     26.787    167.723     80.638    -59.687      5.080
      3.095    284.628     26.728    167.728     80.583    -59.690      5.048
      3.096    284.708     26.668    167.733     80.528    -59.694      5.017
      3.097    284.789     26.608    167.738     80.473    -59.697      4.986
      3.098    284.869     26.549    167.743     80.418    -59.700      4.954
      3.099    284.950     26.489    167.748     80.362    -59.703      4.923
      3.100    285.030     26.429    167.753     80.307    -59.706      4.892
      3.101    285.110     26.370    167.758     80.252    -59.709      4.861
      3.102    285.191     26.310    167.763     80.197    -59.712      4.829
      3.103    285.271     26.250    167.767     80.142    -59.715      4.798
      3.104    285.351     26.190    167.772     80.087    -59.718      4.767
      3.105    285.431     26.131    167.777     80.032    -59.722      4.736
      3.106    285.511     26.071    167.782     79.976    -59.725      4.705
      3.107    285.591     26.011    167.786     79.921    -59.728      4.673
      3.108    285.671     25.952    167.791     79.866    -59.731      4.642
      3.109    285.751     25.892    167.796     79.811    -59.734      4.611
      3.110    285.830     25.832    167.800     79.756    -59.736      4.580
      3.111    285.910     25.772    167.805     79.701    -59.739      4.549
      3.112    285.990     25.713    167.809     79.646    -59.742      4.518
      3.113    286.069     25.653    167.814     79.591    -59.745      4.487
      3.114    286.149     25.593    167.818     79.536    -59.748      4.456
      3.115    286.229     25.533    167.823     79.481    -59.751      4.425
      3.116    286.308     25.474    167.827     79.426    -59.754      4.394
      3.117    286.387     25.414    167.832     79.371    -59.757      4.363
      3.118    286.467     25.354    167.836     79.317    -59.760      4.332
      3.119    286.546     25.294    167.840     79.262    -59.763      4.301
      3.120    286.625     25.235    167.845     79.207    -59.765      4.270
      3.121    286.704     25.175    167.849     79.152    -59.768      4.239
      3.122    286.784     25.115    167.853     79.097    -59.771      4.208
      3.123    286.863     25.055    167.857     79.042    -59.774      4.177
      3.124    286.942     24.995    167.861     78.987    -59.777      4.146
      3.125    287.021     24.936    167.866     78.933    -59.779      4.115
      3.126    287.100     24.876    167.870     78.878    -59.782      4.085
      3.127    287.178     24.816    167.874     78.823    -59.785      4.054
      3.128    287.257     24.756    167.878     78.768    -59.787      4.023
      3.129    287.336     24.697    167.882     78.714    -59.790      3.992
      3.130    287.415     24.637    167.886     78.659    -59.793      3.961
      3.131    287.493     24.577    167.890     78.604    -59.796      3.931
      3.132    287.572     24.517    167.894     78.549    -59.798      3.900
      3.133    287.650     24.457    167.897     78.495    -59.801      3.869
      3.134    287.729     24.398    167.901     78.440    -59.804      3.838
      3.135    287.807     24.338    167.905     78.385    -59.806      3.808
      3.136    287.886     24.278    167.909     78.331    -59.809      3.777
      3.137    287.964     24.218    167.913     78.276    -59.811      3.746
      3.138    288.042     24.158    167.916     78.222    -59.814      3.716
      3.139    288.120     24.099    167.920     78.167    -59.816      3.685
      3.140    288.198     24.039    167.924     78.112    -59.819      3.654
      3.141    288.277     23.979    167.927     78.058    -59.822      3.624
      3.142    288.355     23.919    167.931     78.003    -59.824      3.593
      3.143    288.433     23.859    167.935     77.949    -59.827      3.563
      3.144    288.510     23.799    167.938     77.894    -59.829      3.532
      3.145    288.588     23.740    167.942     77.840    -59.832      3.502
      3.146    288.666     23.680    167.945     77.785    -59.834      3.471
      3.147    288.744     23.620    167.949     77.731    -59.837      3.441
      3.148    288.822     23.560    167.952     77.676    -59.839      3.410
      3.149    288.899     23.500    167.955     77.622    -59.841      3.380
      3.150    288.977     23.440    167.959     77.567    -59.844      3.349
      3.151    289.054     23.381    167.962     77.513    -59.846      3.319
      3.152    289.132     23.321    167.965     77.459    -59.849      3.288
      3.153    289.209     23.261    167.969     77.404    -59.851      3.258
      3.154    289.287     23.201    167.972     77.350    -59.853      3.228
      3.155    289.364     23.141    167.975     77.295    -59.856      3.197
      3.156    289.441     23.081    167.978     77.241    -59.858      3.167
      3.157    289.518     23.021    167.982     77.187    -59.860      3.137
      3.158    289.596     22.962    167.985     77.132    -59.863      3.106
      3.159    289.673     22.902    167.988     77.078    -59.865      3.076
      3.160    289.750     22.842    167.991     77.024    -59.867      3.046
      3.161    289.827     22.782    167.994     76.969    -59.870      3.015
      3.162    289.904     22.722    167.997     76.915    -59.872      2.985
      3.163    289.981     22.662    168.000     76.861    -59.874      2.955
      3.164    290.057     22.602    168.003     76.807    -59.876      2.925
      3.165    290.134     22.542    168.006     76.753    -59.879      2.894
      3.166    290.211     22.483    168.009     76.698    -59.881      2.864
      3.167    290.288     22.423    168.011     76.644    -59.883      2.834
      3.168    290.364     22.363    168.014     76.590    -59.885      2.804
      3.169    290.441     22.303    168.017     76.536    -59.887      2.774
      3.170    290.517     22.243    168.020     76.482    -59.889      2.744
      3.171    290.594     22.183    168.022     76.427    -59.892      2.713
      3.172    290.670     22.123    168.025     76.373    -59.894      2.683
      3.173    290.747     22.063    168.028     76.319    -59.896      2.653
      3.174    290.823     22.003    168.030     76.265    -59.898      2.623
      3.175    290.899     21.944    168.033     76.211    -59.900      2.593
      3.176    290.975     21.884    168.036     76.157    -59.902      2.563
      3.177    291.051     21.824    168.038     76.103    -59.904      2.533
      3.178    291.127     21.764    168.041     76.049    -59.906      2.503
      3.179    291.203     21.704    168.043     75.995    -59.908      2.473
      3.180    291.279     21.644    168.046     75.941    -59.910      2.443
      3.181    291.355     21.584    168.048     75.887    -59.912      2.413
      3.182    291.431     21.524    168.050     75.833    -59.914      2.383
      3.183    291.507     21.464    168.053     75.779    -59.916      2.353
      3.184    291.583     21.404    168.055     75.725    -59.918      2.323
      3.185    291.658     21.344    168.057     75.671    -59.920      2.294
      3.186    291.734     21.285    168.060     75.617    -59.922      2.264
      3.187    291.810     21.225    168.062     75.563    -59.924      2.234
      3.188    291.885     21.165    168.064     75.509    -59.926      2.204
      3.189    291.961     21.105    168.066     75.455    -59.928      2.174
      3.190    292.036     21.045    168.069     75.402    -59.930      2.144
      3.191    292.112     20.985    168.071     75.348    -59.932      2.114
      3.192    292.187     20.925    168.073     75.294    -59.933      2.085
      3.193    292.262     20.865    168.075     75.240    -59.935      2.055
      3.194    292.337     20.805    168.077     75.186    -59.937      2.025
      3.195    292.412     20.745    168.079     75.132    -59.939      1.995
      3.196    292.488     20.685    168.081     75.079    -59.941      1.966
      3.197    292.563     20.625    168.083     75.025    -59.943      1.936
      3.198    292.638     20.565    168.085     74.971    -59.944      1.906
      3.199    292.713     20.505    168.087     74.917    -59.946      1.877
      3.200    292.787     20.445    168.089     74.864    -59.948      1.847
      3.201    292.862     20.386    168.090     74.810    -59.950      1.817
      3.202    292.937     20.326    168.092     74.756    -59.951      1.788
      3.203    293.012     20.266    168.094     74.702    -59.953      1.758
      3.204    293.086     20.206    168.096     74.649    -59.955      1.728
      3.205    293.161     20.146    168.097     74.595    -59.957      1.699
      3.206    293.236     20.086    168.099     74.541    -59.958      1.669
      3.207    293.310     20.026    168.101     74.488    -59.960      1.640
      3.208    293.385     19.966    168.102     74.434    -59.962      1.610
      3.209    293.459     19.906    168.104     74.381    -59.963      1.581
      3.210    293.533     19.846    168.106     74.327    -59.965      1.551
      3.211    293.608     19.786    168.107     74.273    -59.967      1.522
      3.212    293.682     19.726    168.109     74.220    -59.968      1.492
      3.213    293.756     19.666    168.110     74.166    -59.970      1.463
      3.214    293.830     19.606    168.112     74.113    -59.971      1.433
      3.215    293.904     19.546    168.113     74.059    -59.973      1.404
      3.216    293.978     19.486    168.114     74.006    -59.974      1.374
      3.217    294.052     19.426    168.116     73.952    -59.976      1.345
      3.218    294.126     19.366    168.117     73.899    -59.978      1.316
      3.219    294.200     19.306    168.118     73.845    -59.979      1.286
      3.220    294.274     19.246    168.120     73.792    -59.981      1.257
      3.221    294.348     19.186    168.121     73.738    -59.982      1.228
      3.222    294.421     19.126    168.122     73.685    -59.984      1.198
      3.223    294.495     19.066    168.123     73.631    -59.985      1.169
      3.224    294.569     19.006    168.124     73.578    -59.987      1.140
      3.225    294.642     18.946    168.125     73.525    -59.988      1.110
      3.226    294.716     18.886    168.127     73.471    -59.989      1.081
      3.227    294.789     18.826    168.128     73.418    -59.991      1.052
      3.228    294.863     18.766    168.129     73.364    -59.992      1.023
      3.229    294.936     18.706    168.130     73.311    -59.994      0.993
      3.230    295.009     18.646    168.131     73.258    -59.995      0.964
      3.231    295.082     18.586    168.132     73.204    -59.996      0.935
      3.232    295.156     18.526    168.133     73.151    -59.998      0.906
      3.233    295.229     18.466    168.133     73.098    -59.999      0.877
      3.234    295.302     18.406    168.134     73.045    -60.000      0.847
      3.235    295.375     18.346    168.135     72.991    -60.002      0.818
      3.236    295.448     18.286    168.136     72.938    -60.003      0.789
      3.237    295.521     18.226    168.137     72.885    -60.004      0.760
      3.238    295.594     18.166    168.137     72.832    -60.006      0.731
      3.239    295.666     18.106    168.138     72.778    -60.007      0.702
      3.240    295.739     18.046    168.139     72.725    -60.008      0.673
      3.241    295.812     17.986    168.140     72.672    -60.010      0.644
      3.242    295.885     17.926    168.140     72.619    -60.011      0.615
      3.243    295.957     17.866    168.141     72.566    -60.012      0.586
      3.244    296.030     17.806    168.141     72.513    -60.013      0.557
      3.245    296.102     17.746    168.142     72.459    -60.014      0.528
      3.246    296.175     17.686    168.142     72.406    -60.016      0.499
      3.247    296.247     17.626    168.143     72.353    -60.017      0.470
      3.248    296.319     17.566    168.143     72.300    -60.018      0.441
      3.249    296.392     17.506    168.144     72.247    -60.019      0.412
      3.250    296.464     17.446    168.144     72.194    -60.020      0.383
      3.251    296.536     17.386    168.145     72.141    -60.021      0.354
      3.252    296.608     17.326    168.145     72.088    -60.022      0.325
      3.253    296.680     17.266    168.145     72.035    -60.024      0.296
      3.254    296.752     17.206    168.145     71.982    -60.025      0.268
      3.255    296.824     17.146    168.146     71.929    -60.026      0.239
      3.256    296.896     17.086    168.146     71.876    -60.027      0.210
      3.257    296.968     17.026    168.146     71.823    -60.028      0.181
      3.258    297.040     16.966    168.146     71.770    -60.029      0.152
      3.259    297.111     16.906    168.146     71.717    -60.030      0.123
      3.260    297.183     16.846    168.147     71.664    -60.031      0.095
      3.261    297.255     16.786    168.147     71.611    -60.032      0.066
      3.262    297.326     16.726    168.147     71.558    -60.033      0.037
      3.263    297.398     16.666    168.147     71.505    -60.034      0.008
      3.264    297.469     16.606    168.147     71.452    -60.035     -0.020
      3.265    297.541     16.546    168.147     71.400    -60.036     -0.049
      3.266    297.612     16.486    168.147     71.347    -60.037     -0.078
      3.267    297.683     16.426    168.146     71.294    -60.038     -0.106
      3.268    297.755     16.366    168.146     71.241    -60.039     -0.135
      3.269    297.826     16.306    168.146     71.188    -60.040     -0.164
      3.270    297.897     16.246    168.146     71.135    -60.041     -0.192
      3.271    297.968     16.185    168.146     71.083    -60.041     -0.221
      3.272    298.039     16.125    168.146     71.030    -60.042     -0.249
      3.273    298.110     16.065    168.145     70.977    -60.043     -0.278
      3.274    298.181     16.005    168.145     70.924    -60.044     -0.307
      3.275    298.252     15.945    168.145     70.872    -60.045     -0.335
      3.276    298.323     15.885    168.144     70.819    -60.046     -0.364
      3.277    298.394     15.825    168.144     70.766    -60.047     -0.392
      3.278    298.464     15.765    168.144     70.713    -60.047     -0.421
      3.279    298.535     15.705    168.143     70.661    -60.048     -0.449
      3.280    298.606     15.645    168.143     70.608    -60.049     -0.478
      3.281    298.676     15.585    168.142     70.555    -60.050     -0.506
      3.282    298.747     15.525    168.142     70.503    -60.050     -0.535
      3.283    298.817     15.465    168.141     70.450    -60.051     -0.563
      3.284    298.888     15.405    168.141     70.397    -60.052     -0.591
      3.285    298.958     15.345    168.140     70.345    -60.053     -0.620
      3.286    299.028     15.285    168.139     70.292    -60.053     -0.648
      3.287    299.099     15.225    168.139     70.240    -60.054     -0.677
      3.288    299.169     15.165    168.138     70.187    -60.055     -0.705
      3.289    299.239     15.105    168.137     70.134    -60.055     -0.733
      3.290    299.309     15.045    168.136     70.082    -60.056     -0.762
      3.291    299.379     14.984    168.136     70.029    -60.057     -0.790
      3.292    299.449     14.924    168.135     69.977    -60.057     -0.818
      3.293    299.519     14.864    168.134     69.924    -60.058     -0.847
      3.294    299.589     14.804    168.133     69.872    -60.059     -0.875
      3.295    299.659     14.744    168.132     69.819    -60.059     -0.903
      3.296    299.729     14.684    168.131     69.767    -60.060     -0.932
      3.297    299.799     14.624    168.130     69.714    -60.060     -0.960
      3.298    299.868     14.564    168.129     69.662    -60.061     -0.988
      3.299    299.938     14.504    168.128     69.609    -60.062     -1.016
      3.300    300.007     14.444    168.127     69.557    -60.062     -1.044
      3.301    300.077     14.384    168.126     69.505    -60.063     -1.073
      3.302    300.146     14.324    168.125     69.452    -60.063     -1.101
      3.303    300.216     14.264    168.124     69.400    -60.064     -1.129
      3.304    300.285     14.204    168.123     69.347    -60.064     -1.157
      3.305    300.355     14.144    168.122     69.295    -60.065     -1.185
      3.306    300.424     14.084    168.121     69.243    -60.065     -1.213
      3.307    300.493     14.023    168.119     69.190    -60.066     -1.241
      3.308    300.562     13.963    168.118     69.138    -60.066     -1.270
      3.309    300.631     13.903    168.117     69.086    -60.067     -1.298
      3.310    300.700     13.843    168.116     69.033    -60.067     -1.326
      3.311    300.769     13.783    168.114     68.981    -60.067     -1.354
      3.312    300.838     13.723    168.113     68.929    -60.068     -1.382
      3.313    300.907     13.663    168.112     68.877    -60.068     -1.410
      3.314    300.976     13.603    168.110     68.824    -60.069     -1.438
      3.315    301.045     13.543    168.109     68.772    -60.069     -1.466
      3.316    301.114     13.483    168.107     68.720    -60.069     -1.494
      3.317    301.182     13.423    168.106     68.668    -60.070     -1.522
      3.318    301.251     13.363    168.104     68.615    -60.070     -1.550
      3.319    301.320     13.303    168.103     68.563    -60.070     -1.578
      3.320    301.388     13.243    168.101     68.511    -60.071     -1.606
      3.321    301.457     13.183    168.099     68.459    -60.071     -1.633
      3.322    301.525     13.122    168.098     68.407    -60.071     -1.661
      3.323    301.593     13.062    168.096     68.354    -60.072     -1.689
      3.324    301.662     13.002    168.094     68.302    -60.072     -1.717
      3.325    301.730     12.942    168.093     68.250    -60.072     -1.745
      3.326    301.798     12.882    168.091     68.198    -60.072     -1.773
      3.327    301.866     12.822    168.089     68.146    -60.073     -1.801
      3.328    301.935     12.762    168.087     68.094    -60.073     -1.828
      3.329    302.003     12.702    168.085     68.042    -60.073     -1.856
      3.330    302.071     12.642    168.083     67.990    -60.073     -1.884
      3.331    302.139     12.582    168.082     67.938    -60.074     -1.912
      3.332    302.206     12.522    168.080     67.886    -60.074     -1.940
      3.333    302.274     12.462    168.078     67.834    -60.074     -1.967
      3.334    302.342     12.402    168.076     67.782    -60.074     -1.995
      3.335    302.410     12.342    168.074     67.730    -60.074     -2.023
      3.336    302.478     12.281    168.072     67.678    -60.074     -2.050
      3.337    302.545     12.221    168.070     67.626    -60.075     -2.078
      3.338    302.613     12.161    168.068     67.574    -60.075     -2.106
      3.339    302.680     12.101    168.065     67.522    -60.075     -2.134
      3.340    302.748     12.041    168.063     67.470    -60.075     -2.161
      3.341    302.815     11.981    168.061     67.418    -60.075     -2.189
      3.342    302.883     11.921    168.059     67.366    -60.075     -2.216
      3.343    302.950     11.861    168.057     67.314    -60.075     -2.244
      3.344    303.017     11.801    168.054     67.262    -60.075     -2.272
      3.345    303.085     11.741    168.052     67.210    -60.075     -2.299
      3.346    303.152     11.681    168.050     67.158    -60.075     -2.327
      3.347    303.219     11.621    168.047     67.107    -60.075     -2.354
      3.348    303.286     11.561    168.045     67.055    -60.075     -2.382
      3.349    303.353     11.500    168.043     67.003    -60.075     -2.409
      3.350    303.420     11.440    168.040     66.951    -60.075     -2.437
      3.351    303.487     11.380    168.038     66.899    -60.075     -2.465
      3.352    303.554     11.320    168.035     66.847    -60.075     -2.492
      3.353    303.621     11.260    168.033     66.796    -60.075     -2.520
      3.354    303.687     11.200    168.030     66.744    -60.075     -2.547
      3.355    303.754     11.140    168.028     66.692    -60.075     -2.574
      3.356    303.821     11.080    168.025     66.640    -60.075     -2.602
      3.357    303.887     11.020    168.023     66.589    -60.075     -2.629
      3.358    303.954     10.960    168.020     66.537    -60.075     -2.657
      3.359    304.020     10.900    168.017     66.485    -60.075     -2.684
      3.360    304.087     10.840    168.015     66.433    -60.074     -2.712
      3.361    304.153     10.780    168.012     66.382    -60.074     -2.739
      3.362    304.220     10.719    168.009     66.330    -60.074     -2.766
      3.363    304.286     10.659    168.006     66.278    -60.074     -2.794
      3.364    304.352     10.599    168.003     66.227    -60.074     -2.821
      3.365    304.418     10.539    168.001     66.175    -60.074     -2.848
      3.366    304.485     10.479    167.998     66.123    -60.073     -2.876
      3.367    304.551     10.419    167.995     66.072    -60.073     -2.903
      3.368    304.617     10.359    167.992     66.020    -60.073     -2.930
      3.369    304.683     10.299    167.989     65.969    -60.073     -2.957
      3.370    304.749     10.239    167.986     65.917    -60.073     -2.985
      3.371    304.815     10.179    167.983     65.865    -60.072     -3.012
      3.372    304.880     10.119    167.980     65.814    -60.072     -3.039
      3.373    304.946     10.059    167.977     65.762    -60.072     -3.066
      3.374    305.012      9.999    167.974     65.711    -60.072     -3.094
      3.375    305.078      9.939    167.971     65.659    -60.071     -3.121
      3.376    305.143      9.878    167.968     65.608    -60.071     -3.148
      3.377    305.209      9.818    167.964     65.556    -60.071     -3.175
      3.378    305.274      9.758    167.961     65.505    -60.070     -3.202
      3.379    305.340      9.698    167.958     65.453    -60.070     -3.229
      3.380    305.405      9.638    167.955     65.402    -60.070     -3.257
      3.381    305.471      9.578    167.952     65.350    -60.069     -3.284
      3.382    305.536      9.518    167.948     65.299    -60.069     -3.311
      3.383    305.601      9.458    167.945     65.247    -60.069     -3.338
      3.384    305.666      9.398    167.942     65.196    -60.068     -3.365
      3.385    305.732      9.338    167.938     65.145    -60.068     -3.392
      3.386    305.797      9.278    167.935     65.093    -60.067     -3.419
      3.387    305.862      9.218    167.931     65.042    -60.067     -3.446
      3.388    305.927      9.158    167.928     64.990    -60.067     -3.473
      3.389    305.992      9.098    167.924     64.939    -60.066     -3.500
      3.390    306.057      9.038    167.921     64.888    -60.066     -3.527
      3.391    306.122      8.977    167.917     64.836    -60.065     -3.554
      3.392    306.186      8.917    167.914     64.785    -60.065     -3.581
      3.393    306.251      8.857    167.910     64.734    -60.064     -3.608
      3.394    306.316      8.797    167.907     64.682    -60.064     -3.635
      3.395    306.380      8.737    167.903     64.631    -60.063     -3.662
      3.396    306.445      8.677    167.899     64.580    -60.063     -3.689
      3.397    306.510      8.617    167.896     64.528    -60.062     -3.716
      3.398    306.574      8.557    167.892     64.477    -60.062     -3.743
      3.399    306.639      8.497    167.888     64.426    -60.061     -3.770
      3.400    306.703      8.437    167.884     64.375    -60.061     -3.796
      3.401    306.767      8.377    167.880     64.323    -60.060     -3.823
      3.402    306.832      8.317    167.877     64.272    -60.059     -3.850
      3.403    306.896      8.257    167.873     64.221    -60.059     -3.877
      3.404    306.960      8.197    167.869     64.170    -60.058     -3.904
      3.405    307.024      8.137    167.865     64.119    -60.058     -3.931
      3.406    307.088      8.077    167.861     64.067    -60.057     -3.957
      3.407    307.152      8.016    167.857     64.016    -60.056     -3.984
      3.408    307.216      7.956    167.853     63.965    -60.056     -4.011
      3.409    307.280      7.896    167.849     63.914    -60.055     -4.038
      3.410    307.344      7.836    167.845     63.863    -60.054     -4.064
      3.411    307.408      7.776    167.841     63.812    -60.054     -4.091
      3.412    307.472      7.716    167.837     63.760    -60.053     -4.118
      3.413    307.536      7.656    167.833     63.709    -60.052     -4.145
      3.414    307.599      7.596    167.829     63.658    -60.052     -4.171
      3.415    307.663      7.536    167.824     63.607    -60.051     -4.198
      3.416    307.726      7.476    167.820     63.556    -60.050     -4.225
      3.417    307.790      7.416    167.816     63.505    -60.049     -4.251
      3.418    307.853      7.356    167.812     63.454    -60.049     -4.278
      3.419    307.917      7.296    167.807     63.403    -60.048     -4.305
      3.420    307.980      7.236    167.803     63.352    -60.047     -4.331
      3.421    308.044      7.176    167.799     63.301    -60.046     -4.358
      3.422    308.107      7.116    167.794     63.250    -60.046     -4.384
      3.423    308.170      7.056    167.790     63.199    -60.045     -4.411
      3.424    308.233      6.996    167.785     63.148    -60.044     -4.438
      3.425    308.296      6.936    167.781     63.097    -60.043     -4.464
      3.426    308.359      6.876    167.777     63.046    -60.042     -4.491
      3.427    308.422      6.815    167.772     62.995    -60.042     -4.517
      3.428    308.485      6.755    167.768     62.944    -60.041     -4.544
      3.429    308.548      6.695    167.763     62.893    -60.040     -4.570
      3.430    308.611      6.635    167.758     62.842    -60.039     -4.597
      3.431    308.674      6.575    167.754     62.791    -60.038     -4.623
      3.432    308.737      6.515    167.749     62.741    -60.037     -4.650
      3.433    308.800      6.455    167.744     62.690    -60.036     -4.676
      3.434    308.862      6.395    167.740     62.639    -60.035     -4.703
      3.435    308.925      6.335    167.735     62.588    -60.034     -4.729
      3.436    308.987      6.275    167.730     62.537    -60.034     -4.756
      3.437    309.050      6.215    167.726     62.486    -60.033     -4.782
      3.438    309.112      6.155    167.721     62.435    -60.032     -4.808
      3.439    309.175      6.095    167.716     62.385    -60.031     -4.835
      3.440    309.237      6.035    167.711     62.334    -60.030     -4.861
      3.441    309.299      5.975    167.706     62.283    -60.029     -4.887
      3.442    309.362      5.915    167.701     62.232    -60.028     -4.914
      3.443    309.424      5.855    167.696     62.181    -60.027     -4.940
      3.444    309.486      5.795    167.691     62.131    -60.026     -4.967
      3.445    309.548      5.735    167.686     62.080    -60.025     -4.993
      3.446    309.610      5.675    167.681     62.029    -60.024     -5.019
      3.447    309.672      5.615    167.676     61.978    -60.023     -5.045
      3.448    309.734      5.555    167.671     61.928    -60.022     -5.072
      3.449    309.796      5.495    167.666     61.877    -60.020     -5.098
      3.450    309.858      5.435    167.661     61.826    -60.019     -5.124
      3.451    309.920      5.375    167.656     61.776    -60.018     -5.150
      3.452    309.981      5.315    167.651     61.725    -60.017     -5.177
      3.453    310.043      5.255    167.646     61.674    -60.016     -5.203
      3.454    310.105      5.195    167.640     61.624    -60.015     -5.229
      3.455    310.166      5.135    167.635     61.573    -60.014     -5.255
      3.456    310.228      5.075    167.630     61.522    -60.013     -5.281
      3.457    310.289      5.015    167.625     61.472    -60.012     -5.308
      3.458    310.351      4.955    167.619     61.421    -60.010     -5.334
      3.459    310.412      4.895    167.614     61.370    -60.009     -5.360
      3.460    310.474      4.835    167.609     61.320    -60.008     -5.386
      3.461    310.535      4.775    167.603     61.269    -60.007     -5.412
      3.462    310.596      4.715    167.598     61.219    -60.006     -5.438
      3.463    310.657      4.655    167.592     61.168    -60.004     -5.464
      3.464    310.719      4.595    167.587     61.118    -60.003     -5.490
      3.465    310.780      4.535    167.581     61.067    -60.002     -5.517
      3.466    310.841      4.475    167.576     61.016    -60.001     -5.543
      3.467    310.902      4.415    167.570     60.966    -60.000     -5.569
      3.468    310.963      4.355    167.565     60.915    -59.998     -5.595
      3.469    311.023      4.295    167.559     60.865    -59.997     -5.621
      3.470    311.084      4.235    167.553     60.814    -59.996     -5.647
      3.471    311.145      4.175    167.548     60.764    -59.994     -5.673
      3.472    311.206      4.115    167.542     60.714    -59.993     -5.699
      3.473    311.267      4.055    167.536     60.663    -59.992     -5.725
      3.474    311.327      3.995    167.531     60.613    -59.991     -5.751
      3.475    311.388      3.935    167.525     60.562    -59.989     -5.777
      3.476    311.448      3.875    167.519     60.512    -59.988     -5.803
      3.477    311.509      3.815    167.513     60.461    -59.987     -5.829
      3.478    311.569      3.755    167.507     60.411    -59.985     -5.854
      3.479    311.630      3.695    167.502     60.361    -59.984     -5.880
      3.480    311.690      3.635    167.496     60.310    -59.982     -5.906
      3.481    311.750      3.575    167.490     60.260    -59.981     -5.932
      3.482    311.810      3.515    167.484     60.209    -59.980     -5.958
      3.483    311.871      3.455    167.478     60.159    -59.978     -5.984
      3.484    311.931      3.395    167.472     60.109    -59.977     -6.010
      3.485    311.991      3.335    167.466     60.058    -59.975     -6.036
      3.486    312.051      3.275    167.460     60.008    -59.974     -6.061
      3.487    312.111      3.215    167.454     59.958    -59.973     -6.087
      3.488    312.171      3.155    167.448     59.907    -59.971     -6.113
      3.489    312.231      3.095    167.441     59.857    -59.970     -6.139
      3.490    312.291      3.035    167.435     59.807    -59.968     -6.165
      3.491    312.350      2.975    167.429     59.757    -59.967     -6.190
      3.492    312.410      2.915    167.423     59.706    -59.965     -6.216
      3.493    312.470      2.855    167.417     59.656    -59.964     -6.242
      3.494    312.529      2.795    167.410     59.606    -59.962     -6.268
      3.495    312.589      2.735    167.404     59.556    -59.961     -6.293
      3.496    312.648      2.675    167.398     59.505    -59.959     -6.319
      3.497    312.708      2.615    167.392     59.455    -59.958     -6.345
      3.498    312.767      2.555    167.385     59.405    -59.956     -6.370
      3.499    312.827      2.495    167.379     59.355    -59.954     -6.396
      3.500    312.886      2.435    167.372     59.305    -59.953     -6.422
      3.501    312.945      2.375    167.366     59.254    -59.951     -6.447
      3.502    313.005      2.315    167.359     59.204    -59.950     -6.473
      3.503    313.064      2.256    167.353     59.154    -59.948     -6.499
      3.504    313.123      2.196    167.346     59.104    -59.946     -6.524
      3.505    313.182      2.136    167.340     59.054    -59.945     -6.550
      3.506    313.241      2.076    167.333     59.004    -59.943     -6.575
      3.507    313.300      2.016    167.327     58.954    -59.942     -6.601
      3.508    313.359      1.956    167.320     58.904    -59.940     -6.627
      3.509    313.418      1.896    167.314     58.853    -59.938     -6.652
      3.510    313.477      1.836    167.307     58.803    -59.937     -6.678
      3.511    313.535      1.776    167.300     58.753    -59.935     -6.703
      3.512    313.594      1.716    167.293     58.703    -59.933     -6.729
      3.513    313.653      1.656    167.287     58.653    -59.931     -6.754
      3.514    313.711      1.596    167.280     58.603    -59.930     -6.780
      3.515    313.770      1.536    167.273     58.553    -59.928     -6.805
      3.516    313.829      1.476    167.266     58.503    -59.926     -6.831
      3.517    313.887      1.416    167.260     58.453    -59.925     -6.856
      3.518    313.945      1.356    167.253     58.403    -59.923     -6.882
      3.519    314.004      1.297    167.246     58.353    -59.921     -6.907
      3.520    314.062      1.237    167.239     58.303    -59.919     -6.932
      3.521    314.120      1.177    167.232     58.253    -59.918     -6.958
      3.522    314.179      1.117    167.225     58.203    -59.916     -6.983
      3.523    314.237      1.057    167.218     58.153    -59.914     -7.009
      3.524    314.295      0.997    167.211     58.103    -59.912     -7.034
      3.525    314.353      0.937    167.204     58.053    -59.910     -7.059
      3.526    314.411      0.877    167.197     58.004    -59.908     -7.085
      3.527    314.469      0.817    167.190     57.954    -59.907     -7.110
      3.528    314.527      0.757    167.183     57.904    -59.905     -7.136
      3.529    314.585      0.697    167.175     57.854    -59.903     -7.161
      3.530    314.643      0.638    167.168     57.804    -59.901     -7.186
      3.531    314.700      0.578    167.161     57.754    -59.899     -7.211
      3.532    314.758      0.518    167.154     57.704    -59.897     -7.237
      3.533    314.816      0.458    167.147     57.654    -59.895     -7.262
      3.534    314.873      0.398    167.139     57.605    -59.894     -7.287
      3.535    314.931      0.338    167.132     57.555    -59.892     -7.313
      3.536    314.989      0.278    167.125     57.505    -59.890     -7.338
      3.537    315.046      0.218    167.117     57.455    -59.888     -7.363
      3.538    315.104      0.158    167.110     57.405    -59.886     -7.388
      3.539    315.161      0.099    167.103     57.355    -59.884     -7.414
      3.540    315.218      0.039    167.095     57.306    -59.882     -7.439
      3.541    315.276     -0.021    167.088     57.256    -59.880     -7.464
      3.542    315.333     -0.081    167.080     57.206    -59.878     -7.489
      3.543    315.390     -0.141    167.073     57.156    -59.876     -7.514
      3.544    315.447     -0.201    167.065     57.107    -59.874     -7.539
      3.545    315.504     -0.261    167.058     57.057    -59.872     -7.565
      3.546    315.561     -0.321    167.050     57.007    -59.870     -7.590
      3.547    315.618     -0.380    167.042     56.957    -59.868     -7.615
      3.548    315.675     -0.440    167.035     56.908    -59.866     -7.640
      3.549    315.732     -0.500    167.027     56.858    -59.864     -7.665
      3.550    315.789     -0.560    167.019     56.808    -59.862     -7.690
      3.551    315.846     -0.620    167.012     56.759    -59.860     -7.715
      3.552    315.902     -0.680    167.004     56.709    -59.858     -7.740
      3.553    315.959     -0.740    166.996     56.659    -59.856     -7.765
      3.554    316.016     -0.800    166.989     56.610    -59.853     -7.790
      3.555    316.072     -0.859    166.981     56.560    -59.851     -7.815
      3.556    316.129     -0.919    166.973     56.511    -59.849     -7.840
      3.557    316.185     -0.979    166.965     56.461    -59.847     -7.866
      3.558    316.242     -1.039    166.957     56.411    -59.845     -7.891
      3.559    316.298     -1.099    166.949     56.362    -59.843     -7.916
      3.560    316.354     -1.159    166.941     56.312    -59.841     -7.940
      3.561    316.411     -1.218    166.933     56.263    -59.839     -7.965
      3.562    316.467     -1.278    166.925     56.213    -59.836     -7.990
      3.563    316.523     -1.338    166.917     56.163    -59.834     -8.015
      3.564    316.579     -1.398    166.909     56.114    -59.832     -8.040
      3.565    316.635     -1.458    166.901     56.064    -59.830     -8.065
      3.566    316.691     -1.518    166.893     56.015    -59.828     -8.090
      3.567    316.747     -1.577    166.885     55.965    -59.825     -8.115
      3.568    316.803     -1.637    166.877     55.916    -59.823     -8.140
      3.569    316.859     -1.697    166.869     55.866    -59.821     -8.165
      3.570    316.915     -1.757    166.861     55.817    -59.819     -8.190
      3.571    316.971     -1.817    166.852     55.767    -59.817     -8.215
      3.572    317.027     -1.877    166.844     55.718    -59.814     -8.239
      3.573    317.082     -1.936    166.836     55.668    -59.812     -8.264
      3.574    317.138     -1.996    166.828     55.619    -59.810     -8.289
      3.575    317.194     -2.056    166.819     55.569    -59.807     -8.314
      3.576    317.249     -2.116    166.811     55.520    -59.805     -8.339
      3.577    317.305     -2.176    166.803     55.471    -59.803     -8.364
      3.578    317.360     -2.235    166.794     55.421    -59.800     -8.388
      3.579    317.415     -2.295    166.786     55.372    -59.798     -8.413
      3.580    317.471     -2.355    166.778     55.322    -59.796     -8.438
      3.581    317.526     -2.415    166.769     55.273    -59.793     -8.463
      3.582    317.581     -2.475    166.761     55.224    -59.791     -8.487
      3.583    317.636     -2.534    166.752     55.174    -59.789     -8.512
      3.584    317.692     -2.594    166.744     55.125    -59.786     -8.537
      3.585    317.747     -2.654    166.735     55.076    -59.784     -8.562
      3.586    317.802     -2.714    166.726     55.026    -59.782     -8.586
      3.587    317.857     -2.773    166.718     54.977    -59.779     -8.611
      3.588    317.912     -2.833    166.709     54.928    -59.777     -8.636
      3.589    317.967     -2.893    166.701     54.878    -59.774     -8.660
      3.590    318.021     -2.953    166.692     54.829    -59.772     -8.685
      3.591    318.076     -3.013    166.683     54.780    -59.770     -8.710
      3.592    318.131     -3.072    166.674     54.730    -59.767     -8.734
      3.593    318.186     -3.132    166.666     54.681    -59.765     -8.759
      3.594    318.240     -3.192    166.657     54.632    -59.762     -8.783
      3.595    318.295     -3.252    166.648     54.583    -59.760     -8.808
      3.596    318.350     -3.311    166.639     54.533    -59.757     -8.833
      3.597    318.404     -3.371    166.631     54.484    -59.755     -8.857
      3.598    318.459     -3.431    166.622     54.435    -59.752     -8.882
      3.599    318.513     -3.491    166.613     54.386    -59.750     -8.906
      3.600    318.567     -3.550    166.604     54.336    -59.747     -8.931
      3.601    318.622     -3.610    166.595     54.287    -59.745     -8.955
      3.602    318.676     -3.670    166.586     54.238    -59.742     -8.980
      3.603    318.730     -3.730    166.577     54.189    -59.740     -9.004
      3.604    318.784     -3.789    166.568     54.140    -59.737     -9.029
      3.605    318.838     -3.849    166.559     54.090    -59.735     -9.054
      3.606    318.892     -3.909    166.550     54.041    -59.732     -9.078
      3.607    318.946     -3.969    166.541     53.992    -59.729     -9.102
      3.608    319.000     -4.028    166.532     53.943    -59.727     -9.127
      3.609    319.054     -4.088    166.522     53.894    -59.724     -9.151
      3.610    319.108     -4.148    166.513     53.845    -59.722     -9.176
      3.611    319.162     -4.207    166.504     53.796    -59.719     -9.200
      3.612    319.216     -4.267    166.495     53.747    -59.716     -9.225
      3.613    319.270     -4.327    166.486     53.697    -59.714     -9.249
      3.614    319.323     -4.387    166.476     53.648    -59.711     -9.274
      3.615    319.377     -4.446    166.467     53.599    -59.708     -9.298
      3.616    319.430     -4.506    166.458     53.550    -59.706     -9.322
      3.617    319.484     -4.566    166.448     53.501    -59.703     -9.347
      3.618    319.537     -4.625    166.439     53.452    -59.700     -9.371
      3.619    319.591     -4.685    166.430     53.403    -59.698     -9.395
      3.620    319.644     -4.745    166.420     53.354    -59.695     -9.420
      3.621    319.698     -4.805    166.411     53.305    -59.692     -9.444
      3.622    319.751     -4.864    166.401     53.256    -59.690     -9.468
      3.623    319.804     -4.924    166.392     53.207    -59.687     -9.493
      3.624    319.857     -4.984    166.382     53.158    -59.684     -9.517
      3.625    319.910     -5.043    166.373     53.109    -59.681     -9.541
      3.626    319.963     -5.103    166.363     53.060    -59.679     -9.566
      3.627    320.016     -5.163    166.354     53.011    -59.676     -9.590
      3.628    320.069     -5.222    166.344     52.962    -59.673     -9.614
      3.629    320.122     -5.282    166.335     52.913    -59.670     -9.638
      3.630    320.175     -5.342    166.325     52.864    -59.668     -9.663
      3.631    320.228     -5.401    166.315     52.815    -59.665     -9.687
      3.632    320.281     -5.461    166.306     52.766    -59.662     -9.711
      3.633    320.334     -5.521    166.296     52.717    -59.659     -9.735
      3.634    320.386     -5.580    166.286     52.669    -59.656     -9.759
      3.635    320.439     -5.640    166.276     52.620    -59.653     -9.784
      3.636    320.492     -5.700    166.267     52.571    -59.651     -9.808
      3.637    320.544     -5.759    166.257     52.522    -59.648     -9.832
      3.638    320.597     -5.819    166.247     52.473    -59.645     -9.856
      3.639    320.649     -5.879    166.237     52.424    -59.642     -9.880
      3.640    320.702     -5.938    166.227     52.375    -59.639     -9.904
      3.641    320.754     -5.998    166.217     52.326    -59.636     -9.928
      3.642    320.806     -6.057    166.207     52.278    -59.633     -9.953
      3.643    320.858     -6.117    166.197     52.229    -59.631     -9.977
      3.644    320.911     -6.177    166.187     52.180    -59.628    -10.001
      3.645    320.963     -6.236    166.177     52.131    -59.625    -10.025
      3.646    321.015     -6.296    166.167     52.082    -59.622    -10.049
      3.647    321.067     -6.356    166.157     52.034    -59.619    -10.073
      3.648    321.119     -6.415    166.147     51.985    -59.616    -10.097
      3.649    321.171     -6.475    166.137     51.936    -59.613    -10.121
      3.650    321.223     -6.534    166.127     51.887    -59.610    -10.145
      3.651    321.275     -6.594    166.117     51.839    -59.607    -10.169
      3.652    321.326     -6.654    166.106     51.790    -59.604    -10.193
      3.653    321.378     -6.713    166.096     51.741    -59.601    -10.217
      3.654    321.430     -6.773    166.086     51.692    -59.598    -10.241
      3.655    321.482     -6.832    166.076     51.644    -59.595    -10.265
      3.656    321.533     -6.892    166.066     51.595    -59.592    -10.289
      3.657    321.585     -6.952    166.055     51.546    -59.589    -10.313
      3.658    321.636     -7.011    166.045     51.498    -59.586    -10.337
      3.659    321.688     -7.071    166.035     51.449    -59.583    -10.361
      3.660    321.739     -7.130    166.024     51.400    -59.580    -10.385
      3.661    321.791     -7.190    166.014     51.351    -59.577    -10.409
      3.662    321.842     -7.250    166.003     51.303    -59.574    -10.433
      3.663    321.893     -7.309    165.993     51.254    -59.571    -10.457
      3.664    321.944     -7.369    165.982     51.206    -59.568    -10.480
      3.665    321.996     -7.428    165.972     51.157    -59.564    -10.504
      3.666    322.047     -7.488    165.961     51.108    -59.561    -10.528
      3.667    322.098     -7.547    165.951     51.060    -59.558    -10.552
      3.668    322.149     -7.607    165.940     51.011    -59.555    -10.576
      3.669    322.200     -7.666    165.930     50.962    -59.552    -10.600
      3.670    322.251     -7.726    165.919     50.914    -59.549    -10.624
      3.671    322.302     -7.786    165.909     50.865    -59.546    -10.647
      3.672    322.353     -7.845    165.898     50.817    -59.543    -10.671
      3.673    322.403     -7.905    165.887     50.768    -59.539    -10.695
      3.674    322.454     -7.964    165.876     50.720    -59.536    -10.719
      3.675    322.505     -8.024    165.866     50.671    -59.533    -10.743
      3.676    322.555     -8.083    165.855     50.622    -59.530    -10.766
      3.677    322.606     -8.143    165.844     50.574    -59.527    -10.790
      3.678    322.657     -8.202    165.833     50.525    -59.523    -10.814
      3.679    322.707     -8.262    165.823     50.477    -59.520    -10.838
      3.680    322.758     -8.321    165.812     50.428    -59.517    -10.861
      3.681    322.808     -8.381    165.801     50.380    -59.514    -10.885
      3.682    322.858     -8.440    165.790     50.331    -59.511    -10.909
      3.683    322.909     -8.500    165.779     50.283    -59.507    -10.932
      3.684    322.959     -8.559    165.768     50.234    -59.504    -10.956
      3.685    323.009     -8.619    165.757     50.186    -59.501    -10.980
      3.686    323.059     -8.678    165.746     50.138    -59.497    -11.003
      3.687    323.109     -8.738    165.735     50.089    -59.494    -11.027
      3.688    323.159     -8.797    165.724     50.041    -59.491    -11.051
      3.689    323.209     -8.857    165.713     49.992    -59.488    -11.074
      3.690    323.259     -8.916    165.702     49.944    -59.484    -11.098
      3.691    323.309     -8.976    165.691     49.895    -59.481    -11.122
      3.692    323.359     -9.035    165.680     49.847    -59.478    -11.145
      3.693    323.409     -9.095    165.669     49.799    -59.474    -11.169
      3.694    323.459     -9.154    165.657     49.750    -59.471    -11.192
      3.695    323.509     -9.214    165.646     49.702    -59.468    -11.216
      3.696    323.558     -9.273    165.635     49.653    -59.464    -11.240
      3.697    323.608     -9.333    165.624     49.605    -59.461    -11.263
      3.698    323.657     -9.392    165.612     49.557    -59.457    -11.287
      3.699    323.707     -9.452    165.601     49.508    -59.454    -11.310
      3.700    323.756     -9.511    165.590     49.460    -59.451    -11.334
      3.701    323.806     -9.570    165.578     49.412    -59.447    -11.357
      3.702    323.855     -9.630    165.567     49.363    -59.444    -11.381
      3.703    323.905     -9.689    165.556     49.315    -59.440    -11.404
      3.704    323.954     -9.749    165.544     49.267    -59.437    -11.428
      3.705    324.003     -9.808    165.533     49.218    -59.434    -11.451
      3.706    324.052     -9.868    165.521     49.170    -59.430    -11.475
      3.707    324.101     -9.927    165.510     49.122    -59.427    -11.498
      3.708    324.151     -9.987    165.498     49.074    -59.423    -11.522
      3.709    324.200    -10.046    165.487     49.025    -59.420    -11.545
      3.710    324.249    -10.105    165.475     48.977    -59.416    -11.569
      3.711    324.298    -10.165    165.464     48.929    -59.413    -11.592
      3.712    324.346    -10.224    165.452     48.881    -59.409    -11.615
      3.713    324.395    -10.284    165.440     48.832    -59.406    -11.639
      3.714    324.444    -10.343    165.429     48.784    -59.402    -11.662
      3.715    324.493    -10.402    165.417     48.736    -59.399    -11.686
      3.716    324.542    -10.462    165.405     48.688    -59.395    -11.709
      3.717    324.590    -10.521    165.394     48.640    -59.392    -11.732
      3.718    324.639    -10.581    165.382     48.591    -59.388    -11.756
      3.719    324.687    -10.640    165.370     48.543    -59.385    -11.779
      3.720    324.736    -10.699    165.358     48.495    -59.381    -11.802
      3.721    324.784    -10.759    165.347     48.447    -59.377    -11.826
      3.722    324.833    -10.818    165.335     48.399    -59.374    -11.849
      3.723    324.881    -10.877    165.323     48.351    -59.370    -11.872
      3.724    324.930    -10.937    165.311     48.302    -59.367    -11.896
      3.725    324.978    -10.996    165.299     48.254    -59.363    -11.919
      3.726    325.026    -11.056    165.287     48.206    -59.359    -11.942
      3.727    325.074    -11.115    165.275     48.158    -59.356    -11.965
      3.728    325.122    -11.174    165.263     48.110    -59.352    -11.989
      3.729    325.170    -11.234    165.251     48.062    -59.349    -12.012
      3.730    325.219    -11.293    165.239     48.014    -59.345    -12.035
      3.731    325.266    -11.352    165.227     47.966    -59.341    -12.058
      3.732    325.314    -11.412    165.215     47.918    -59.338    -12.082
      3.733    325.362    -11.471    165.203     47.869    -59.334    -12.105
      3.734    325.410    -11.530    165.191     47.821    -59.330    -12.128
      3.735    325.458    -11.590    165.179     47.773    -59.327    -12.151
      3.736    325.506    -11.649    165.167     47.725    -59.323    -12.174
      3.737    325.553    -11.708    165.154     47.677    -59.319    -12.198
      3.738    325.601    -11.768    165.142     47.629    -59.315    -12.221
      3.739    325.649    -11.827    165.130     47.581    -59.312    -12.244
      3.740    325.696    -11.886    165.118     47.533    -59.308    -12.267
      3.741    325.744    -11.946    165.105     47.485    -59.304    -12.290
      3.742    325.791    -12.005    165.093     47.437    -59.300    -12.313
      3.743    325.839    -12.064    165.081     47.389    -59.297    -12.336
      3.744    325.886    -12.123    165.068     47.341    -59.293    -12.360
      3.745    325.933    -12.183    165.056     47.293    -59.289    -12.383
      3.746    325.981    -12.242    165.044     47.245    -59.285    -12.406
      3.747    326.028    -12.301    165.031     47.197    -59.282    -12.429
      3.748    326.075    -12.361    165.019     47.149    -59.278    -12.452
      3.749    326.122    -12.420    165.006     47.101    -59.274    -12.475
      3.750    326.169    -12.479    164.994     47.054    -59.270    -12.498
      3.751    326.216    -12.538    164.981     47.006    -59.266    -12.521
      3.752    326.263    -12.598    164.969     46.958    -59.262    -12.544
      3.753    326.310    -12.657    164.956     46.910    -59.259    -12.567
      3.754    326.357    -12.716    164.944     46.862    -59.255    -12.590
      3.755    326.404    -12.775    164.931     46.814    -59.251    -12.613
      3.756    326.451    -12.835    164.918     46.766    -59.247    -12.636
      3.757    326.497    -12.894    164.906     46.718    -59.243    -12.659
      3.758    326.544    -12.953    164.893     46.670    -59.239    -12.682
      3.759    326.591    -13.012    164.880     46.622    -59.235    -12.705
      3.760    326.637    -13.072    164.868     46.575    -59.232    -12.728
      3.761    326.684    -13.131    164.855     46.527    -59.228    -12.751
      3.762    326.730    -13.190    164.842     46.479    -59.224    -12.774
      3.763    326.777    -13.249    164.829     46.431    -59.220    -12.797
      3.764    326.823    -13.309    164.817     46.383    -59.216    -12.820
      3.765    326.870    -13.368    164.804     46.335    -59.212    -12.843
      3.766    326.916    -13.427    164.791     46.288    -59.208    -12.865
      3.767    326.962    -13.486    164.778     46.240    -59.204    -12.888
      3.768    327.008    -13.545    164.765     46.192    -59.200    -12.911
      3.769    327.055    -13.605    164.752     46.144    -59.196    -12.934
      3.770    327.101    -13.664    164.739     46.096    -59.192    -12.957
      3.771    327.147    -13.723    164.726     46.049    -59.188    -12.980
      3.772    327.193    -13.782    164.713     46.001    -59.184    -13.003
      3.773    327.239    -13.841    164.700     45.953    -59.180    -13.026
      3.774    327.285    -13.901    164.687     45.905    -59.176    -13.048
      3.775    327.331    -13.960    164.674     45.858    -59.172    -13.071
      3.776    327.376    -14.019    164.661     45.810    -59.168    -13.094
      3.777    327.422    -14.078    164.648     45.762    -59.164    -13.117
      3.778    327.468    -14.137    164.635     45.715    -59.160    -13.140
      3.779    327.514    -14.196    164.622     45.667    -59.156    -13.162
      3.780    327.559    -14.256    164.609     45.619    -59.152    -13.185
      3.781    327.605    -14.315    164.595     45.571    -59.148    -13.208
      3.782    327.650    -14.374    164.582     45.524    -59.144    -13.231
      3.783    327.696    -14.433    164.569     45.476    -59.140    -13.253
      3.784    327.741    -14.492    164.556     45.428    -59.136    -13.276
      3.785    327.787    -14.551    164.542     45.381    -59.131    -13.299
      3.786    327.832    -14.610    164.529     45.333    -59.127    -13.322
      3.787    327.877    -14.669    164.516     45.285    -59.123    -13.344
      3.788    327.923    -14.729    164.502     45.238    -59.119    -13.367
      3.789    327.968    -14.788    164.489     45.190    -59.115    -13.390
      3.790    328.013    -14.847    164.476     45.143    -59.111    -13.412
      3.791    328.058    -14.906    164.462     45.095    -59.107    -13.435
      3.792    328.103    -14.965    164.449     45.047    -59.103    -13.458
      3.793    328.148    -15.024    164.435     45.000    -59.098    -13.480
      3.794    328.193    -15.083    164.422     44.952    -59.094    -13.503
      3.795    328.238    -15.142    164.408     44.905    -59.090    -13.526
      3.796    328.283    -15.201    164.395     44.857    -59.086    -13.548
      3.797    328.328    -15.260    164.381     44.809    -59.082    -13.571
      3.798    328.373    -15.320    164.368     44.762    -59.077    -13.593
      3.799    328.417    -15.379    164.354     44.714    -59.073    -13.616
      3.800    328.462    -15.438    164.340     44.667    -59.069    -13.639
      3.801    328.507    -15.497    164.327     44.619    -59.065    -13.661
      3.802    328.551    -15.556    164.313     44.572    -59.060    -13.684
      3.803    328.596    -15.615    164.299     44.524    -59.056    -13.706
      3.804    328.640    -15.674    164.286     44.477    -59.052    -13.729
      3.805    328.685    -15.733    164.272     44.429    -59.048    -13.751
      3.806    328.729    -15.792    164.258     44.382    -59.043    -13.774
      3.807    328.774    -15.851    164.244     44.334    -59.039    -13.797
      3.808    328.818    -15.910    164.231     44.287    -59.035    -13.819
      3.809    328.862    -15.969    164.217     44.239    -59.031    -13.842
      3.810    328.906    -16.028    164.203     44.192    -59.026    -13.864
      3.811    328.951    -16.087    164.189     44.144    -59.022    -13.887
      3.812    328.995    -16.146    164.175     44.097    -59.018    -13.909
      3.813    329.039    -16.205    164.161     44.049    -59.013    -13.931
      3.814    329.083    -16.264    164.147     44.002    -59.009    -13.954
      3.815    329.127    -16.323    164.133     43.954    -59.005    -13.976
      3.816    329.171    -16.382    164.119     43.907    -59.000    -13.999
      3.817    329.215    -16.441    164.105     43.859    -58.996    -14.021
      3.818    329.258    -16.500    164.091     43.812    -58.992    -14.044
      3.819    329.302    -16.559    164.077     43.765    -58.987    -14.066
      3.820    329.346    -16.618    164.063     43.717    -58.983    -14.089
      3.821    329.390    -16.677    164.049     43.670    -58.978    -14.111
      3.822    329.433    -16.736    164.035     43.622    -58.974    -14.133
      3.823    329.477    -16.795    164.021     43.575    -58.970    -14.156
      3.824    329.520    -16.854    164.007     43.528    -58.965    -14.178
      3.825    329.564    -16.913    163.992     43.480    -58.961    -14.200
      3.826    329.607    -16.972    163.978     43.433    -58.956    -14.223
      3.827    329.651    -17.031    163.964     43.386    -58.952    -14.245
      3.828    329.694    -17.090    163.950     43.338    -58.948    -14.268
      3.829    329.737    -17.149    163.935     43.291    -58.943    -14.290
      3.830    329.781    -17.208    163.921     43.244    -58.939    -14.312
      3.831    329.824    -17.267    163.907     43.196    -58.934    -14.334
      3.832    329.867    -17.326    163.892     43.149    -58.930    -14.357
      3.833    329.910    -17.385    163.878     43.102    -58.925    -14.379
      3.834    329.953    -17.444    163.864     43.054    -58.921    -14.401
      3.835    329.996    -17.502    163.849     43.007    -58.916    -14.424
      3.836    330.039    -17.561    163.835     42.960    -58.912    -14.446
      3.837    330.082    -17.620    163.820     42.912    -58.907    -14.468
      3.838    330.125    -17.679    163.806     42.865    -58.903    -14.490
      3.839    330.168    -17.738    163.791     42.818    -58.898    -14.513
      3.840    330.211    -17.797    163.777     42.771    -58.894    -14.535
      3.841    330.254    -17.856    163.762     42.723    -58.889    -14.557
      3.842    330.296    -17.915    163.748     42.676    -58.884    -14.579
      3.843    330.339    -17.974    163.733     42.629    -58.880    -14.602
      3.844    330.382    -18.033    163.719     42.582    -58.875    -14.624
      3.845    330.424    -18.091    163.704     42.534    -58.871    -14.646
      3.846    330.467    -18.150    163.689     42.487    -58.866    -14.668
      3.847    330.509    -18.209    163.675     42.440    -58.862    -14.690
      3.848    330.551    -18.268    163.660     42.393    -58.857    -14.712
      3.849    330.594    -18.327    163.645     42.346    -58.852    -14.735
      3.850    330.636    -18.386    163.630     42.298    -58.848    -14.757
      3.851    330.678    -18.445    163.616     42.251    -58.843    -14.779
      3.852    330.721    -18.503    163.601     42.204    -58.838    -14.801
      3.853    330.763    -18.562    163.586     42.157    -58.834    -14.823
      3.854    330.805    -18.621    163.571     42.110    -58.829    -14.845
      3.855    330.847    -18.680    163.556     42.063    -58.825    -14.867
      3.856    330.889    -18.739    163.541     42.015    -58.820    -14.889
      3.857    330.931    -18.798    163.527     41.968    -58.815    -14.912
      3.858    330.973    -18.856    163.512     41.921    -58.810    -14.934
      3.859    331.015    -18.915    163.497     41.874    -58.806    -14.956
      3.860    331.057    -18.974    163.482     41.827    -58.801    -14.978
      3.861    331.099    -19.033    163.467     41.780    -58.796    -15.000
      3.862    331.140    -19.092    163.452     41.733    -58.792    -15.022
      3.863    331.182    -19.150    163.437     41.686    -58.787    -15.044
      3.864    331.224    -19.209    163.422     41.639    -58.782    -15.066
      3.865    331.265    -19.268    163.407     41.591    -58.778    -15.088
      3.866    331.307    -19.327    163.391     41.544    -58.773    -15.110
      3.867    331.348    -19.385    163.376     41.497    -58.768    -15.132
      3.868    331.390    -19.444    163.361     41.450    -58.763    -15.154
      3.869    331.431    -19.503    163.346     41.403    -58.759    -15.176
      3.870    331.473    -19.562    163.331     41.356    -58.754    -15.198
      3.871    331.514    -19.620    163.316     41.309    -58.749    -15.220
      3.872    331.555    -19.679    163.300     41.262    -58.744    -15.242
      3.873    331.597    -19.738    163.285     41.215    -58.739    -15.264
      3.874    331.638    -19.797    163.270     41.168    -58.735    -15.286
      3.875    331.679    -19.855    163.255     41.121    -58.730    -15.308
      3.876    331.720    -19.914    163.239     41.074    -58.725    -15.330
      3.877    331.761    -19.973    163.224     41.027    -58.720    -15.351
      3.878    331.802    -20.032    163.209     40.980    -58.715    -15.373
      3.879    331.843    -20.090    163.193     40.933    -58.710    -15.395
      3.880    331.884    -20.149    163.178     40.886    -58.706    -15.417
      3.881    331.925    -20.208    163.162     40.839    -58.701    -15.439
      3.882    331.966    -20.266    163.147     40.792    -58.696    -15.461
      3.883    332.006    -20.325    163.131     40.745    -58.691    -15.483
      3.884    332.047    -20.384    163.116     40.698    -58.686    -15.505
      3.885    332.088    -20.442    163.100     40.651    -58.681    -15.526
      3.886    332.128    -20.501    163.085     40.604    -58.676    -15.548
      3.887    332.169    -20.560    163.069     40.557    -58.671    -15.570
      3.888    332.209    -20.619    163.054     40.510    -58.666    -15.592
      3.889    332.250    -20.677    163.038     40.464    -58.662    -15.614
      3.890    332.290    -20.736    163.022     40.417    -58.657    -15.636
      3.891    332.331    -20.794    163.007     40.370    -58.652    -15.657
      3.892    332.371    -20.853    162.991     40.323    -58.647    -15.679
      3.893    332.411    -20.912    162.975     40.276    -58.642    -15.701
      3.894    332.452    -20.970    162.960     40.229    -58.637    -15.723
      3.895    332.492    -21.029    162.944     40.182    -58.632    -15.744
      3.896    332.532    -21.088    162.928     40.135    -58.627    -15.766
      3.897    332.572    -21.146    162.913     40.088    -58.622    -15.788
      3.898    332.612    -21.205    162.897     40.042    -58.617    -15.810
      3.899    332.652    -21.264    162.881     39.995    -58.612    -15.831
      3.900    332.692    -21.322    162.865     39.948    -58.607    -15.853
      3.901    332.732    -21.381    162.849     39.901    -58.602    -15.875
      3.902    332.772    -21.439    162.833     39.854    -58.597    -15.897
      3.903    332.812    -21.498    162.817     39.807    -58.592    -15.918
      3.904    332.852    -21.557    162.801     39.761    -58.587    -15.940
      3.905    332.891    -21.615    162.786     39.714    -58.582    -15.962
      3.906    332.931    -21.674    162.770     39.667    -58.577    -15.983
      3.907    332.971    -21.732    162.754     39.620    -58.572    -16.005
      3.908    333.010    -21.791    162.738     39.573    -58.567    -16.027
      3.909    333.050    -21.849    162.721     39.527    -58.562    -16.048
      3.910    333.089    -21.908    162.705     39.480    -58.557    -16.070
      3.911    333.129    -21.967    162.689     39.433    -58.551    -16.091
      3.912    333.168    -22.025    162.673     39.386    -58.546    -16.113
      3.913    333.208    -22.084    162.657     39.340    -58.541    -16.135
      3.914    333.247    -22.142    162.641     39.293    -58.536    -16.156
      3.915    333.286    -22.201    162.625     39.246    -58.531    -16.178
      3.916    333.325    -22.259    162.609     39.199    -58.526    -16.199
      3.917    333.365    -22.318    162.592     39.153    -58.521    -16.221
      3.918    333.404    -22.376    162.576     39.106    -58.516    -16.243
      3.919    333.443    -22.435    162.560     39.059    -58.510    -16.264
      3.920    333.482    -22.493    162.544     39.012    -58.505    -16.286
      3.921    333.521    -22.552    162.527     38.966    -58.500    -16.307
      3.922    333.560    -22.610    162.511     38.919    -58.495    -16.329
      3.923    333.599    -22.669    162.495     38.872    -58.490    -16.350
      3.924    333.638    -22.727    162.478     38.826    -58.485    -16.372
      3.925    333.676    -22.786    162.462     38.779    -58.479    -16.393
      3.926    333.715    -22.844    162.446     38.732    -58.474    -16.415
      3.927    333.754    -22.903    162.429     38.686    -58.469    -16.436
      3.928    333.792    -22.961    162.413     38.639    -58.464    -16.458
      3.929    333.831    -23.020    162.396     38.592    -58.459    -16.479
      3.930    333.870    -23.078    162.380     38.546    -58.453    -16.501
      3.931    333.908    -23.137    162.363     38.499    -58.448    -16.522
      3.932    333.947    -23.195    162.347     38.452    -58.443    -16.544
      3.933    333.985    -23.253    162.330     38.406    -58.438    -16.565
      3.934    334.023    -23.312    162.314     38.359    -58.432    -16.587
      3.935    334.062    -23.370    162.297     38.313    -58.427    -16.608
      3.936    334.100    -23.429    162.280     38.266    -58.422    -16.629
      3.937    334.138    -23.487    162.264     38.219    -58.417    -16.651
      3.938    334.177    -23.546    162.247     38.173    -58.411    -16.672
      3.939    334.215    -23.604    162.230     38.126    -58.406    -16.694
      3.940    334.253    -23.662    162.214     38.080    -58.401    -16.715
      3.941    334.291    -23.721    162.197     38.033    -58.395    -16.736
      3.942    334.329    -23.779    162.180     37.986    -58.390    -16.758
      3.943    334.367    -23.838    162.163     37.940    -58.385    -16.779
      3.944    334.405    -23.896    162.147     37.893    -58.379    -16.801
      3.945    334.443    -23.954    162.130     37.847    -58.374    -16.822
      3.946    334.480    -24.013    162.113     37.800    -58.369    -16.843
      3.947    334.518    -24.071    162.096     37.754    -58.363    -16.865
      3.948    334.556    -24.129    162.079     37.707    -58.358    -16.886
      3.949    334.594    -24.188    162.062     37.661    -58.353    -16.907
      3.950    334.631    -24.246    162.045     37.614    -58.347    -16.929
      3.951    334.669    -24.304    162.028     37.568    -58.342    -16.950
      3.952    334.706    -24.363    162.012     37.521    -58.336    -16.971
      3.953    334.744    -24.421    161.995     37.475    -58.331    -16.992
      3.954    334.781    -24.479    161.978     37.428    -58.326    -17.014
      3.955    334.819    -24.538    161.961     37.382    -58.320    -17.035
      3.956    334.856    -24.596    161.943     37.335    -58.315    -17.056
      3.957    334.893    -24.654    161.926     37.289    -58.309    -17.077
      3.958    334.931    -24.713    161.909     37.242    -58.304    -17.099
      3.959    334.968    -24.771    161.892     37.196    -58.298    -17.120
      3.960    335.005    -24.829    161.875     37.149    -58.293    -17.141
      3.961    335.042    -24.888    161.858     37.103    -58.288    -17.162
      3.962    335.079    -24.946    161.841     37.056    -58.282    -17.184
      3.963    335.116    -25.004    161.824     37.010    -58.277    -17.205
      3.964    335.153    -25.062    161.806     36.964    -58.271    -17.226
      3.965    335.190    -25.121    161.789     36.917    -58.266    -17.247
      3.966    335.227    -25.179    161.772     36.871    -58.260    -17.268
      3.967    335.264    -25.237    161.755     36.824    -58.255    -17.290
      3.968    335.301    -25.295    161.737     36.778    -58.249    -17.311
      3.969    335.338    -25.354    161.720     36.731    -58.244    -17.332
      3.970    335.374    -25.412    161.703     36.685    -58.238    -17.353
      3.971    335.411    -25.470    161.685     36.639    -58.232    -17.374
      3.972    335.447    -25.528    161.668     36.592    -58.227    -17.395
      3.973    335.484    -25.587    161.650     36.546    -58.221    -17.416
      3.974    335.521    -25.645    161.633     36.500    -58.216    -17.438
      3.975    335.557    -25.703    161.616     36.453    -58.210    -17.459
      3.976    335.593    -25.761    161.598     36.407    -58.205    -17.480
      3.977    335.630    -25.819    161.581     36.360    -58.199    -17.501
      3.978    335.666    -25.878    161.563     36.314    -58.194    -17.522
      3.979    335.702    -25.936    161.546     36.268    -58.188    -17.543
      3.980    335.739    -25.994    161.528     36.221    -58.182    -17.564
      3.981    335.775    -26.052    161.510     36.175    -58.177    -17.585
      3.982    335.811    -26.110    161.493     36.129    -58.171    -17.606
      3.983    335.847    -26.169    161.475     36.083    -58.166    -17.627
      3.984    335.883    -26.227    161.458     36.036    -58.160    -17.648
      3.985    335.919    -26.285    161.440     35.990    -58.154    -17.669
      3.986    335.955    -26.343    161.422     35.944    -58.149    -17.690
      3.987    335.991    -26.401    161.405     35.897    -58.143    -17.711
      3.988    336.027    -26.459    161.387     35.851    -58.137    -17.732
      3.989    336.063    -26.517    161.369     35.805    -58.132    -17.753
      3.990    336.099    -26.576    161.351     35.758    -58.126    -17.774
      3.991    336.134    -26.634    161.334     35.712    -58.120    -17.795
      3.992    336.170    -26.692    161.316     35.666    -58.115    -17.816
      3.993    336.206    -26.750    161.298     35.620    -58.109    -17.837
      3.994    336.241    -26.808    161.280     35.573    -58.103    -17.858
      3.995    336.277    -26.866    161.262     35.527    -58.097    -17.879
      3.996    336.312    -26.924    161.244     35.481    -58.092    -17.900
      3.997    336.348    -26.982    161.226     35.435    -58.086    -17.921
      3.998    336.383    -27.040    161.208     35.389    -58.080    -17.942
      3.999    336.419    -27.098    161.190     35.342    -58.075    -17.963
      4.000    336.454    -27.157    161.173     35.296    -58.069    -17.984
      4.001    336.489    -27.215    161.155     35.250    -58.063    -18.005
      4.002    336.524    -27.273    161.137     35.204    -58.057    -18.026
      4.003    336.560    -27.331    161.118     35.157    -58.052    -18.047
      4.004    336.595    -27.389    161.100     35.111    -58.046    -18.067
      4.005    336.630    -27.447    161.082     35.065    -58.040    -18.088
      4.006    336.665    -27.505    161.064     35.019    -58.034    -18.109
      4.007    336.700    -27.563    161.046     34.973    -58.028    -18.130
      4.008    336.735    -27.621    161.028     34.927    -58.023    -18.151
      4.009    336.770    -27.679    161.010     34.880    -58.017    -18.172
      4.010    336.805    -27.737    160.992     34.834    -58.011    -18.193
      4.011    336.839    -27.795    160.973     34.788    -58.005    -18.213
      4.012    336.874    -27.853    160.955     34.742    -57.999    -18.234
      4.013    336.909    -27.911    160.937     34.696    -57.993    -18.255
      4.014    336.944    -27.969    160.919     34.650    -57.988    -18.276
      4.015    336.978    -28.027    160.900     34.604    -57.982    -18.297
      4.016    337.013    -28.085    160.882     34.558    -57.976    -18.317
      4.017    337.047    -28.143    160.864     34.511    -57.970    -18.338
      4.018    337.082    -28.201    160.845     34.465    -57.964    -18.359
      4.019    337.116    -28.259    160.827     34.419    -57.958    -18.380
      4.020    337.151    -28.317    160.809     34.373    -57.952    -18.400
      4.021    337.185    -28.375    160.790     34.327    -57.946    -18.421
      4.022    337.219    -28.433    160.772     34.281    -57.941    -18.442
      4.023    337.254    -28.491    160.753     34.235    -57.935    -18.463
      4.024    337.288    -28.549    160.735     34.189    -57.929    -18.483
      4.025    337.322    -28.606    160.716     34.143    -57.923    -18.504
      4.026    337.356    -28.664    160.698     34.097    -57.917    -18.525
      4.027    337.390    -28.722    160.679     34.051    -57.911    -18.546
      4.028    337.424    -28.780    160.661     34.005    -57.905    -18.566
      4.029    337.458    -28.838    160.642     33.959    -57.899    -18.587
      4.030    337.492    -28.896    160.624     33.913    -57.893    -18.608
      4.031    337.526    -28.954    160.605     33.866    -57.887    -18.628
      4.032    337.560    -29.012    160.586     33.820    -57.881    -18.649
      4.033    337.594    -29.070    160.568     33.774    -57.875    -18.670
      4.034    337.627    -29.128    160.549     33.728    -57.869    -18.690
      4.035    337.661    -29.185    160.530     33.682    -57.863    -18.711
      4.036    337.695    -29.243    160.512     33.636    -57.857    -18.732
      4.037    337.728    -29.301    160.493     33.590    -57.851    -18.752
      4.038    337.762    -29.359    160.474     33.544    -57.845    -18.773
      4.039    337.795    -29.417    160.455     33.498    -57.839    -18.793
      4.040    337.829    -29.475    160.437     33.452    -57.833    -18.814
      4.041    337.862    -29.532    160.418     33.406    -57.827    -18.835
      4.042    337.896    -29.590    160.399     33.361    -57.821    -18.855
      4.043    337.929    -29.648    160.380     33.315    -57.815    -18.876
      4.044    337.962    -29.706    160.361     33.269    -57.809    -18.896
      4.045    337.996    -29.764    160.342     33.223    -57.803    -18.917
      4.046    338.029    -29.822    160.323     33.177    -57.797    -18.938
      4.047    338.062    -29.879    160.304     33.131    -57.791    -18.958
      4.048    338.095    -29.937    160.285     33.085    -57.784    -18.979
      4.049    338.128    -29.995    160.266     33.039    -57.778    -18.999
      4.050    338.161    -30.053    160.247     32.993    -57.772    -19.020
      4.051    338.194    -30.110    160.228     32.947    -57.766    -19.040
      4.052    338.227    -30.168    160.209     32.901    -57.760    -19.061
      4.053    338.260    -30.226    160.190     32.855    -57.754    -19.081
      4.054    338.293    -30.284    160.171     32.809    -57.748    -19.102
      4.055    338.325    -30.341    160.152     32.763    -57.742    -19.122
      4.056    338.358    -30.399    160.133     32.718    -57.735    -19.143
      4.057    338.391    -30.457    160.114     32.672    -57.729    -19.163
      4.058    338.424    -30.515    160.095     32.626    -57.723    -19.184
      4.059    338.456    -30.572    160.075     32.580    -57.717    -19.204
      4.060    338.489    -30.630    160.056     32.534    -57.711    -19.225
      4.061    338.521    -30.688    160.037     32.488    -57.705    -19.245
      4.062    338.554    -30.745    160.018     32.442    -57.698    -19.265
      4.063    338.586    -30.803    159.998     32.397    -57.692    -19.286
      4.064    338.618    -30.861    159.979     32.351    -57.686    -19.306
      4.065    338.651    -30.919    159.960     32.305    -57.680    -19.327
      4.066    338.683    -30.976    159.940     32.259    -57.674    -19.347
      4.067    338.715    -31.034    159.921     32.213    -57.667    -19.368
      4.068    338.748    -31.092    159.902     32.167    -57.661    -19.388
      4.069    338.780    -31.149    159.882     32.122    -57.655    -19.408
      4.070    338.812    -31.207    159.863     32.076    -57.649    -19.429
      4.071    338.844    -31.265    159.843     32.030    -57.642    -19.449
      4.072    338.876    -31.322    159.824     31.984    -57.636    -19.469
      4.073    338.908    -31.380    159.804     31.938    -57.630    -19.490
      4.074    338.940    -31.437    159.785     31.893    -57.624    -19.510
      4.075    338.972    -31.495    159.765     31.847    -57.617    -19.531
      4.076    339.003    -31.553    159.746     31.801    -57.611    -19.551
      4.077    339.035    -31.610    159.726     31.755    -57.605    -19.571
      4.078    339.067    -31.668    159.707     31.709    -57.598    -19.592
      4.079    339.099    -31.725    159.687     31.664    -57.592    -19.612
      4.080    339.130    -31.783    159.668     31.618    -57.586    -19.632
      4.081    339.162    -31.841    159.648     31.572    -57.579    -19.652
      4.082    339.193    -31.898    159.628     31.526    -57.573    -19.673
      4.083    339.225    -31.956    159.609     31.481    -57.567    -19.693
      4.084    339.256    -32.013    159.589     31.435    -57.560    -19.713
      4.085    339.288    -32.071    159.569     31.389    -57.554    -19.734
      4.086    339.319    -32.128    159.549     31.344    -57.548    -19.754
      4.087    339.350    -32.186    159.530     31.298    -57.541    -19.774
      4.088    339.382    -32.244    159.510     31.252    -57.535    -19.794
      4.089    339.413    -32.301    159.490     31.206    -57.529    -19.815
      4.090    339.444    -32.359    159.470     31.161    -57.522    -19.835
      4.091    339.475    -32.416    159.450     31.115    -57.516    -19.855
      4.092    339.506    -32.474    159.431     31.069    -57.509    -19.875
      4.093    339.537    -32.531    159.411     31.024    -57.503    -19.896
      4.094    339.568    -32.589    159.391     30.978    -57.497    -19.916
      4.095    339.599    -32.646    159.371     30.932    -57.490    -19.936
      4.096    339.630    -32.704    159.351     30.887    -57.484    -19.956
      4.097    339.661    -32.761    159.331     30.841    -57.477    -19.976
      4.098    339.692    -32.819    159.311     30.795    -57.471    -19.996
      4.099    339.723    -32.876    159.291     30.750    -57.464    -20.017
      4.100    339.753    -32.933    159.271     30.704    -57.458    -20.037
      4.101    339.784    -32.991    159.251     30.658    -57.452    -20.057
      4.102    339.815    -33.048    159.231     30.613    -57.445    -20.077
      4.103    339.845    -33.106    159.211     30.567    -57.439    -20.097
      4.104    339.876    -33.163    159.191     30.521    -57.432    -20.117
      4.105    339.906    -33.221    159.170     30.476    -57.426    -20.138
      4.106    339.937    -33.278    159.150     30.430    -57.419    -20.158
      4.107    339.967    -33.336    159.130     30.385    -57.413    -20.178
      4.108    339.998    -33.393    159.110     30.339    -57.406    -20.198
      4.109    340.028    -33.450    159.090     30.293    -57.400    -20.218
      4.110    340.058    -33.508    159.069     30.248    -57.393    -20.238
      4.111    340.088    -33.565    159.049     30.202    -57.386    -20.258
      4.112    340.119    -33.623    159.029     30.157    -57.380    -20.278
      4.113    340.149    -33.680    159.009     30.111    -57.373    -20.298
      4.114    340.179    -33.737    158.988     30.065    -57.367    -20.318
      4.115    340.209    -33.795    158.968     30.020    -57.360    -20.338
      4.116    340.239    -33.852    158.948     29.974    -57.354    -20.358
      4.117    340.269    -33.909    158.927     29.929    -57.347    -20.379
      4.118    340.299    -33.967    158.907     29.883    -57.341    -20.399
      4.119    340.329    -34.024    158.887     29.838    -57.334    -20.419
      4.120    340.358    -34.081    158.866     29.792    -57.327    -20.439
      4.121    340.388    -34.139    158.846     29.747    -57.321    -20.459
      4.122    340.418    -34.196    158.825     29.701    -57.314    -20.479
      4.123    340.448    -34.253    158.805     29.656    -57.308    -20.499
      4.124    340.477    -34.311    158.784     29.610    -57.301    -20.519
      4.125    340.507    -34.368    158.764     29.564    -57.294    -20.539
      4.126    340.536    -34.425    158.743     29.519    -57.288    -20.559
      4.127    340.566    -34.482    158.723     29.473    -57.281    -20.579
      4.128    340.595    -34.540    158.702     29.428    -57.274    -20.599
      4.129    340.625    -34.597    158.681     29.382    -57.268    -20.618
      4.130    340.654    -34.654    158.661     29.337    -57.261    -20.638
      4.131    340.683    -34.712    158.640     29.291    -57.254    -20.658
      4.132    340.713    -34.769    158.619     29.246    -57.248    -20.678
      4.133    340.742    -34.826    158.599     29.201    -57.241    -20.698
      4.134    340.771    -34.883    158.578     29.155    -57.234    -20.718
      4.135    340.800    -34.941    158.557     29.110    -57.228    -20.738
      4.136    340.829    -34.998    158.537     29.064    -57.221    -20.758
      4.137    340.858    -35.055    158.516     29.019    -57.214    -20.778
      4.138    340.887    -35.112    158.495     28.973    -57.207    -20.798
      4.139    340.916    -35.169    158.474     28.928    -57.201    -20.818
      4.140    340.945    -35.227    158.453     28.882    -57.194    -20.838
      4.141    340.974    -35.284    158.432     28.837    -57.187    -20.857
      4.142    341.003    -35.341    158.412     28.791    -57.180    -20.877
      4.143    341.032    -35.398    158.391     28.746    -57.174    -20.897
      4.144    341.060    -35.455    158.370     28.701    -57.167    -20.917
      4.145    341.089    -35.512    158.349     28.655    -57.160    -20.937
      4.146    341.118    -35.570    158.328     28.610    -57.153    -20.957
      4.147    341.146    -35.627    158.307     28.564    -57.147    -20.976
      4.148    341.175    -35.684    158.286     28.519    -57.140    -20.996
      4.149    341.203    -35.741    158.265     28.474    -57.133    -21.016
      4.150    341.232    -35.798    158.244     28.428    -57.126    -21.036
      4.151    341.260    -35.855    158.223     28.383    -57.119    -21.056
      4.152    341.288    -35.912    158.202     28.337    -57.113    -21.076
      4.153    341.317    -35.970    158.181     28.292    -57.106    -21.095
      4.154    341.345    -36.027    158.160     28.247    -57.099    -21.115
      4.155    341.373    -36.084    158.139     28.201    -57.092    -21.135
      4.156    341.401    -36.141    158.117     28.156    -57.085    -21.155
      4.157    341.430    -36.198    158.096     28.111    -57.078    -21.174
      4.158    341.458    -36.255    158.075     28.065    -57.072    -21.194
      4.159    341.486    -36.312    158.054     28.020    -57.065    -21.214
      4.160    341.514    -36.369    158.033     27.975    -57.058    -21.234
      4.161    341.542    -36.426    158.011     27.929    -57.051    -21.253
      4.162    341.570    -36.483    157.990     27.884    -57.044    -21.273
      4.163    341.597    -36.540    157.969     27.839    -57.037    -21.293
      4.164    341.625    -36.597    157.948     27.793    -57.030    -21.313
      4.165    341.653    -36.654    157.926     27.748    -57.023    -21.332
      4.166    341.681    -36.711    157.905     27.703    -57.016    -21.352
      4.167    341.708    -36.768    157.884     27.657    -57.010    -21.372
      4.168    341.736    -36.825    157.862     27.612    -57.003    -21.391
      4.169    341.764    -36.882    157.841     27.567    -56.996    -21.411
      4.170    341.791    -36.939    157.819     27.521    -56.989    -21.431
      4.171    341.819    -36.996    157.798     27.476    -56.982    -21.450
      4.172    341.846    -37.053    157.776     27.431    -56.975    -21.470
      4.173    341.874    -37.110    157.755     27.386    -56.968    -21.490
      4.174    341.901    -37.167    157.733     27.340    -56.961    -21.509
      4.175    341.928    -37.224    157.712     27.295    -56.954    -21.529
      4.176    341.956    -37.281    157.690     27.250    -56.947    -21.549
      4.177    341.983    -37.338    157.669     27.204    -56.940    -21.568
      4.178    342.010    -37.395    157.647     27.159    -56.933    -21.588
      4.179    342.037    -37.452    157.626     27.114    -56.926    -21.607
      4.180    342.064    -37.509    157.604     27.069    -56.919    -21.627
      4.181    342.091    -37.566    157.582     27.023    -56.912    -21.647
      4.182    342.118    -37.623    157.561     26.978    -56.905    -21.666
      4.183    342.145    -37.680    157.539     26.933    -56.898    -21.686
      4.184    342.172    -37.736    157.517     26.888    -56.891    -21.705
      4.185    342.199    -37.793    157.496     26.843    -56.884    -21.725
      4.186    342.226    -37.850    157.474     26.797    -56.877    -21.744
      4.187    342.253    -37.907    157.452     26.752    -56.870    -21.764
      4.188    342.279    -37.964    157.430     26.707    -56.863    -21.784
      4.189    342.306    -38.021    157.409     26.662    -56.856    -21.803
      4.190    342.333    -38.078    157.387     26.617    -56.848    -21.823
      4.191    342.359    -38.135    157.365     26.571    -56.841    -21.842
      4.192    342.386    -38.191    157.343     26.526    -56.834    -21.862
      4.193    342.412    -38.248    157.321     26.481    -56.827    -21.881
      4.194    342.439    -38.305    157.299     26.436    -56.820    -21.901
      4.195    342.465    -38.362    157.277     26.391    -56.813    -21.920
      4.196    342.491    -38.419    157.255     26.345    -56.806    -21.940
      4.197    342.518    -38.475    157.234     26.300    -56.799    -21.959
      4.198    342.544    -38.532    157.212     26.255    -56.792    -21.979
      4.199    342.570    -38.589    157.190     26.210    -56.785    -21.998
      4.200    342.596    -38.646    157.168     26.165    -56.777    -22.018
      4.201    342.623    -38.703    157.146     26.120    -56.770    -22.037
      4.202    342.649    -38.759    157.123     26.074    -56.763    -22.057
      4.203    342.675    -38.816    157.101     26.029    -56.756    -22.076
      4.204    342.701    -38.873    157.079     25.984    -56.749    -22.095
      4.205    342.727    -38.930    157.057     25.939    -56.742    -22.115
      4.206    342.753    -38.986    157.035     25.894    -56.734    -22.134
      4.207    342.779    -39.043    157.013     25.849    -56.727    -22.154
      4.208    342.804    -39.100    156.991     25.804    -56.720    -22.173
      4.209    342.830    -39.157    156.969     25.759    -56.713    -22.192
      4.210    342.856    -39.213    156.946     25.714    -56.706    -22.212
      4.211    342.882    -39.270    156.924     25.668    -56.698    -22.231
      4.212    342.907    -39.327    156.902     25.623    -56.691    -22.251
      4.213    342.933    -39.383    156.880     25.578    -56.684    -22.270
      4.214    342.958    -39.440    156.857     25.533    -56.677    -22.289
      4.215    342.984    -39.497    156.835     25.488    -56.669    -22.309
      4.216    343.009    -39.553    156.813     25.443    -56.662    -22.328
      4.217    343.035    -39.610    156.790     25.398    -56.655    -22.347
      4.218    343.060    -39.667    156.768     25.353    -56.648    -22.367
      4.219    343.085    -39.723    156.746     25.308    -56.640    -22.386
      4.220    343.111    -39.780    156.723     25.263    -56.633    -22.406
      4.221    343.136    -39.837    156.701     25.218    -56.626    -22.425
      4.222    343.161    -39.893    156.678     25.173    -56.619    -22.444
      4.223    343.186    -39.950    156.656     25.128    -56.611    -22.463
      4.224    343.211    -40.006    156.634     25.083    -56.604    -22.483
      4.225    343.236    -40.063    156.611     25.037    -56.597    -22.502
      4.226    343.262    -40.120    156.589     24.992    -56.589    -22.521
      4.227    343.286    -40.176    156.566     24.947    -56.582    -22.541
      4.228    343.311    -40.233    156.543     24.902    -56.575    -22.560
      4.229    343.336    -40.289    156.521     24.857    -56.567    -22.579
      4.230    343.361    -40.346    156.498     24.812    -56.560    -22.598
      4.231    343.386    -40.402    156.476     24.767    -56.553    -22.618
      4.232    343.411    -40.459    156.453     24.722    -56.545    -22.637
      4.233    343.435    -40.516    156.430     24.677    -56.538    -22.656
      4.234    343.460    -40.572    156.408     24.632    -56.531    -22.675
      4.235    343.485    -40.629    156.385     24.587    -56.523    -22.695
      4.236    343.509    -40.685    156.362     24.542    -56.516    -22.714
      4.237    343.534    -40.742    156.340     24.497    -56.508    -22.733
      4.238    343.558    -40.798    156.317     24.452    -56.501    -22.752
      4.239    343.583    -40.855    156.294     24.407    -56.494    -22.772
      4.240    343.607    -40.911    156.271     24.362    -56.486    -22.791
      4.241    343.631    -40.968    156.249     24.317    -56.479    -22.810
      4.242    343.656    -41.024    156.226     24.273    -56.471    -22.829
      4.243    343.680    -41.081    156.203     24.228    -56.464    -22.848
      4.244    343.704    -41.137    156.180     24.183    -56.456    -22.868
      4.245    343.728    -41.193    156.157     24.138    -56.449    -22.887
      4.246    343.752    -41.250    156.134     24.093    -56.442    -22.906
      4.247    343.776    -41.306    156.111     24.048    -56.434    -22.925
      4.248    343.800    -41.363    156.088     24.003    -56.427    -22.944
      4.249    343.824    -41.419    156.065     23.958    -56.419    -22.963
      4.250    343.848    -41.476    156.042     23.913    -56.412    -22.982
      4.251    343.872    -41.532    156.020     23.868    -56.404    -23.002
      4.252    343.896    -41.588    155.996     23.823    -56.397    -23.021
      4.253    343.920    -41.645    155.973     23.778    -56.389    -23.040
      4.254    343.944    -41.701    155.950     23.733    -56.382    -23.059
      4.255    343.967    -41.758    155.927     23.688    -56.374    -23.078
      4.256    343.991    -41.814    155.904     23.644    -56.367    -23.097
      4.257    344.015    -41.870    155.881     23.599    -56.359    -23.116
      4.258    344.038    -41.927    155.858     23.554    -56.352    -23.135
      4.259    344.062    -41.983    155.835     23.509    -56.344    -23.154
      4.260    344.085    -42.039    155.812     23.464    -56.337    -23.173
      4.261    344.109    -42.096    155.789     23.419    -56.329    -23.193
      4.262    344.132    -42.152    155.765     23.374    -56.321    -23.212
      4.263    344.155    -42.208    155.742     23.329    -56.314    -23.231
      4.264    344.179    -42.265    155.719     23.284    -56.306    -23.250
      4.265    344.202    -42.321    155.696     23.240    -56.299    -23.269
      4.266    344.225    -42.377    155.672     23.195    -56.291    -23.288
      4.267    344.248    -42.434    155.649     23.150    -56.284    -23.307
      4.268    344.272    -42.490    155.626     23.105    -56.276    -23.326
      4.269    344.295    -42.546    155.602     23.060    -56.268    -23.345
      4.270    344.318    -42.602    155.579     23.015    -56.261    -23.364
      4.271    344.341    -42.659    155.556     22.971    -56.253    -23.383
      4.272    344.364    -42.715    155.532     22.926    -56.246    -23.402
      4.273    344.386    -42.771    155.509     22.881    -56.238    -23.421
      4.274    344.409    -42.827    155.485     22.836    -56.230    -23.440
      4.275    344.432    -42.884    155.462     22.791    -56.223    -23.459
      4.276    344.455    -42.940    155.439     22.746    -56.215    -23.478
      4.277    344.478    -42.996    155.415     22.702    -56.207    -23.497
      4.278    344.500    -43.052    155.392     22.657    -56.200    -23.516
      4.279    344.523    -43.108    155.368     22.612    -56.192    -23.535
      4.280    344.546    -43.165    155.344     22.567    -56.184    -23.554
      4.281    344.568    -43.221    155.321     22.522    -56.177    -23.572
      4.282    344.591    -43.277    155.297     22.478    -56.169    -23.591
      4.283    344.613    -43.333    155.274     22.433    -56.161    -23.610
      4.284    344.635    -43.389    155.250     22.388    -56.154    -23.629
      4.285    344.658    -43.445    155.226     22.343    -56.146    -23.648
      4.286    344.680    -43.502    155.203     22.298    -56.138    -23.667
      4.287    344.702    -43.558    155.179     22.254    -56.130    -23.686
      4.288    344.725    -43.614    155.155     22.209    -56.123    -23.705
      4.289    344.747    -43.670    155.132     22.164    -56.115    -23.724
      4.290    344.769    -43.726    155.108     22.119    -56.107    -23.743
      4.291    344.791    -43.782    155.084     22.075    -56.099    -23.762
      4.292    344.813    -43.838    155.060     22.030    -56.092    -23.780
      4.293    344.835    -43.894    155.037     21.985    -56.084    -23.799
      4.294    344.857    -43.950    155.013     21.940    -56.076    -23.818
      4.295    344.879    -44.006    154.989     21.896    -56.068    -23.837
      4.296    344.901    -44.063    154.965     21.851    -56.061    -23.856
      4.297    344.923    -44.119    154.941     21.806    -56.053    -23.875
      4.298    344.945    -44.175    154.917     21.761    -56.045    -23.893
      4.299    344.966    -44.231    154.894     21.717    -56.037    -23.912
      4.300    344.988    -44.287    154.870     21.672    -56.029    -23.931
      4.301    345.010    -44.343    154.846     21.627    -56.022    -23.950
      4.302    345.031    -44.399    154.822     21.583    -56.014    -23.969
      4.303    345.053    -44.455    154.798     21.538    -56.006    -23.987
      4.304    345.074    -44.511    154.774     21.493    -55.998    -24.006
      4.305    345.096    -44.567    154.750     21.448    -55.990    -24.025
      4.306    345.117    -44.623    154.726     21.404    -55.982    -24.044
      4.307    345.139    -44.679    154.702     21.359    -55.975    -24.063
      4.308    345.160    -44.735    154.678     21.314    -55.967    -24.081
      4.309    345.181    -44.791    154.653     21.270    -55.959    -24.100
      4.310    345.202    -44.847    154.629     21.225    -55.951    -24.119
      4.311    345.224    -44.903    154.605     21.180    -55.943    -24.138
      4.312    345.245    -44.959    154.581     21.136    -55.935    -24.156
      4.313    345.266    -45.014    154.557     21.091    -55.927    -24.175
      4.314    345.287    -45.070    154.533     21.046    -55.919    -24.194
      4.315    345.308    -45.126    154.509     21.002    -55.912    -24.213
      4.316    345.329    -45.182    154.484     20.957    -55.904    -24.231
      4.317    345.350    -45.238    154.460     20.912    -55.896    -24.250
      4.318    345.371    -45.294    154.436     20.868    -55.888    -24.269
      4.319    345.392    -45.350    154.412     20.823    -55.880    -24.287
      4.320    345.412    -45.406    154.387     20.778    -55.872    -24.306
      4.321    345.433    -45.462    154.363     20.734    -55.864    -24.325
      4.322    345.454    -45.517    154.339     20.689    -55.856    -24.343
      4.323    345.475    -45.573    154.314     20.645    -55.848    -24.362
      4.324    345.495    -45.629    154.290     20.600    -55.840    -24.381
      4.325    345.516    -45.685    154.265     20.555    -55.832    -24.399
      4.326    345.536    -45.741    154.241     20.511    -55.824    -24.418
      4.327    345.557    -45.797    154.217     20.466    -55.816    -24.437
      4.328    345.577    -45.852    154.192     20.422    -55.808    -24.455
      4.329    345.598    -45.908    154.168     20.377    -55.800    -24.474
      4.330    345.618    -45.964    154.143     20.332    -55.792    -24.493
      4.331    345.638    -46.020    154.119     20.288    -55.784    -24.511
      4.332    345.659    -46.076    154.094     20.243    -55.776    -24.530
      4.333    345.679    -46.131    154.070     20.199    -55.768    -24.549
      4.334    345.699    -46.187    154.045     20.154    -55.760    -24.567
      4.335    345.719    -46.243    154.021     20.109    -55.752    -24.586
      4.336    345.739    -46.299    153.996     20.065    -55.744    -24.604
      4.337    345.759    -46.354    153.971     20.020    -55.736    -24.623
      4.338    345.779    -46.410    153.947     19.976    -55.728    -24.642
      4.339    345.799    -46.466    153.922     19.931    -55.720    -24.660
      4.340    345.819    -46.522    153.897     19.887    -55.712    -24.679
      4.341    345.839    -46.577    153.873     19.842    -55.704    -24.697
      4.342    345.859    -46.633    153.848     19.797    -55.696    -24.716
      4.343    345.879    -46.689    153.823     19.753    -55.688    -24.734
      4.344    345.898    -46.744    153.798     19.708    -55.680    -24.753
      4.345    345.918    -46.800    153.774     19.664    -55.671    -24.771
      4.346    345.938    -46.856    153.749     19.619    -55.663    -24.790
      4.347    345.957    -46.911    153.724     19.575    -55.655    -24.809
      4.348    345.977    -46.967    153.699     19.530    -55.647    -24.827
      4.349    345.996    -47.023    153.675     19.486    -55.639    -24.846
      4.350    346.016    -47.078    153.650     19.441    -55.631    -24.864
      4.351    346.035    -47.134    153.625     19.397    -55.623    -24.883
      4.352    346.055    -47.190    153.600     19.352    -55.615    -24.901
      4.353    346.074    -47.245    153.575     19.308    -55.606    -24.920
      4.354    346.093    -47.301    153.550     19.263    -55.598    -24.938
      4.355    346.112    -47.356    153.525     19.219    -55.590    -24.957
      4.356    346.132    -47.412    153.500     19.174    -55.582    -24.975
      4.357    346.151    -47.468    153.475     19.130    -55.574    -24.993
      4.358    346.170    -47.523    153.450     19.085    -55.566    -25.012
      4.359    346.189    -47.579    153.425     19.041    -55.557    -25.030
      4.360    346.208    -47.634    153.400     18.996    -55.549    -25.049
      4.361    346.227    -47.690    153.375     18.952    -55.541    -25.067
      4.362    346.246    -47.745    153.350     18.907    -55.533    -25.086
      4.363    346.265    -47.801    153.325     18.863    -55.525    -25.104
      4.364    346.284    -47.856    153.300     18.818    -55.516    -25.123
      4.365    346.302    -47.912    153.275     18.774    -55.508    -25.141
      4.366    346.321    -47.967    153.249     18.729    -55.500    -25.159
      4.367    346.340    -48.023    153.224     18.685    -55.492    -25.178
      4.368    346.358    -48.078    153.199     18.640    -55.483    -25.196
      4.369    346.377    -48.134    153.174     18.596    -55.475    -25.215
      4.370    346.396    -48.189    153.149     18.551    -55.467    -25.233
      4.371    346.414    -48.245    153.123     18.507    -55.459    -25.251
      4.372    346.433    -48.300    153.098     18.462    -55.450    -25.270
      4.373    346.451    -48.356    153.073     18.418    -55.442    -25.288
      4.374    346.470    -48.411    153.048     18.374    -55.434    -25.306
      4.375    346.488    -48.467    153.022     18.329    -55.426    -25.325
      4.376    346.506    -48.522    152.997     18.285    -55.417    -25.343
      4.377    346.524    -48.577    152.972     18.240    -55.409    -25.362
      4.378    346.543    -48.633    152.946     18.196    -55.401    -25.380
      4.379    346.561    -48.688    152.921     18.151    -55.392    -25.398
      4.380    346.579    -48.744    152.895     18.107    -55.384    -25.417
      4.381    346.597    -48.799    152.870     18.063    -55.376    -25.435
      4.382    346.615    -48.854    152.845     18.018    -55.367    -25.453
      4.383    346.633    -48.910    152.819     17.974    -55.359    -25.471
      4.384    346.651    -48.965    152.794     17.929    -55.351    -25.490
      4.385    346.669    -49.020    152.768     17.885    -55.342    -25.508
      4.386    346.687    -49.076    152.743     17.841    -55.334    -25.526
      4.387    346.705    -49.131    152.717     17.796    -55.326    -25.545
      4.388    346.722    -49.186    152.692     17.752    -55.317    -25.563
      4.389    346.740    -49.242    152.666     17.707    -55.309    -25.581
      4.390    346.758    -49.297    152.640     17.663    -55.300    -25.600
      4.391    346.775    -49.352    152.615     17.619    -55.292    -25.618
      4.392    346.793    -49.408    152.589     17.574    -55.284    -25.636
      4.393    346.811    -49.463    152.563     17.530    -55.275    -25.654
      4.394    346.828    -49.518    152.538     17.486    -55.267    -25.673
      4.395    346.846    -49.573    152.512     17.441    -55.258    -25.691
      4.396    346.863    -49.629    152.486     17.397    -55.250    -25.709
      4.397    346.880    -49.684    152.461     17.353    -55.242    -25.727
      4.398    346.898    -49.739    152.435     17.308    -55.233    -25.745
      4.399    346.915    -49.794    152.409     17.264    -55.225    -25.764
      4.400    346.932    -49.850    152.383     17.219    -55.216    -25.782
      4.401    346.949    -49.905    152.358     17.175    -55.208    -25.800
      4.402    346.967    -49.960    152.332     17.131    -55.199    -25.818
      4.403    346.984    -50.015    152.306     17.086    -55.191    -25.836
      4.404    347.001    -50.070    152.280     17.042    -55.182    -25.855
      4.405    347.018    -50.126    152.254     16.998    -55.174    -25.873
      4.406    347.035    -50.181    152.228     16.953    -55.165    -25.891
      4.407    347.052    -50.236    152.203     16.909    -55.157    -25.909
      4.408    347.069    -50.291    152.177     16.865    -55.148    -25.927
      4.409    347.085    -50.346    152.151     16.821    -55.140    -25.946
      4.410    347.102    -50.401    152.125     16.776    -55.131    -25.964
      4.411    347.119    -50.456    152.099     16.732    -55.123    -25.982
      4.412    347.136    -50.512    152.073     16.688    -55.114    -26.000
      4.413    347.152    -50.567    152.047     16.643    -55.106    -26.018
      4.414    347.169    -50.622    152.021     16.599    -55.097    -26.036
      4.415    347.186    -50.677    151.995     16.555    -55.089    -26.054
      4.416    347.202    -50.732    151.969     16.510    -55.080    -26.072
      4.417    347.219    -50.787    151.943     16.466    -55.072    -26.091
      4.418    347.235    -50.842    151.916     16.422    -55.063    -26.109
      4.419    347.251    -50.897    151.890     16.378    -55.054    -26.127
      4.420    347.268    -50.952    151.864     16.333    -55.046    -26.145
      4.421    347.284    -51.007    151.838     16.289    -55.037    -26.163
      4.422    347.300    -51.062    151.812     16.245    -55.029    -26.181
      4.423    347.317    -51.117    151.786     16.200    -55.020    -26.199
      4.424    347.333    -51.172    151.759     16.156    -55.011    -26.217
      4.425    347.349    -51.227    151.733     16.112    -55.003    -26.235
      4.426    347.365    -51.282    151.707     16.068    -54.994    -26.253
      4.427    347.381    -51.337    151.681     16.023    -54.986    -26.271
      4.428    347.397    -51.392    151.654     15.979    -54.977    -26.289
      4.429    347.413    -51.447    151.628     15.935    -54.968    -26.308
      4.430    347.429    -51.502    151.602     15.891    -54.960    -26.326
      4.431    347.445    -51.557    151.575     15.846    -54.951    -26.344
      4.432    347.461    -51.612    151.549     15.802    -54.942    -26.362
      4.433    347.476    -51.667    151.523     15.758    -54.934    -26.380
      4.434    347.492    -51.722    151.496     15.714    -54.925    -26.398
      4.435    347.508    -51.777    151.470     15.669    -54.916    -26.416
      4.436    347.523    -51.832    151.444     15.625    -54.908    -26.434
      4.437    347.539    -51.887    151.417     15.581    -54.899    -26.452
      4.438    347.555    -51.942    151.391     15.537    -54.890    -26.470
      4.439    347.570    -51.996    151.364     15.493    -54.882    -26.488
      4.440    347.586    -52.051    151.338     15.448    -54.873    -26.506
      4.441    347.601    -52.106    151.311     15.404    -54.864    -26.524
      4.442    347.616    -52.161    151.285     15.360    -54.856    -26.542
      4.443    347.632    -52.216    151.258     15.316    -54.847    -26.560
      4.444    347.647    -52.271    151.231     15.272    -54.838    -26.577
      4.445    347.662    -52.326    151.205     15.227    -54.829    -26.595
      4.446    347.677    -52.380    151.178     15.183    -54.821    -26.613
      4.447    347.693    -52.435    151.152     15.139    -54.812    -26.631
      4.448    347.708    -52.490    151.125     15.095    -54.803    -26.649
      4.449    347.723    -52.545    151.098     15.051    -54.794    -26.667
      4.450    347.738    -52.600    151.072     15.006    -54.786    -26.685
      4.451    347.753    -52.654    151.045     14.962    -54.777    -26.703
      4.452    347.768    -52.709    151.018     14.918    -54.768    -26.721
      4.453    347.783    -52.764    150.992     14.874    -54.759    -26.739
      4.454    347.798    -52.819    150.965     14.830    -54.750    -26.757
      4.455    347.812    -52.873    150.938     14.786    -54.742    -26.775
      4.456    347.827    -52.928    150.911     14.741    -54.733    -26.793
      4.457    347.842    -52.983    150.884     14.697    -54.724    -26.810
      4.458    347.856    -53.038    150.858     14.653    -54.715    -26.828
      4.459    347.871    -53.092    150.831     14.609    -54.706    -26.846
      4.460    347.886    -53.147    150.804     14.565    -54.698    -26.864
      4.461    347.900    -53.202    150.777     14.521    -54.689    -26.882
      4.462    347.915    -53.256    150.750     14.476    -54.680    -26.900
      4.463    347.929    -53.311    150.723     14.432    -54.671    -26.918
      4.464    347.944    -53.366    150.696     14.388    -54.662    -26.935
      4.465    347.958    -53.420    150.669     14.344    -54.653    -26.953
      4.466    347.972    -53.475    150.642     14.300    -54.644    -26.971
      4.467    347.987    -53.530    150.615     14.256    -54.636    -26.989
      4.468    348.001    -53.584    150.588     14.212    -54.627    -27.007
      4.469    348.015    -53.639    150.561     14.167    -54.618    -27.025
      4.470    348.029    -53.694    150.534     14.123    -54.609    -27.042
      4.471    348.043    -53.748    150.507     14.079    -54.600    -27.060
      4.472    348.057    -53.803    150.480     14.035    -54.591    -27.078
      4.473    348.071    -53.857    150.453     13.991    -54.582    -27.096
      4.474    348.085    -53.912    150.426     13.947    -54.573    -27.114
      4.475    348.099    -53.967    150.399     13.903    -54.564    -27.131
      4.476    348.113    -54.021    150.372     13.859    -54.555    -27.149
      4.477    348.127    -54.076    150.345     13.815    -54.546    -27.167
      4.478    348.141    -54.130    150.318     13.770    -54.538    -27.185
      4.479    348.154    -54.185    150.290     13.726    -54.529    -27.202
      4.480    348.168    -54.239    150.263     13.682    -54.520    -27.220
      4.481    348.182    -54.294    150.236     13.638    -54.511    -27.238
      4.482    348.195    -54.348    150.209     13.594    -54.502    -27.256
      4.483    348.209    -54.403    150.181     13.550    -54.493    -27.273
      4.484    348.223    -54.457    150.154     13.506    -54.484    -27.291
      4.485    348.236    -54.512    150.127     13.462    -54.475    -27.309
      4.486    348.249    -54.566    150.099     13.418    -54.466    -27.327
      4.487    348.263    -54.621    150.072     13.374    -54.457    -27.344
      4.488    348.276    -54.675    150.045     13.330    -54.448    -27.362
      4.489    348.290    -54.730    150.017     13.286    -54.439    -27.380
      4.490    348.303    -54.784    149.990     13.242    -54.430    -27.398
      4.491    348.316    -54.838    149.963     13.197    -54.421    -27.415
      4.492    348.329    -54.893    149.935     13.153    -54.412    -27.433
      4.493    348.342    -54.947    149.908     13.109    -54.403    -27.451
      4.494    348.355    -55.002    149.880     13.065    -54.394    -27.468
      4.495    348.368    -55.056    149.853     13.021    -54.385    -27.486
      4.496    348.381    -55.110    149.825     12.977    -54.375    -27.504
      4.497    348.394    -55.165    149.798     12.933    -54.366    -27.521
      4.498    348.407    -55.219    149.770     12.889    -54.357    -27.539
      4.499    348.420    -55.273    149.743     12.845    -54.348    -27.557
      4.500    348.433    -55.328    149.715     12.801    -54.339    -27.574
      4.501    348.446    -55.382    149.688     12.757    -54.330    -27.592
      4.502    348.458    -55.436    149.660     12.713    -54.321    -27.610
      4.503    348.471    -55.491    149.632     12.669    -54.312    -27.627
      4.504    348.484    -55.545    149.605     12.625    -54.303    -27.645
      4.505    348.496    -55.599    149.577     12.581    -54.294    -27.662
      4.506    348.509    -55.654    149.549     12.537    -54.285    -27.680
      4.507    348.522    -55.708    149.522     12.493    -54.275    -27.698
      4.508    348.534    -55.762    149.494     12.449    -54.266    -27.715
      4.509    348.546    -55.817    149.466     12.405    -54.257    -27.733
      4.510    348.559    -55.871    149.439     12.361    -54.248    -27.750
      4.511    348.571    -55.925    149.411     12.317    -54.239    -27.768
      4.512    348.583    -55.979    149.383     12.273    -54.230    -27.786
      4.513    348.596    -56.033    149.355     12.229    -54.221    -27.803
      4.514    348.608    -56.088    149.327     12.185    -54.211    -27.821
      4.515    348.620    -56.142    149.300     12.141    -54.202    -27.838
      4.516    348.632    -56.196    149.272     12.097    -54.193    -27.856
      4.517    348.644    -56.250    149.244     12.053    -54.184    -27.873
      4.518    348.656    -56.304    149.216     12.009    -54.175    -27.891
      4.519    348.668    -56.359    149.188     11.965    -54.165    -27.909
      4.520    348.680    -56.413    149.160     11.921    -54.156    -27.926
      4.521    348.692    -56.467    149.132     11.877    -54.147    -27.944
      4.522    348.704    -56.521    149.104     11.833    -54.138    -27.961
      4.523    348.716    -56.575    149.076     11.789    -54.129    -27.979
      4.524    348.728    -56.629    149.048     11.745    -54.119    -27.996
      4.525    348.739    -56.683    149.020     11.701    -54.110    -28.014
      4.526    348.751    -56.738    148.992     11.657    -54.101    -28.031
      4.527    348.763    -56.792    148.964     11.613    -54.092    -28.049
      4.528    348.774    -56.846    148.936     11.569    -54.082    -28.066
      4.529    348.786    -56.900    148.908     11.525    -54.073    -28.084
      4.530    348.797    -56.954    148.880     11.481    -54.064    -28.101
      4.531    348.809    -57.008    148.852     11.437    -54.055    -28.119
      4.532    348.820    -57.062    148.824     11.393    -54.045    -28.136
      4.533    348.831    -57.116    148.796     11.349    -54.036    -28.154
      4.534    348.843    -57.170    148.767     11.305    -54.027    -28.171
      4.535    348.854    -57.224    148.739     11.262    -54.017    -28.189
      4.536    348.865    -57.278    148.711     11.218    -54.008    -28.206
      4.537    348.877    -57.332    148.683     11.174    -53.999    -28.223
      4.538    348.888    -57.386    148.655     11.130    -53.989    -28.241
      4.539    348.899    -57.440    148.626     11.086    -53.980    -28.258
      4.540    348.910    -57.494    148.598     11.042    -53.971    -28.276
      4.541    348.921    -57.548    148.570     10.998    -53.961    -28.293
      4.542    348.932    -57.602    148.542     10.954    -53.952    -28.311
      4.543    348.943    -57.656    148.513     10.910    -53.943    -28.328
      4.544    348.954    -57.710    148.485     10.866    -53.933    -28.345
      4.545    348.964    -57.764    148.457     10.822    -53.924    -28.363
      4.546    348.975    -57.818    148.428     10.778    -53.915    -28.380
      4.547    348.986    -57.872    148.400     10.734    -53.905    -28.398
      4.548    348.997    -57.926    148.371     10.691    -53.896    -28.415
      4.549    349.007    -57.979    148.343     10.647    -53.887    -28.432
      4.550    349.018    -58.033    148.315     10.603    -53.877    -28.450
      4.551    349.029    -58.087    148.286     10.559    -53.868    -28.467
      4.552    349.039    -58.141    148.258     10.515    -53.858    -28.485
      4.553    349.050    -58.195    148.229     10.471    -53.849    -28.502
      4.554    349.060    -58.249    148.201     10.427    -53.840    -28.519
      4.555    349.071    -58.303    148.172     10.383    -53.830    -28.537
      4.556    349.081    -58.356    148.143     10.339    -53.821    -28.554
      4.557    349.091    -58.410    148.115     10.296    -53.811    -28.571
      4.558    349.101    -58.464    148.086     10.252    -53.802    -28.589
      4.559    349.112    -58.518    148.058     10.208    -53.792    -28.606
      4.560    349.122    -58.572    148.029     10.164    -53.783    -28.623
      4.561    349.132    -58.625    148.001     10.120    -53.773    -28.641
      4.562    349.142    -58.679    147.972     10.076    -53.764    -28.658
      4.563    349.152    -58.733    147.943     10.032    -53.755    -28.675
      4.564    349.162    -58.787    147.915      9.988    -53.745    -28.693
      4.565    349.172    -58.840    147.886      9.945    -53.736    -28.710
      4.566    349.182    -58.894    147.857      9.901    -53.726    -28.727
      4.567    349.192    -58.948    147.828      9.857    -53.717    -28.744
      4.568    349.202    -59.002    147.800      9.813    -53.707    -28.762
      4.569    349.212    -59.055    147.771      9.769    -53.698    -28.779
      4.570    349.221    -59.109    147.742      9.725    -53.688    -28.796
      4.571    349.231    -59.163    147.713      9.681    -53.679    -28.814
      4.572    349.241    -59.216    147.684      9.638    -53.669    -28.831
      4.573    349.250    -59.270    147.656      9.594    -53.659    -28.848
      4.574    349.260    -59.324    147.627      9.550    -53.650    -28.865
      4.575    349.269    -59.377    147.598      9.506    -53.640    -28.883
      4.576    349.279    -59.431    147.569      9.462    -53.631    -28.900
      4.577    349.288    -59.485    147.540      9.418    -53.621    -28.917
      4.578    349.298    -59.538    147.511      9.374    -53.612    -28.934
      4.579    349.307    -59.592    147.482      9.331    -53.602    -28.952
      4.580    349.316    -59.645    147.453      9.287    -53.593    -28.969
      4.581    349.326    -59.699    147.424      9.243    -53.583    -28.986
      4.582    349.335    -59.753    147.395      9.199    -53.573    -29.003
      4.583    349.344    -59.806    147.366      9.155    -53.564    -29.020
      4.584    349.353    -59.860    147.337      9.112    -53.554    -29.038
      4.585    349.362    -59.913    147.308      9.068    -53.545    -29.055
      4.586    349.371    -59.967    147.279      9.024    -53.535    -29.072
      4.587    349.380    -60.020    147.250      8.980    -53.525    -29.089
      4.588    349.389    -60.074    147.221      8.936    -53.516    -29.106
      4.589    349.398    -60.127    147.192      8.892    -53.506    -29.124
      4.590    349.407    -60.181    147.163      8.849    -53.496    -29.141
      4.591    349.416    -60.234    147.134      8.805    -53.487    -29.158
      4.592    349.425    -60.288    147.104      8.761    -53.477    -29.175
      4.593    349.433    -60.341    147.075      8.717    -53.467    -29.192
      4.594    349.442    -60.395    147.046      8.673    -53.458    -29.209
      4.595    349.451    -60.448    147.017      8.630    -53.448    -29.226
      4.596    349.459    -60.502    146.988      8.586    -53.438    -29.244
      4.597    349.468    -60.555    146.958      8.542    -53.429    -29.261
      4.598    349.476    -60.608    146.929      8.498    -53.419    -29.278
      4.599    349.485    -60.662    146.900      8.455    -53.409    -29.295
      4.600    349.493    -60.715    146.870      8.411    -53.400    -29.312
      4.601    349.502    -60.769    146.841      8.367    -53.390    -29.329
      4.602    349.510    -60.822    146.812      8.323    -53.380    -29.346
      4.603    349.518    -60.875    146.782      8.279    -53.371    -29.363
      4.604    349.527    -60.929    146.753      8.236    -53.361    -29.381
      4.605    349.535    -60.982    146.724      8.192    -53.351    -29.398
      4.606    349.543    -61.036    146.694      8.148    -53.341    -29.415
      4.607    349.551    -61.089    146.665      8.104    -53.332    -29.432
      4.608    349.559    -61.142    146.635      8.061    -53.322    -29.449
      4.609    349.567    -61.196    146.606      8.017    -53.312    -29.466
      4.610    349.575    -61.249    146.576      7.973    -53.302    -29.483
      4.611    349.583    -61.302    146.547      7.929    -53.293    -29.500
      4.612    349.591    -61.355    146.517      7.885    -53.283    -29.517
      4.613    349.599    -61.409    146.488      7.842    -53.273    -29.534
      4.614    349.607    -61.462    146.458      7.798    -53.263    -29.551
      4.615    349.615    -61.515    146.429      7.754    -53.253    -29.568
      4.616    349.622    -61.568    146.399      7.710    -53.244    -29.585
      4.617    349.630    -61.622    146.370      7.667    -53.234    -29.602
      4.618    349.638    -61.675    146.340      7.623    -53.224    -29.619
      4.619    349.645    -61.728    146.310      7.579    -53.214    -29.636
      4.620    349.653    -61.781    146.281      7.535    -53.204    -29.654
      4.621    349.660    -61.835    146.251      7.492    -53.195    -29.671
      4.622    349.668    -61.888    146.221      7.448    -53.185    -29.688
      4.623    349.675    -61.941    146.192      7.404    -53.175    -29.705
      4.624    349.683    -61.994    146.162      7.361    -53.165    -29.722
      4.625    349.690    -62.047    146.132      7.317    -53.155    -29.739
      4.626    349.697    -62.100    146.103      7.273    -53.145    -29.756
      4.627    349.705    -62.154    146.073      7.229    -53.135    -29.773
      4.628    349.712    -62.207    146.043      7.186    -53.126    -29.790
      4.629    349.719    -62.260    146.013      7.142    -53.116    -29.806
      4.630    349.726    -62.313    145.983      7.098    -53.106    -29.823
      4.631    349.733    -62.366    145.954      7.054    -53.096    -29.840
      4.632    349.740    -62.419    145.924      7.011    -53.086    -29.857
      4.633    349.747    -62.472    145.894      6.967    -53.076    -29.874
      4.634    349.754    -62.525    145.864      6.923    -53.066    -29.891
      4.635    349.761    -62.578    145.834      6.880    -53.056    -29.908
      4.636    349.768    -62.631    145.804      6.836    -53.046    -29.925
      4.637    349.775    -62.684    145.774      6.792    -53.036    -29.942
      4.638    349.781    -62.737    145.744      6.748    -53.026    -29.959
      4.639    349.788    -62.790    145.714      6.705    -53.017    -29.976
      4.640    349.795    -62.843    145.684      6.661    -53.007    -29.993
      4.641    349.801    -62.896    145.654      6.617    -52.997    -30.010
      4.642    349.808    -62.949    145.624      6.574    -52.987    -30.027
      4.643    349.815    -63.002    145.594      6.530    -52.977    -30.044
      4.644    349.821    -63.055    145.564      6.486    -52.967    -30.061
      4.645    349.828    -63.108    145.534      6.443    -52.957    -30.077
      4.646    349.834    -63.161    145.504      6.399    -52.947    -30.094
      4.647    349.840    -63.214    145.474      6.355    -52.937    -30.111
      4.648    349.847    -63.267    145.444      6.312    -52.927    -30.128
      4.649    349.853    -63.320    145.414      6.268    -52.917    -30.145
      4.650    349.859    -63.373    145.384      6.224    -52.907    -30.162
      4.651    349.865    -63.426    145.353      6.181    -52.897    -30.179
      4.652    349.872    -63.479    145.323      6.137    -52.887    -30.196
      4.653    349.878    -63.532    145.293      6.093    -52.877    -30.212
      4.654    349.884    -63.585    145.263      6.049    -52.867    -30.229
      4.655    349.890    -63.637    145.232      6.006    -52.857    -30.246
      4.656    349.896    -63.690    145.202      5.962    -52.847    -30.263
      4.657    349.902    -63.743    145.172      5.918    -52.837    -30.280
      4.658    349.908    -63.796    145.142      5.875    -52.826    -30.297
      4.659    349.913    -63.849    145.111      5.831    -52.816    -30.313
      4.660    349.919    -63.902    145.081      5.787    -52.806    -30.330
      4.661    349.925    -63.954    145.051      5.744    -52.796    -30.347
      4.662    349.931    -64.007    145.020      5.700    -52.786    -30.364
      4.663    349.936    -64.060    144.990      5.656    -52.776    -30.381
      4.664    349.942    -64.113    144.960      5.613    -52.766    -30.398
      4.665    349.948    -64.165    144.929      5.569    -52.756    -30.414
      4.666    349.953    -64.218    144.899      5.526    -52.746    -30.431
      4.667    349.959    -64.271    144.868      5.482    -52.736    -30.448
      4.668    349.964    -64.324    144.838      5.438    -52.726    -30.465
      4.669    349.970    -64.376    144.807      5.395    -52.715    -30.481
      4.670    349.975    -64.429    144.777      5.351    -52.705    -30.498
      4.671    349.980    -64.482    144.746      5.307    -52.695    -30.515
      4.672    349.986    -64.535    144.716      5.264    -52.685    -30.532
      4.673    349.991    -64.587    144.685      5.220    -52.675    -30.549
      4.674    349.996    -64.640    144.655      5.176    -52.665    -30.565
      4.675    350.001    -64.693    144.624      5.133    -52.655    -30.582
      4.676    350.006    -64.745    144.594      5.089    -52.644    -30.599
      4.677    350.011    -64.798    144.563      5.045    -52.634    -30.616
      4.678    350.016    -64.850    144.532      5.002    -52.624    -30.632
      4.679    350.021    -64.903    144.502      4.958    -52.614    -30.649
      4.680    350.026    -64.956    144.471      4.915    -52.604    -30.666
      4.681    350.031    -65.008    144.440      4.871    -52.593    -30.682
      4.682    350.036    -65.061    144.410      4.827    -52.583    -30.699
      4.683    350.041    -65.113    144.379      4.784    -52.573    -30.716
      4.684    350.046    -65.166    144.348      4.740    -52.563    -30.733
      4.685    350.050    -65.219    144.318      4.696    -52.553    -30.749
      4.686    350.055    -65.271    144.287      4.653    -52.542    -30.766
      4.687    350.060    -65.324    144.256      4.609    -52.532    -30.783
      4.688    350.064    -65.376    144.225      4.566    -52.522    -30.799
      4.689    350.069    -65.429    144.194      4.522    -52.512    -30.816
      4.690    350.073    -65.481    144.164      4.478    -52.501    -30.833
      4.691    350.078    -65.534    144.133      4.435    -52.491    -30.849
      4.692    350.082    -65.586    144.102      4.391    -52.481    -30.866
      4.693    350.086    -65.639    144.071      4.348    -52.471    -30.883
      4.694    350.091    -65.691    144.040      4.304    -52.460    -30.899
      4.695    350.095    -65.744    144.009      4.260    -52.450    -30.916
      4.696    350.099    -65.796    143.978      4.217    -52.440    -30.933
      4.697    350.104    -65.848    143.947      4.173    -52.429    -30.949
      4.698    350.108    -65.901    143.916      4.130    -52.419    -30.966
      4.699    350.112    -65.953    143.885      4.086    -52.409    -30.983
      4.700    350.116    -66.006    143.854      4.042    -52.398    -30.999
      4.701    350.120    -66.058    143.823      3.999    -52.388    -31.016
      4.702    350.124    -66.110    143.792      3.955    -52.378    -31.033
      4.703    350.128    -66.163    143.761      3.912    -52.367    -31.049
      4.704    350.132    -66.215    143.730      3.868    -52.357    -31.066
      4.705    350.136    -66.268    143.699      3.824    -52.347    -31.082
      4.706    350.139    -66.320    143.668      3.781    -52.336    -31.099
      4.707    350.143    -66.372    143.637      3.737    -52.326    -31.116
      4.708    350.147    -66.425    143.606      3.694    -52.316    -31.132
      4.709    350.150    -66.477    143.575      3.650    -52.305    -31.149
      4.710    350.154    -66.529    143.544      3.607    -52.295    -31.165
      4.711    350.158    -66.581    143.512      3.563    -52.285    -31.182
      4.712    350.161    -66.634    143.481      3.519    -52.274    -31.199
      4.713    350.165    -66.686    143.450      3.476    -52.264    -31.215
      4.714    350.168    -66.738    143.419      3.432    -52.253    -31.232
      4.715    350.172    -66.791    143.388      3.389    -52.243    -31.248
      4.716    350.175    -66.843    143.356      3.345    -52.233    -31.265
      4.717    350.178    -66.895    143.325      3.302    -52.222    -31.281
      4.718    350.182    -66.947    143.294      3.258    -52.212    -31.298
      4.719    350.185    -66.999    143.262      3.214    -52.201    -31.314
      4.720    350.188    -67.052    143.231      3.171    -52.191    -31.331
      4.721    350.191    -67.104    143.200      3.127    -52.180    -31.347
      4.722    350.194    -67.156    143.168      3.084    -52.170    -31.364
      4.723    350.197    -67.208    143.137      3.040    -52.160    -31.381
      4.724    350.200    -67.260    143.106      2.997    -52.149    -31.397
      4.725    350.203    -67.312    143.074      2.953    -52.139    -31.414
      4.726    350.206    -67.365    143.043      2.909    -52.128    -31.430
      4.727    350.209    -67.417    143.011      2.866    -52.118    -31.447
      4.728    350.212    -67.469    142.980      2.822    -52.107    -31.463
      4.729    350.215    -67.521    142.948      2.779    -52.097    -31.480
      4.730    350.218    -67.573    142.917      2.735    -52.086    -31.496
      4.731    350.220    -67.625    142.885      2.692    -52.076    -31.513
      4.732    350.223    -67.677    142.854      2.648    -52.065    -31.529
      4.733    350.226    -67.729    142.822      2.605    -52.055    -31.546
      4.734    350.228    -67.781    142.791      2.561    -52.044    -31.562
      4.735    350.231    -67.833    142.759      2.518    -52.034    -31.578
      4.736    350.233    -67.885    142.728      2.474    -52.023    -31.595
      4.737    350.236    -67.937    142.696      2.430    -52.012    -31.611
      4.738    350.238    -67.989    142.664      2.387    -52.002    -31.628
      4.739    350.240    -68.041    142.633      2.343    -51.991    -31.644
      4.740    350.243    -68.093    142.601      2.300    -51.981    -31.661
      4.741    350.245    -68.145    142.570      2.256    -51.970    -31.677
      4.742    350.247    -68.197    142.538      2.213    -51.960    -31.694
      4.743    350.249    -68.249    142.506      2.169    -51.949    -31.710
      4.744    350.252    -68.301    142.474      2.126    -51.939    -31.726
      4.745    350.254    -68.353    142.443      2.082    -51.928    -31.743
      4.746    350.256    -68.405    142.411      2.039    -51.917    -31.759
      4.747    350.258    -68.457    142.379      1.995    -51.907    -31.776
      4.748    350.260    -68.509    142.347      1.952    -51.896    -31.792
      4.749    350.262    -68.561    142.316      1.908    -51.885    -31.809
      4.750    350.264    -68.613    142.284      1.865    -51.875    -31.825
      4.751    350.265    -68.664    142.252      1.821    -51.864    -31.841
      4.752    350.267    -68.716    142.220      1.778    -51.854    -31.858
      4.753    350.269    -68.768    142.188      1.734    -51.843    -31.874
      4.754    350.271    -68.820    142.156      1.691    -51.832    -31.891
      4.755    350.272    -68.872    142.124      1.647    -51.822    -31.907
      4.756    350.274    -68.924    142.093      1.603    -51.811    -31.923
      4.757    350.276    -68.975    142.061      1.560    -51.800    -31.940
      4.758    350.277    -69.027    142.029      1.516    -51.790    -31.956
      4.759    350.279    -69.079    141.997      1.473    -51.779    -31.972
      4.760    350.280    -69.131    141.965      1.429    -51.768    -31.989
      4.761    350.281    -69.183    141.933      1.386    -51.758    -32.005
      4.762    350.283    -69.234    141.901      1.342    -51.747    -32.021
      4.763    350.284    -69.286    141.869      1.299    -51.736    -32.038
      4.764    350.285    -69.338    141.837      1.255    -51.726    -32.054
      4.765    350.287    -69.390    141.805      1.212    -51.715    -32.070
      4.766    350.288    -69.441    141.772      1.168    -51.704    -32.087
      4.767    350.289    -69.493    141.740      1.125    -51.693    -32.103
      4.768    350.290    -69.545    141.708      1.081    -51.683    -32.119
      4.769    350.291    -69.596    141.676      1.038    -51.672    -32.136
      4.770    350.292    -69.648    141.644      0.994    -51.661    -32.152
      4.771    350.293    -69.700    141.612      0.951    -51.650    -32.168
      4.772    350.294    -69.751    141.580      0.907    -51.640    -32.185
      4.773    350.295    -69.803    141.547      0.864    -51.629    -32.201
      4.774    350.296    -69.855    141.515      0.820    -51.618    -32.217
      4.775    350.297    -69.906    141.483      0.777    -51.607    -32.234
      4.776    350.297    -69.958    141.451      0.733    -51.597    -32.250
      4.777    350.298    -70.009    141.419      0.690    -51.586    -32.266
      4.778    350.299    -70.061    141.386      0.646    -51.575    -32.282
      4.779    350.299    -70.112    141.354      0.603    -51.564    -32.299
      4.780    350.300    -70.164    141.322      0.559    -51.553    -32.315
      4.781    350.300    -70.216    141.289      0.516    -51.543    -32.331
      4.782    350.301    -70.267    141.257      0.472    -51.532    -32.347
      4.783    350.301    -70.319    141.225      0.429    -51.521    -32.364
      4.784    350.302    -70.370    141.192      0.386    -51.510    -32.380
      4.785    350.302    -70.422    141.160      0.342    -51.499    -32.396
      4.786    350.302    -70.473    141.127      0.299    -51.488    -32.412
      4.787    350.303    -70.525    141.095      0.255    -51.478    -32.429
      4.788    350.303    -70.576    141.063      0.212    -51.467    -32.445
      4.789    350.303    -70.628    141.030      0.168    -51.456    -32.461
      4.790    350.303    -70.679    140.998      0.125    -51.445    -32.477
      4.791    350.303    -70.730    140.965      0.081    -51.434    -32.494
      4.792    350.303    -70.782    140.933      0.038    -51.423    -32.510
      4.793    350.303    -70.833    140.900     -0.006    -51.412    -32.526
      4.794    350.303    -70.885    140.868     -0.049    -51.401    -32.542
      4.795    350.303    -70.936    140.835     -0.093    -51.391    -32.558
      4.796    350.303    -70.988    140.803     -0.136    -51.380    -32.575
      4.797    350.303    -71.039    140.770     -0.180    -51.369    -32.591
      4.798    350.303    -71.090    140.737     -0.223    -51.358    -32.607
      4.799    350.303    -71.142    140.705     -0.267    -51.347    -32.623
      4.800    350.302    -71.193    140.672     -0.310    -51.336    -32.639
      4.801    350.302    -71.244    140.639     -0.354    -51.325    -32.655
      4.802    350.302    -71.296    140.607     -0.397    -51.314    -32.672
      4.803    350.301    -71.347    140.574     -0.440    -51.303    -32.688
      4.804    350.301    -71.398    140.541     -0.484    -51.292    -32.704
      4.805    350.300    -71.449    140.509     -0.527    -51.281    -32.720
      4.806    350.300    -71.501    140.476     -0.571    -51.270    -32.736
      4.807    350.299    -71.552    140.443     -0.614    -51.259    -32.752
      4.808    350.299    -71.603    140.410     -0.658    -51.248    -32.769
      4.809    350.298    -71.655    140.378     -0.701    -51.237    -32.785
      4.810    350.297    -71.706    140.345     -0.745    -51.226    -32.801
      4.811    350.296    -71.757    140.312     -0.788    -51.215    -32.817
      4.812    350.296    -71.808    140.279     -0.832    -51.204    -32.833
      4.813    350.295    -71.859    140.246     -0.875    -51.193    -32.849
      4.814    350.294    -71.911    140.214     -0.918    -51.182    -32.865
      4.815    350.293    -71.962    140.181     -0.962    -51.171    -32.881
      4.816    350.292    -72.013    140.148     -1.005    -51.160    -32.897
      4.817    350.291    -72.064    140.115     -1.049    -51.149    -32.914
      4.818    350.290    -72.115    140.082     -1.092    -51.138    -32.930
      4.819    350.289    -72.166    140.049     -1.136    -51.127    -32.946
      4.820    350.287    -72.217    140.016     -1.179    -51.116    -32.962
      4.821    350.286    -72.269    139.983     -1.223    -51.105    -32.978
      4.822    350.285    -72.320    139.950     -1.266    -51.094    -32.994
      4.823    350.284    -72.371    139.917     -1.310    -51.083    -33.010
      4.824    350.282    -72.422    139.884     -1.353    -51.072    -33.026
      4.825    350.281    -72.473    139.851     -1.396    -51.061    -33.042
      4.826    350.280    -72.524    139.818     -1.440    -51.050    -33.058
      4.827    350.278    -72.575    139.785     -1.483    -51.039    -33.074
      4.828    350.277    -72.626    139.752     -1.527    -51.027    -33.090
      4.829    350.275    -72.677    139.719     -1.570    -51.016    -33.106
      4.830    350.274    -72.728    139.686     -1.614    -51.005    -33.123
      4.831    350.272    -72.779    139.653     -1.657    -50.994    -33.139
      4.832    350.270    -72.830    139.619     -1.701    -50.983    -33.155
      4.833    350.268    -72.881    139.586     -1.744    -50.972    -33.171
      4.834    350.267    -72.932    139.553     -1.787    -50.961    -33.187
      4.835    350.265    -72.983    139.520     -1.831    -50.950    -33.203
      4.836    350.263    -73.034    139.487     -1.874    -50.938    -33.219
      4.837    350.261    -73.085    139.453     -1.918    -50.927    -33.235
      4.838    350.259    -73.136    139.420     -1.961    -50.916    -33.251
      4.839    350.257    -73.187    139.387     -2.005    -50.905    -33.267
      4.840    350.255    -73.238    139.354     -2.048    -50.894    -33.283
      4.841    350.253    -73.288    139.320     -2.091    -50.883    -33.299
      4.842    350.251    -73.339    139.287     -2.135    -50.871    -33.315
      4.843    350.249    -73.390    139.254     -2.178    -50.860    -33.331
      4.844    350.247    -73.441    139.220     -2.222    -50.849    -33.347
      4.845    350.244    -73.492    139.187     -2.265    -50.838    -33.363
      4.846    350.242    -73.543    139.154     -2.309    -50.827    -33.379
      4.847    350.240    -73.594    139.120     -2.352    -50.815    -33.395
      4.848    350.237    -73.644    139.087     -2.395    -50.804    -33.411
      4.849    350.235    -73.695    139.053     -2.439    -50.793    -33.427
      4.850    350.233    -73.746    139.020     -2.482    -50.782    -33.443
      4.851    350.230    -73.797    138.987     -2.526    -50.770    -33.459
      4.852    350.228    -73.847    138.953     -2.569    -50.759    -33.474
      4.853    350.225    -73.898    138.920     -2.613    -50.748    -33.490
      4.854    350.222    -73.949    138.886     -2.656    -50.737    -33.506
      4.855    350.220    -74.000    138.853     -2.699    -50.725    -33.522
      4.856    350.217    -74.050    138.819     -2.743    -50.714    -33.538
      4.857    350.214    -74.101    138.786     -2.786    -50.703    -33.554
      4.858    350.211    -74.152    138.752     -2.830    -50.692    -33.570
      4.859    350.208    -74.203    138.718     -2.873    -50.680    -33.586
      4.860    350.206    -74.253    138.685     -2.917    -50.669    -33.602
      4.861    350.203    -74.304    138.651     -2.960    -50.658    -33.618
      4.862    350.200    -74.355    138.618     -3.003    -50.646    -33.634
      4.863    350.197    -74.405    138.584     -3.047    -50.635    -33.650
      4.864    350.194    -74.456    138.550     -3.090    -50.624    -33.666
      4.865    350.190    -74.506    138.517     -3.134    -50.612    -33.681
      4.866    350.187    -74.557    138.483     -3.177    -50.601    -33.697
      4.867    350.184    -74.608    138.449     -3.220    -50.590    -33.713
      4.868    350.181    -74.658    138.415     -3.264    -50.578    -33.729
      4.869    350.178    -74.709    138.382     -3.307    -50.567    -33.745
      4.870    350.174    -74.759    138.348     -3.351    -50.556    -33.761
      4.871    350.171    -74.810    138.314     -3.394    -50.544    -33.777
      4.872    350.167    -74.860    138.280     -3.438    -50.533    -33.793
      4.873    350.164    -74.911    138.247     -3.481    -50.522    -33.809
      4.874    350.160    -74.961    138.213     -3.524    -50.510    -33.824
      4.875    350.157    -75.012    138.179     -3.568    -50.499    -33.840
      4.876    350.153    -75.062    138.145     -3.611    -50.487    -33.856
      4.877    350.150    -75.113    138.111     -3.655    -50.476    -33.872
      4.878    350.146    -75.163    138.077     -3.698    -50.465    -33.888
      4.879    350.142    -75.214    138.043     -3.741    -50.453    -33.904
      4.880    350.139    -75.264    138.010     -3.785    -50.442    -33.919
      4.881    350.135    -75.315    137.976     -3.828    -50.430    -33.935
      4.882    350.131    -75.365    137.942     -3.872    -50.419    -33.951
      4.883    350.127    -75.416    137.908     -3.915    -50.407    -33.967
      4.884    350.123    -75.466    137.874     -3.958    -50.396    -33.983
      4.885    350.119    -75.516    137.840     -4.002    -50.385    -33.999
      4.886    350.115    -75.567    137.806     -4.045    -50.373    -34.014
      4.887    350.111    -75.617    137.772     -4.089    -50.362    -34.030
      4.888    350.107    -75.667    137.738     -4.132    -50.350    -34.046
      4.889    350.103    -75.718    137.704     -4.176    -50.339    -34.062
      4.890    350.099    -75.768    137.670     -4.219    -50.327    -34.078
      4.891    350.094    -75.818    137.636     -4.262    -50.316    -34.093
      4.892    350.090    -75.869    137.601     -4.306    -50.304    -34.109
      4.893    350.086    -75.919    137.567     -4.349    -50.293    -34.125
      4.894    350.081    -75.969    137.533     -4.393    -50.281    -34.141
      4.895    350.077    -76.020    137.499     -4.436    -50.270    -34.157
      4.896    350.072    -76.070    137.465     -4.479    -50.258    -34.172
      4.897    350.068    -76.120    137.431     -4.523    -50.247    -34.188
      4.898    350.063    -76.170    137.396     -4.566    -50.235    -34.204
      4.899    350.059    -76.221    137.362     -4.610    -50.224    -34.220
      4.900    350.054    -76.271    137.328     -4.653    -50.212    -34.235
      4.901    350.049    -76.321    137.294     -4.696    -50.201    -34.251
      4.902    350.045    -76.371    137.260     -4.740    -50.189    -34.267
      4.903    350.040    -76.421    137.225     -4.783    -50.177    -34.283
      4.904    350.035    -76.472    137.191     -4.827    -50.166    -34.298
      4.905    350.030    -76.522    137.157     -4.870    -50.154    -34.314
      4.906    350.025    -76.572    137.122     -4.913    -50.143    -34.330
      4.907    350.021    -76.622    137.088     -4.957    -50.131    -34.346
      4.908    350.016    -76.672    137.054     -5.000    -50.120    -34.361
      4.909    350.011    -76.722    137.019     -5.044    -50.108    -34.377
      4.910    350.005    -76.772    136.985     -5.087    -50.096    -34.393
      4.911    350.000    -76.822    136.950     -5.130    -50.085    -34.408
      4.912    349.995    -76.873    136.916     -5.174    -50.073    -34.424
      4.913    349.990    -76.923    136.882     -5.217    -50.061    -34.440
      4.914    349.985    -76.973    136.847     -5.261    -50.050    -34.455
      4.915    349.979    -77.023    136.813     -5.304    -50.038    -34.471
      4.916    349.974    -77.073    136.778     -5.347    -50.027    -34.487
      4.917    349.969    -77.123    136.744     -5.391    -50.015    -34.503
      4.918    349.963    -77.173    136.709     -5.434    -50.003    -34.518
      4.919    349.958    -77.223    136.675     -5.478    -49.992    -34.534
      4.920    349.952    -77.273    136.640     -5.521    -49.980    -34.550
      4.921    349.947    -77.323    136.606     -5.564    -49.968    -34.565
      4.922    349.941    -77.373    136.571     -5.608    -49.957    -34.581
      4.923    349.936    -77.423    136.536     -5.651    -49.945    -34.597
      4.924    349.930    -77.473    136.502     -5.695    -49.933    -34.612
      4.925    349.924    -77.523    136.467     -5.738    -49.921    -34.628
      4.926    349.919    -77.572    136.433     -5.781    -49.910    -34.644
      4.927    349.913    -77.622    136.398     -5.825    -49.898    -34.659
      4.928    349.907    -77.672    136.363     -5.868    -49.886    -34.675
      4.929    349.901    -77.722    136.329     -5.912    -49.875    -34.690
      4.930    349.895    -77.772    136.294     -5.955    -49.863    -34.706
      4.931    349.889    -77.822    136.259     -5.998    -49.851    -34.722
      4.932    349.883    -77.872    136.224     -6.042    -49.839    -34.737
      4.933    349.877    -77.922    136.190     -6.085    -49.828    -34.753
      4.934    349.871    -77.971    136.155     -6.129    -49.816    -34.769
      4.935    349.865    -78.021    136.120     -6.172    -49.804    -34.784
      4.936    349.859    -78.071    136.085     -6.215    -49.792    -34.800
      4.937    349.852    -78.121    136.051     -6.259    -49.781    -34.815
      4.938    349.846    -78.171    136.016     -6.302    -49.769    -34.831
      4.939    349.840    -78.220    135.981     -6.346    -49.757    -34.847
      4.940    349.833    -78.270    135.946     -6.389    -49.745    -34.862
      4.941    349.827    -78.320    135.911     -6.432    -49.733    -34.878
      4.942    349.820    -78.370    135.876     -6.476    -49.722    -34.893
      4.943    349.814    -78.419    135.841     -6.519    -49.710    -34.909
      4.944    349.807    -78.469    135.806     -6.562    -49.698    -34.925
      4.945    349.801    -78.519    135.772     -6.606    -49.686    -34.940
      4.946    349.794    -78.568    135.737     -6.649    -49.674    -34.956
      4.947    349.788    -78.618    135.702     -6.693    -49.663    -34.971
      4.948    349.781    -78.668    135.667     -6.736    -49.651    -34.987
      4.949    349.774    -78.717    135.632     -6.779    -49.639    -35.002
      4.950    349.767    -78.767    135.597     -6.823    -49.627    -35.018
      4.951    349.760    -78.817    135.562     -6.866    -49.615    -35.033
      4.952    349.754    -78.866    135.527     -6.910    -49.603    -35.049
      4.953    349.747    -78.916    135.492     -6.953    -49.591    -35.065
      4.954    349.740    -78.965    135.456     -6.996    -49.580    -35.080
      4.955    349.733    -79.015    135.421     -7.040    -49.568    -35.096
      4.956    349.726    -79.064    135.386     -7.083    -49.556    -35.111
      4.957    349.718    -79.114    135.351     -7.127    -49.544    -35.127
      4.958    349.711    -79.164    135.316     -7.170    -49.532    -35.142
      4.959    349.704    -79.213    135.281     -7.213    -49.520    -35.158
      4.960    349.697    -79.263    135.246     -7.257    -49.508    -35.173
      4.961    349.690    -79.312    135.211     -7.300    -49.496    -35.189
      4.962    349.682    -79.362    135.175     -7.344    -49.484    -35.204
      4.963    349.675    -79.411    135.140     -7.387    -49.472    -35.220
      4.964    349.668    -79.461    135.105     -7.430    -49.460    -35.235
      4.965    349.660    -79.510    135.070     -7.474    -49.448    -35.251
      4.966    349.653    -79.559    135.034     -7.517    -49.436    -35.266
      4.967    349.645    -79.609    134.999     -7.561    -49.425    -35.282
      4.968    349.637    -79.658    134.964     -7.604    -49.413    -35.297
      4.969    349.630    -79.708    134.929     -7.647    -49.401    -35.313
      4.970    349.622    -79.757    134.893     -7.691    -49.389    -35.328
      4.971    349.614    -79.806    134.858     -7.734    -49.377    -35.344
      4.972    349.607    -79.856    134.823     -7.778    -49.365    -35.359
      4.973    349.599    -79.905    134.787     -7.821    -49.353    -35.375
      4.974    349.591    -79.955    134.752     -7.864    -49.341    -35.390
      4.975    349.583    -80.004    134.716     -7.908    -49.329    -35.405
      4.976    349.575    -80.053    134.681     -7.951    -49.317    -35.421
      4.977    349.567    -80.102    134.646     -7.995    -49.305    -35.436
      4.978    349.559    -80.152    134.610     -8.038    -49.293    -35.452
      4.979    349.551    -80.201    134.575     -8.081    -49.281    -35.467
      4.980    349.543    -80.250    134.539     -8.125    -49.268    -35.483
      4.981    349.535    -80.300    134.504     -8.168    -49.256    -35.498
      4.982    349.527    -80.349    134.468     -8.212    -49.244    -35.514
      4.983    349.518    -80.398    134.433     -8.255    -49.232    -35.529
      4.984    349.510    -80.447    134.397     -8.298    -49.220    -35.544
      4.985    349.502    -80.497    134.362     -8.342    -49.208    -35.560
      4.986    349.494    -80.546    134.326     -8.385    -49.196    -35.575
      4.987    349.485    -80.595    134.290     -8.429    -49.184    -35.591
      4.988    349.477    -80.644    134.255     -8.472    -49.172    -35.606
      4.989    349.468    -80.693    134.219     -8.515    -49.160    -35.621
      4.990    349.460    -80.742    134.184     -8.559    -49.148    -35.637
      4.991    349.451    -80.792    134.148     -8.602    -49.136    -35.652
      4.992    349.442    -80.841    134.112     -8.646    -49.123    -35.668
      4.993    349.434    -80.890    134.077     -8.689    -49.111    -35.683
      4.994    349.425    -80.939    134.041     -8.732    -49.099    -35.698
      4.995    349.416    -80.988    134.005     -8.776    -49.087    -35.714
      4.996    349.408    -81.037    133.969     -8.819    -49.075    -35.729
      4.997    349.399    -81.086    133.934     -8.863    -49.063    -35.745
      4.998    349.390    -81.135    133.898     -8.906    -49.051    -35.760
      4.999    349.381    -81.184    133.862     -8.949    -49.038    -35.775
      5.000    349.372    -81.233    133.826     -8.993    -49.026    -35.791
      5.001    349.363    -81.282    133.791     -9.036    -49.014    -35.806
      5.002    349.354    -81.331    133.755     -9.080    -49.002    -35.821
      5.003    349.345    -81.380    133.719     -9.123    -48.990    -35.837
      5.004    349.336    -81.429    133.683     -9.166    -48.978    -35.852
      5.005    349.326    -81.478    133.647     -9.210    -48.965    -35.867
      5.006    349.317    -81.527    133.611     -9.253    -48.953    -35.883
      5.007    349.308    -81.576    133.575     -9.297    -48.941    -35.898
      5.008    349.299    -81.625    133.540     -9.340    -48.929    -35.913
      5.009    349.289    -81.674    133.504     -9.384    -48.917    -35.929
      5.010    349.280    -81.723    133.468     -9.427    -48.904    -35.944
      5.011    349.270    -81.772    133.432     -9.470    -48.892    -35.959
      5.012    349.261    -81.821    133.396     -9.514    -48.880    -35.975
      5.013    349.251    -81.870    133.360     -9.557    -48.868    -35.990
      5.014    349.242    -81.918    133.324     -9.601    -48.855    -36.005
      5.015    349.232    -81.967    133.288     -9.644    -48.843    -36.021
      5.016    349.222    -82.016    133.252     -9.687    -48.831    -36.036
      5.017    349.213    -82.065    133.216     -9.731    -48.819    -36.051
      5.018    349.203    -82.114    133.180     -9.774    -48.806    -36.067
      5.019    349.193    -82.163    133.144     -9.818    -48.794    -36.082
      5.020    349.183    -82.211    133.108     -9.861    -48.782    -36.097
      5.021    349.173    -82.260    133.071     -9.905    -48.769    -36.112
      5.022    349.164    -82.309    133.035     -9.948    -48.757    -36.128
      5.023    349.154    -82.358    132.999     -9.991    -48.745    -36.143
      5.024    349.144    -82.406    132.963    -10.035    -48.732    -36.158
      5.025    349.133    -82.455    132.927    -10.078    -48.720    -36.173
      5.026    349.123    -82.504    132.891    -10.122    -48.708    -36.189
      5.027    349.113    -82.553    132.854    -10.165    -48.695    -36.204
      5.028    349.103    -82.601    132.818    -10.208    -48.683    -36.219
      5.029    349.093    -82.650    132.782    -10.252    -48.671    -36.235
      5.030    349.083    -82.699    132.746    -10.295    -48.658    -36.250
      5.031    349.072    -82.747    132.710    -10.339    -48.646    -36.265
      5.032    349.062    -82.796    132.673    -10.382    -48.634    -36.280
      5.033    349.051    -82.845    132.637    -10.426    -48.621    -36.295
      5.034    349.041    -82.893    132.601    -10.469    -48.609    -36.311
      5.035    349.031    -82.942    132.564    -10.512    -48.596    -36.326
      5.036    349.020    -82.990    132.528    -10.556    -48.584    -36.341
      5.037    349.009    -83.039    132.492    -10.599    -48.572    -36.356
      5.038    348.999    -83.087    132.455    -10.643    -48.559    -36.372
      5.039    348.988    -83.136    132.419    -10.686    -48.547    -36.387
      5.040    348.977    -83.185    132.383    -10.730    -48.534    -36.402
      5.041    348.967    -83.233    132.346    -10.773    -48.522    -36.417
      5.042    348.956    -83.282    132.310    -10.816    -48.510    -36.432
      5.043    348.945    -83.330    132.273    -10.860    -48.497    -36.448
      5.044    348.934    -83.379    132.237    -10.903    -48.485    -36.463
      5.045    348.923    -83.427    132.200    -10.947    -48.472    -36.478
      5.046    348.912    -83.476    132.164    -10.990    -48.460    -36.493
      5.047    348.901    -83.524    132.127    -11.034    -48.447    -36.508
      5.048    348.890    -83.572    132.091    -11.077    -48.435    -36.524
      5.049    348.879    -83.621    132.054    -11.120    -48.422    -36.539
      5.050    348.868    -83.669    132.018    -11.164    -48.410    -36.554
      5.051    348.857    -83.718    131.981    -11.207    -48.397    -36.569
      5.052    348.846    -83.766    131.945    -11.251    -48.385    -36.584
      5.053    348.834    -83.814    131.908    -11.294    -48.372    -36.599
      5.054    348.823    -83.863    131.871    -11.338    -48.360    -36.615
      5.055    348.812    -83.911    131.835    -11.381    -48.347    -36.630
      5.056    348.800    -83.960    131.798    -11.424    -48.335    -36.645
      5.057    348.789    -84.008    131.762    -11.468    -48.322    -36.660
      5.058    348.777    -84.056    131.725    -11.511    -48.310    -36.675
      5.059    348.766    -84.104    131.688    -11.555    -48.297    -36.690
      5.060    348.754    -84.153    131.651    -11.598    -48.285    -36.706
      5.061    348.743    -84.201    131.615    -11.642    -48.272    -36.721
      5.062    348.731    -84.249    131.578    -11.685    -48.260    -36.736
      5.063    348.719    -84.298    131.541    -11.729    -48.247    -36.751
      5.064    348.707    -84.346    131.505    -11.772    -48.234    -36.766
      5.065    348.696    -84.394    131.468    -11.815    -48.222    -36.781
      5.066    348.684    -84.442    131.431    -11.859    -48.209    -36.796
      5.067    348.672    -84.490    131.394    -11.902    -48.197    -36.811
      5.068    348.660    -84.539    131.357    -11.946    -48.184    -36.827
      5.069    348.648    -84.587    131.320    -11.989    -48.172    -36.842
      5.070    348.636    -84.635    131.284    -12.033    -48.159    -36.857
      5.071    348.624    -84.683    131.247    -12.076    -48.146    -36.872
      5.072    348.612    -84.731    131.210    -12.120    -48.134    -36.887
      5.073    348.600    -84.779    131.173    -12.163    -48.121    -36.902
      5.074    348.588    -84.828    131.136    -12.206    -48.108    -36.917
      5.075    348.575    -84.876    131.099    -12.250    -48.096    -36.932
      5.076    348.563    -84.924    131.062    -12.293    -48.083    -36.947
      5.077    348.551    -84.972    131.025    -12.337    -48.070    -36.962
      5.078    348.538    -85.020    130.988    -12.380    -48.058    -36.977
      5.079    348.526    -85.068    130.951    -12.424    -48.045    -36.993
      5.080    348.514    -85.116    130.914    -12.467    -48.032    -37.008
      5.081    348.501    -85.164    130.877    -12.511    -48.020    -37.023
      5.082    348.488    -85.212    130.840    -12.554    -48.007    -37.038
      5.083    348.476    -85.260    130.803    -12.598    -47.994    -37.053
      5.084    348.463    -85.308    130.766    -12.641    -47.982    -37.068
      5.085    348.451    -85.356    130.729    -12.685    -47.969    -37.083
      5.086    348.438    -85.404    130.692    -12.728    -47.956    -37.098
      5.087    348.425    -85.452    130.655    -12.771    -47.944    -37.113
      5.088    348.412    -85.500    130.618    -12.815    -47.931    -37.128
      5.089    348.400    -85.548    130.581    -12.858    -47.918    -37.143
      5.090    348.387    -85.596    130.543    -12.902    -47.905    -37.158
      5.091    348.374    -85.644    130.506    -12.945    -47.893    -37.173
      5.092    348.361    -85.691    130.469    -12.989    -47.880    -37.188
      5.093    348.348    -85.739    130.432    -13.032    -47.867    -37.203
      5.094    348.335    -85.787    130.395    -13.076    -47.854    -37.218
      5.095    348.322    -85.835    130.358    -13.119    -47.842    -37.233
      5.096    348.308    -85.883    130.320    -13.163    -47.829    -37.248
      5.097    348.295    -85.931    130.283    -13.206    -47.816    -37.263
      5.098    348.282    -85.978    130.246    -13.250    -47.803    -37.278
      5.099    348.269    -86.026    130.208    -13.293    -47.790    -37.293
      5.100    348.255    -86.074    130.171    -13.337    -47.778    -37.308
      5.101    348.242    -86.122    130.134    -13.380    -47.765    -37.323
      5.102    348.229    -86.170    130.097    -13.424    -47.752    -37.338
      5.103    348.215    -86.217    130.059    -13.467    -47.739    -37.353
      5.104    348.202    -86.265    130.022    -13.511    -47.726    -37.368
      5.105    348.188    -86.313    129.984    -13.554    -47.713    -37.383
      5.106    348.175    -86.360    129.947    -13.597    -47.701    -37.398
      5.107    348.161    -86.408    129.910    -13.641    -47.688    -37.413
      5.108    348.147    -86.456    129.872    -13.684    -47.675    -37.428
      5.109    348.134    -86.504    129.835    -13.728    -47.662    -37.443
      5.110    348.120    -86.551    129.797    -13.771    -47.649    -37.458
      5.111    348.106    -86.599    129.760    -13.815    -47.636    -37.473
      5.112    348.092    -86.646    129.722    -13.858    -47.623    -37.488
      5.113    348.078    -86.694    129.685    -13.902    -47.611    -37.503
      5.114    348.064    -86.742    129.647    -13.945    -47.598    -37.518
      5.115    348.051    -86.789    129.610    -13.989    -47.585    -37.533
      5.116    348.037    -86.837    129.572    -14.032    -47.572    -37.548
      5.117    348.022    -86.884    129.535    -14.076    -47.559    -37.563
      5.118    348.008    -86.932    129.497    -14.119    -47.546    -37.578
      5.119    347.994    -86.979    129.460    -14.163    -47.533    -37.592
      5.120    347.980    -87.027    129.422    -14.206    -47.520    -37.607
      5.121    347.966    -87.075    129.384    -14.250    -47.507    -37.622
      5.122    347.952    -87.122    129.347    -14.293    -47.494    -37.637
      5.123    347.937    -87.170    129.309    -14.337    -47.481    -37.652
      5.124    347.923    -87.217    129.271    -14.380    -47.468    -37.667
      5.125    347.908    -87.264    129.234    -14.424    -47.455    -37.682
      5.126    347.894    -87.312    129.196    -14.467    -47.442    -37.697
      5.127    347.880    -87.359    129.158    -14.511    -47.429    -37.712
      5.128    347.865    -87.407    129.121    -14.554    -47.416    -37.727
      5.129    347.850    -87.454    129.083    -14.598    -47.403    -37.742
      5.130    347.836    -87.502    129.045    -14.642    -47.390    -37.756
      5.131    347.821    -87.549    129.007    -14.685    -47.377    -37.771
      5.132    347.806    -87.596    128.970    -14.729    -47.364    -37.786
      5.133    347.792    -87.644    128.932    -14.772    -47.351    -37.801
      5.134    347.777    -87.691    128.894    -14.816    -47.338    -37.816
      5.135    347.762    -87.738    128.856    -14.859    -47.325    -37.831
      5.136    347.747    -87.786    128.818    -14.903    -47.312    -37.846
      5.137    347.732    -87.833    128.781    -14.946    -47.299    -37.861
      5.138    347.717    -87.880    128.743    -14.990    -47.286    -37.875
      5.139    347.702    -87.928    128.705    -15.033    -47.273    -37.890
      5.140    347.687    -87.975    128.667    -15.077    -47.260    -37.905
      5.141    347.672    -88.022    128.629    -15.120    -47.247    -37.920
      5.142    347.657    -88.069    128.591    -15.164    -47.234    -37.935
      5.143    347.642    -88.117    128.553    -15.207    -47.221    -37.950
      5.144    347.627    -88.164    128.515    -15.251    -47.208    -37.965
      5.145    347.611    -88.211    128.477    -15.294    -47.195    -37.979
      5.146    347.596    -88.258    128.439    -15.338    -47.182    -37.994
      5.147    347.581    -88.305    128.401    -15.381    -47.168    -38.009
      5.148    347.565    -88.352    128.363    -15.425    -47.155    -38.024
      5.149    347.550    -88.400    128.325    -15.469    -47.142    -38.039
      5.150    347.534    -88.447    128.287    -15.512    -47.129    -38.054
      5.151    347.519    -88.494    128.249    -15.556    -47.116    -38.068
      5.152    347.503    -88.541    128.211    -15.599    -47.103    -38.083
      5.153    347.488    -88.588    128.173    -15.643    -47.090    -38.098
      5.154    347.472    -88.635    128.135    -15.686    -47.076    -38.113
      5.155    347.456    -88.682    128.097    -15.730    -47.063    -38.128
      5.156    347.440    -88.729    128.058    -15.773    -47.050    -38.142
      5.157    347.425    -88.776    128.020    -15.817    -47.037    -38.157
      5.158    347.409    -88.823    127.982    -15.860    -47.024    -38.172
      5.159    347.393    -88.870    127.944    -15.904    -47.011    -38.187
      5.160    347.377    -88.917    127.906    -15.948    -46.997    -38.202
      5.161    347.361    -88.964    127.868    -15.991    -46.984    -38.216
      5.162    347.345    -89.011    127.829    -16.035    -46.971    -38.231
      5.163    347.329    -89.058    127.791    -16.078    -46.958    -38.246
      5.164    347.313    -89.105    127.753    -16.122    -46.945    -38.261
      5.165    347.297    -89.152    127.715    -16.165    -46.931    -38.276
      5.166    347.280    -89.199    127.676    -16.209    -46.918    -38.290
      5.167    347.264    -89.246    127.638    -16.253    -46.905    -38.305
      5.168    347.248    -89.293    127.600    -16.296    -46.892    -38.320
      5.169    347.232    -89.340    127.561    -16.340    -46.878    -38.335
      5.170    347.215    -89.387    127.523    -16.383    -46.865    -38.349
      5.171    347.199    -89.434    127.485    -16.427    -46.852    -38.364
      5.172    347.182    -89.480    127.446    -16.470    -46.839    -38.379
      5.173    347.166    -89.527    127.408    -16.514    -46.825    -38.394
      5.174    347.149    -89.574    127.370    -16.558    -46.812    -38.408
      5.175    347.133    -89.621    127.331    -16.601    -46.799    -38.423
      5.176    347.116    -89.668    127.293    -16.645    -46.785    -38.438
      5.177    347.100    -89.714    127.254    -16.688    -46.772    -38.453
      5.178    347.083    -89.761    127.216    -16.732    -46.759    -38.467
      5.179    347.066    -89.808    127.177    -16.775    -46.745    -38.482
      5.180    347.049    -89.855    127.139    -16.819    -46.732    -38.497
      5.181    347.032    -89.901    127.100    -16.863    -46.719    -38.512
      5.182    347.016    -89.948    127.062    -16.906    -46.705    -38.526
      5.183    346.999    -89.995    127.023    -16.950    -46.692    -38.541
      5.184    346.982    -90.042    126.985    -16.993    -46.679    -38.556
      5.185    346.965    -90.088    126.946    -17.037    -46.665    -38.570
      5.186    346.948    -90.135    126.908    -17.081    -46.652    -38.585
      5.187    346.931    -90.181    126.869    -17.124    -46.639    -38.600
      5.188    346.913    -90.228    126.830    -17.168    -46.625    -38.614
      5.189    346.896    -90.275    126.792    -17.211    -46.612    -38.629
      5.190    346.879    -90.321    126.753    -17.255    -46.598    -38.644
      5.191    346.862    -90.368    126.714    -17.299    -46.585    -38.659
      5.192    346.844    -90.415    126.676    -17.342    -46.572    -38.673
      5.193    346.827    -90.461    126.637    -17.386    -46.558    -38.688
      5.194    346.810    -90.508    126.598    -17.430    -46.545    -38.703
      5.195    346.792    -90.554    126.560    -17.473    -46.531    -38.717
      5.196    346.775    -90.601    126.521    -17.517    -46.518    -38.732
      5.197    346.757    -90.647    126.482    -17.560    -46.505    -38.747
      5.198    346.739    -90.694    126.443    -17.604    -46.491    -38.761
      5.199    346.722    -90.740    126.405    -17.648    -46.478    -38.776
      5.200    346.704    -90.787    126.366    -17.691    -46.464    -38.791
      5.201    346.686    -90.833    126.327    -17.735    -46.451    -38.805
      5.202    346.669    -90.880    126.288    -17.778    -46.437    -38.820
      5.203    346.651    -90.926    126.250    -17.822    -46.424    -38.835
      5.204    346.633    -90.972    126.211    -17.866    -46.410    -38.849
      5.205    346.615    -91.019    126.172    -17.909    -46.397    -38.864
      5.206    346.597    -91.065    126.133    -17.953    -46.383    -38.878
      5.207    346.579    -91.112    126.094    -17.997    -46.370    -38.893
      5.208    346.561    -91.158    126.055    -18.040    -46.356    -38.908
      5.209    346.543    -91.204    126.016    -18.084    -46.343    -38.922
      5.210    346.525    -91.251    125.977    -18.128    -46.329    -38.937
      5.211    346.507    -91.297    125.938    -18.171    -46.316    -38.952
      5.212    346.489    -91.343    125.899    -18.215    -46.302    -38.966
      5.213    346.471    -91.390    125.860    -18.259    -46.289    -38.981
      5.214    346.452    -91.436    125.821    -18.302    -46.275    -38.995
      5.215    346.434    -91.482    125.782    -18.346    -46.261    -39.010
      5.216    346.416    -91.528    125.743    -18.389    -46.248    -39.025
      5.217    346.397    -91.575    125.704    -18.433    -46.234    -39.039
      5.218    346.379    -91.621    125.665    -18.477    -46.221    -39.054
      5.219    346.360    -91.667    125.626    -18.520    -46.207    -39.068
      5.220    346.342    -91.713    125.587    -18.564    -46.194    -39.083
      5.221    346.323    -91.759    125.548    -18.608    -46.180    -39.098
      5.222    346.304    -91.806    125.509    -18.651    -46.166    -39.112
      5.223    346.286    -91.852    125.470    -18.695    -46.153    -39.127
      5.224    346.267    -91.898    125.431    -18.739    -46.139    -39.141
      5.225    346.248    -91.944    125.392    -18.782    -46.125    -39.156
      5.226    346.229    -91.990    125.352    -18.826    -46.112    -39.171
      5.227    346.211    -92.036    125.313    -18.870    -46.098    -39.185
      5.228    346.192    -92.082    125.274    -18.913    -46.084    -39.200
      5.229    346.173    -92.128    125.235    -18.957    -46.071    -39.214
      5.230    346.154    -92.174    125.196    -19.001    -46.057    -39.229
      5.231    346.135    -92.221    125.156    -19.045    -46.044    -39.243
      5.232    346.116    -92.267    125.117    -19.088    -46.030    -39.258
      5.233    346.097    -92.313    125.078    -19.132    -46.016    -39.273
      5.234    346.077    -92.359    125.039    -19.176    -46.002    -39.287
      5.235    346.058    -92.405    124.999    -19.219    -45.989    -39.302
      5.236    346.039    -92.451    124.960    -19.263    -45.975    -39.316
      5.237    346.020    -92.497    124.921    -19.307    -45.961    -39.331
      5.238    346.000    -92.543    124.881    -19.350    -45.948    -39.345
      5.239    345.981    -92.588    124.842    -19.394    -45.934    -39.360
      5.240    345.962    -92.634    124.803    -19.438    -45.920    -39.374
      5.241    345.942    -92.680    124.763    -19.481    -45.906    -39.389
      5.242    345.923    -92.726    124.724    -19.525    -45.893    -39.403
      5.243    345.903    -92.772    124.684    -19.569    -45.879    -39.418
      5.244    345.884    -92.818    124.645    -19.613    -45.865    -39.432
      5.245    345.864    -92.864    124.606    -19.656    -45.851    -39.447
      5.246    345.844    -92.910    124.566    -19.700    -45.838    -39.461
      5.247    345.824    -92.955    124.527    -19.744    -45.824    -39.476
      5.248    345.805    -93.001    124.487    -19.787    -45.810    -39.490
      5.249    345.785    -93.047    124.448    -19.831    -45.796    -39.505
      5.250    345.765    -93.093    124.408    -19.875    -45.782    -39.519
      5.251    345.745    -93.139    124.369    -19.919    -45.769    -39.534
      5.252    345.725    -93.184    124.329    -19.962    -45.755    -39.548
      5.253    345.705    -93.230    124.290    -20.006    -45.741    -39.563
      5.254    345.685    -93.276    124.250    -20.050    -45.727    -39.577
      5.255    345.665    -93.322    124.210    -20.094    -45.713    -39.592
      5.256    345.645    -93.367    124.171    -20.137    -45.700    -39.606
      5.257    345.625    -93.413    124.131    -20.181    -45.686    -39.621
      5.258    345.605    -93.459    124.092    -20.225    -45.672    -39.635
      5.259    345.584    -93.504    124.052    -20.269    -45.658    -39.650
      5.260    345.564    -93.550    124.012    -20.312    -45.644    -39.664
      5.261    345.544    -93.596    123.973    -20.356    -45.630    -39.679
      5.262    345.523    -93.641    123.933    -20.400    -45.616    -39.693
      5.263    345.503    -93.687    123.893    -20.444    -45.602    -39.708
      5.264    345.483    -93.732    123.853    -20.487    -45.589    -39.722
      5.265    345.462    -93.778    123.814    -20.531    -45.575    -39.737
      5.266    345.441    -93.824    123.774    -20.575    -45.561    -39.751
      5.267    345.421    -93.869    123.734    -20.619    -45.547    -39.765
      5.268    345.400    -93.915    123.694    -20.662    -45.533    -39.780
      5.269    345.380    -93.960    123.655    -20.706    -45.519    -39.794
      5.270    345.359    -94.006    123.615    -20.750    -45.505    -39.809
      5.271    345.338    -94.051    123.575    -20.794    -45.491    -39.823
      5.272    345.317    -94.097    123.535    -20.837    -45.477    -39.838
      5.273    345.296    -94.142    123.495    -20.881    -45.463    -39.852
      5.274    345.275    -94.188    123.456    -20.925    -45.449    -39.866
      5.275    345.255    -94.233    123.416    -20.969    -45.435    -39.881
      5.276    345.234    -94.279    123.376    -21.013    -45.421    -39.895
      5.277    345.212    -94.324    123.336    -21.056    -45.407    -39.910
      5.278    345.191    -94.369    123.296    -21.100    -45.393    -39.924
      5.279    345.170    -94.415    123.256    -21.144    -45.379    -39.939
      5.280    345.149    -94.460    123.216    -21.188    -45.365    -39.953
      5.281    345.128    -94.505    123.176    -21.232    -45.351    -39.967
      5.282    345.107    -94.551    123.136    -21.275    -45.337    -39.982
      5.283    345.085    -94.596    123.096    -21.319    -45.323    -39.996
      5.284    345.064    -94.641    123.056    -21.363    -45.309    -40.010
      5.285    345.043    -94.687    123.016    -21.407    -45.295    -40.025
      5.286    345.021    -94.732    122.976    -21.451    -45.281    -40.039
      5.287    345.000    -94.777    122.936    -21.494    -45.267    -40.054
      5.288    344.978    -94.823    122.896    -21.538    -45.253    -40.068
      5.289    344.957    -94.868    122.856    -21.582    -45.239    -40.082
      5.290    344.935    -94.913    122.816    -21.626    -45.225    -40.097
      5.291    344.913    -94.958    122.776    -21.670    -45.211    -40.111
      5.292    344.892    -95.004    122.736    -21.714    -45.197    -40.126
      5.293    344.870    -95.049    122.695    -21.757    -45.183    -40.140
      5.294    344.848    -95.094    122.655    -21.801    -45.168    -40.154
      5.295    344.826    -95.139    122.615    -21.845    -45.154    -40.169
      5.296    344.805    -95.184    122.575    -21.889    -45.140    -40.183
      5.297    344.783    -95.229    122.535    -21.933    -45.126    -40.197
      5.298    344.761    -95.274    122.495    -21.977    -45.112    -40.212
      5.299    344.739    -95.320    122.454    -22.020    -45.098    -40.226
      5.300    344.717    -95.365    122.414    -22.064    -45.084    -40.240
      5.301    344.695    -95.410    122.374    -22.108    -45.070    -40.255
      5.302    344.672    -95.455    122.334    -22.152    -45.055    -40.269
      5.303    344.650    -95.500    122.293    -22.196    -45.041    -40.283
      5.304    344.628    -95.545    122.253    -22.240    -45.027    -40.298
      5.305    344.606    -95.590    122.213    -22.283    -45.013    -40.312
      5.306    344.583    -95.635    122.172    -22.327    -44.999    -40.326
      5.307    344.561    -95.680    122.132    -22.371    -44.985    -40.341
      5.308    344.539    -95.725    122.092    -22.415    -44.970    -40.355
      5.309    344.516    -95.770    122.051    -22.459    -44.956    -40.369
      5.310    344.494    -95.815    122.011    -22.503    -44.942    -40.384
      5.311    344.471    -95.860    121.971    -22.547    -44.928    -40.398
      5.312    344.449    -95.905    121.930    -22.591    -44.913    -40.412
      5.313    344.426    -95.950    121.890    -22.634    -44.899    -40.427
      5.314    344.403    -95.994    121.849    -22.678    -44.885    -40.441
      5.315    344.381    -96.039    121.809    -22.722    -44.871    -40.455
      5.316    344.358    -96.084    121.768    -22.766    -44.856    -40.469
      5.317    344.335    -96.129    121.728    -22.810    -44.842    -40.484
      5.318    344.312    -96.174    121.687    -22.854    -44.828    -40.498
      5.319    344.289    -96.219    121.647    -22.898    -44.814    -40.512
      5.320    344.267    -96.263    121.606    -22.942    -44.799    -40.527
      5.321    344.244    -96.308    121.566    -22.986    -44.785    -40.541
      5.322    344.221    -96.353    121.525    -23.029    -44.771    -40.555
      5.323    344.198    -96.398    121.485    -23.073    -44.756    -40.569
      5.324    344.174    -96.443    121.444    -23.117    -44.742    -40.584
      5.325    344.151    -96.487    121.404    -23.161    -44.728    -40.598
      5.326    344.128    -96.532    121.363    -23.205    -44.713    -40.612
      5.327    344.105    -96.577    121.322    -23.249    -44.699    -40.627
      5.328    344.082    -96.621    121.282    -23.293    -44.685    -40.641
      5.329    344.058    -96.666    121.241    -23.337    -44.670    -40.655
      5.330    344.035    -96.711    121.200    -23.381    -44.656    -40.669
      5.331    344.012    -96.755    121.160    -23.425    -44.642    -40.684
      5.332    343.988    -96.800    121.119    -23.469    -44.627    -40.698
      5.333    343.965    -96.845    121.078    -23.513    -44.613    -40.712
      5.334    343.941    -96.889    121.038    -23.557    -44.599    -40.726
      5.335    343.917    -96.934    120.997    -23.601    -44.584    -40.740
      5.336    343.894    -96.978    120.956    -23.644    -44.570    -40.755
      5.337    343.870    -97.023    120.915    -23.688    -44.555    -40.769
      5.338    343.846    -97.068    120.875    -23.732    -44.541    -40.783
      5.339    343.823    -97.112    120.834    -23.776    -44.527    -40.797
      5.340    343.799    -97.157    120.793    -23.820    -44.512    -40.812
      5.341    343.775    -97.201    120.752    -23.864    -44.498    -40.826
      5.342    343.751    -97.246    120.711    -23.908    -44.483    -40.840
      5.343    343.727    -97.290    120.671    -23.952    -44.469    -40.854
      5.344    343.703    -97.335    120.630    -23.996    -44.454    -40.869
      5.345    343.679    -97.379    120.589    -24.040    -44.440    -40.883
      5.346    343.655    -97.423    120.548    -24.084    -44.425    -40.897
      5.347    343.631    -97.468    120.507    -24.128    -44.411    -40.911
      5.348    343.607    -97.512    120.466    -24.172    -44.396    -40.925
      5.349    343.583    -97.557    120.425    -24.216    -44.382    -40.940
      5.350    343.559    -97.601    120.384    -24.260    -44.367    -40.954
      5.351    343.534    -97.645    120.343    -24.304    -44.353    -40.968
      5.352    343.510    -97.690    120.302    -24.348    -44.338    -40.982
      5.353    343.486    -97.734    120.261    -24.392    -44.324    -40.996
      5.354    343.461    -97.778    120.220    -24.436    -44.309    -41.010
      5.355    343.437    -97.823    120.179    -24.480    -44.295    -41.025
      5.356    343.412    -97.867    120.138    -24.524    -44.280    -41.039
      5.357    343.388    -97.911    120.097    -24.568    -44.266    -41.053
      5.358    343.363    -97.955    120.056    -24.612    -44.251    -41.067
      5.359    343.338    -98.000    120.015    -24.656    -44.237    -41.081
      5.360    343.314    -98.044    119.974    -24.700    -44.222    -41.096
      5.361    343.289    -98.088    119.933    -24.744    -44.207    -41.110
      5.362    343.264    -98.132    119.892    -24.788    -44.193    -41.124
      5.363    343.239    -98.177    119.851    -24.832    -44.178    -41.138
      5.364    343.215    -98.221    119.810    -24.876    -44.164    -41.152
      5.365    343.190    -98.265    119.768    -24.920    -44.149    -41.166
      5.366    343.165    -98.309    119.727    -24.964    -44.134    -41.180
      5.367    343.140    -98.353    119.686    -25.008    -44.120    -41.195
      5.368    343.115    -98.397    119.645    -25.052    -44.105    -41.209
      5.369    343.090    -98.441    119.604    -25.096    -44.091    -41.223
      5.370    343.065    -98.485    119.562    -25.140    -44.076    -41.237
      5.371    343.039    -98.529    119.521    -25.184    -44.061    -41.251
      5.372    343.014    -98.574    119.480    -25.228    -44.047    -41.265
      5.373    342.989    -98.618    119.439    -25.273    -44.032    -41.279
      5.374    342.964    -98.662    119.397    -25.317    -44.017    -41.294
      5.375    342.938    -98.706    119.356    -25.361    -44.003    -41.308
      5.376    342.913    -98.750    119.315    -25.405    -43.988    -41.322
      5.377    342.887    -98.794    119.273    -25.449    -43.973    -41.336
      5.378    342.862    -98.838    119.232    -25.493    -43.959    -41.350
      5.379    342.836    -98.882    119.191    -25.537    -43.944    -41.364
      5.380    342.811    -98.925    119.149    -25.581    -43.929    -41.378
      5.381    342.785    -98.969    119.108    -25.625    -43.914    -41.392
      5.382    342.760    -99.013    119.066    -25.669    -43.900    -41.406
      5.383    342.734    -99.057    119.025    -25.713    -43.885    -41.421
      5.384    342.708    -99.101    118.984    -25.757    -43.870    -41.435
      5.385    342.682    -99.145    118.942    -25.801    -43.855    -41.449
      5.386    342.657    -99.189    118.901    -25.846    -43.841    -41.463
      5.387    342.631    -99.233    118.859    -25.890    -43.826    -41.477
      5.388    342.605    -99.276    118.818    -25.934    -43.811    -41.491
      5.389    342.579    -99.320    118.776    -25.978    -43.796    -41.505
      5.390    342.553    -99.364    118.735    -26.022    -43.782    -41.519
      5.391    342.527    -99.408    118.693    -26.066    -43.767    -41.533
      5.392    342.501    -99.452    118.652    -26.110    -43.752    -41.547
      5.393    342.475    -99.495    118.610    -26.154    -43.737    -41.561
      5.394    342.448    -99.539    118.569    -26.199    -43.722    -41.575
      5.395    342.422    -99.583    118.527    -26.243    -43.708    -41.589
      5.396    342.396    -99.626    118.485    -26.287    -43.693    -41.604
      5.397    342.370    -99.670    118.444    -26.331    -43.678    -41.618
      5.398    342.343    -99.714    118.402    -26.375    -43.663    -41.632
      5.399    342.317    -99.757    118.361    -26.419    -43.648    -41.646
      5.400    342.290    -99.801    118.319    -26.463    -43.633    -41.660
      5.401    342.264    -99.845    118.277    -26.507    -43.618    -41.674
      5.402    342.237    -99.888    118.236    -26.552    -43.604    -41.688
      5.403    342.211    -99.932    118.194    -26.596    -43.589    -41.702
      5.404    342.184    -99.975    118.152    -26.640    -43.574    -41.716
      5.405    342.158   -100.019    118.110    -26.684    -43.559    -41.730
      5.406    342.131   -100.063    118.069    -26.728    -43.544    -41.744
      5.407    342.104   -100.106    118.027    -26.772    -43.529    -41.758
      5.408    342.077   -100.150    117.985    -26.817    -43.514    -41.772
      5.409    342.051   -100.193    117.943    -26.861    -43.499    -41.786
      5.410    342.024   -100.237    117.902    -26.905    -43.484    -41.800
      5.411    341.997   -100.280    117.860    -26.949    -43.469    -41.814
      5.412    341.970   -100.324    117.818    -26.993    -43.454    -41.828
      5.413    341.943   -100.367    117.776    -27.038    -43.439    -41.842
      5.414    341.916   -100.410    117.734    -27.082    -43.424    -41.856
      5.415    341.889   -100.454    117.692    -27.126    -43.409    -41.870
      5.416    341.861   -100.497    117.651    -27.170    -43.394    -41.884
      5.417    341.834   -100.541    117.609    -27.214    -43.379    -41.898
      5.418    341.807   -100.584    117.567    -27.259    -43.364    -41.912
      5.419    341.780   -100.627    117.525    -27.303    -43.349    -41.926
      5.420    341.752   -100.671    117.483    -27.347    -43.334    -41.940
      5.421    341.725   -100.714    117.441    -27.391    -43.319    -41.954
      5.422    341.698   -100.757    117.399    -27.435    -43.304    -41.968
      5.423    341.670   -100.801    117.357    -27.480    -43.289    -41.982
      5.424    341.643   -100.844    117.315    -27.524    -43.274    -41.996
      5.425    341.615   -100.887    117.273    -27.568    -43.259    -42.010
      5.426    341.588   -100.930    117.231    -27.612    -43.244    -42.024
      5.427    341.560   -100.974    117.189    -27.657    -43.229    -42.038
      5.428    341.532   -101.017    117.147    -27.701    -43.214    -42.052
      5.429    341.504   -101.060    117.105    -27.745    -43.199    -42.066
      5.430    341.477   -101.103    117.063    -27.789    -43.184    -42.080
      5.431    341.449   -101.147    117.021    -27.834    -43.169    -42.094
      5.432    341.421   -101.190    116.979    -27.878    -43.154    -42.108
      5.433    341.393   -101.233    116.936    -27.922    -43.139    -42.122
      5.434    341.365   -101.276    116.894    -27.966    -43.124    -42.136
      5.435    341.337   -101.319    116.852    -28.011    -43.108    -42.150
      5.436    341.309   -101.362    116.810    -28.055    -43.093    -42.164
      5.437    341.281   -101.405    116.768    -28.099    -43.078    -42.178
      5.438    341.253   -101.448    116.726    -28.144    -43.063    -42.192
      5.439    341.225   -101.491    116.683    -28.188    -43.048    -42.205
      5.440    341.197   -101.534    116.641    -28.232    -43.033    -42.219
      5.441    341.168   -101.577    116.599    -28.276    -43.017    -42.233
      5.442    341.140   -101.620    116.557    -28.321    -43.002    -42.247
      5.443    341.112   -101.663    116.515    -28.365    -42.987    -42.261
      5.444    341.083   -101.706    116.472    -28.409    -42.972    -42.275
      5.445    341.055   -101.749    116.430    -28.454    -42.957    -42.289
      5.446    341.026   -101.792    116.388    -28.498    -42.942    -42.303
      5.447    340.998   -101.835    116.345    -28.542    -42.926    -42.317
      5.448    340.969   -101.878    116.303    -28.587    -42.911    -42.331
      5.449    340.941   -101.921    116.261    -28.631    -42.896    -42.345
      5.450    340.912   -101.964    116.218    -28.675    -42.881    -42.359
      5.451    340.883   -102.007    116.176    -28.720    -42.865    -42.373
      5.452    340.855   -102.050    116.134    -28.764    -42.850    -42.386
      5.453    340.826   -102.093    116.091    -28.808    -42.835    -42.400
      5.454    340.797   -102.135    116.049    -28.853    -42.820    -42.414
      5.455    340.768   -102.178    116.006    -28.897    -42.804    -42.428
      5.456    340.739   -102.221    115.964    -28.941    -42.789    -42.442
      5.457    340.710   -102.264    115.922    -28.986    -42.774    -42.456
      5.458    340.681   -102.307    115.879    -29.030    -42.758    -42.470
      5.459    340.652   -102.349    115.837    -29.074    -42.743    -42.484
      5.460    340.623   -102.392    115.794    -29.119    -42.728    -42.498
      5.461    340.594   -102.435    115.752    -29.163    -42.713    -42.511
      5.462    340.565   -102.477    115.709    -29.207    -42.697    -42.525
      5.463    340.536   -102.520    115.667    -29.252    -42.682    -42.539
      5.464    340.506   -102.563    115.624    -29.296    -42.667    -42.553
      5.465    340.477   -102.605    115.581    -29.341    -42.651    -42.567
      5.466    340.448   -102.648    115.539    -29.385    -42.636    -42.581
      5.467    340.418   -102.691    115.496    -29.429    -42.620    -42.595
      5.468    340.389   -102.733    115.454    -29.474    -42.605    -42.609
      5.469    340.359   -102.776    115.411    -29.518    -42.590    -42.622
      5.470    340.330   -102.819    115.368    -29.563    -42.574    -42.636
      5.471    340.300   -102.861    115.326    -29.607    -42.559    -42.650
      5.472    340.270   -102.904    115.283    -29.651    -42.543    -42.664
      5.473    340.241   -102.946    115.240    -29.696    -42.528    -42.678
      5.474    340.211   -102.989    115.198    -29.740    -42.513    -42.692
      5.475    340.181   -103.031    115.155    -29.785    -42.497    -42.706
      5.476    340.152   -103.074    115.112    -29.829    -42.482    -42.719
      5.477    340.122   -103.116    115.070    -29.874    -42.466    -42.733
      5.478    340.092   -103.159    115.027    -29.918    -42.451    -42.747
      5.479    340.062   -103.201    114.984    -29.962    -42.435    -42.761
      5.480    340.032   -103.244    114.941    -30.007    -42.420    -42.775
      5.481    340.002   -103.286    114.899    -30.051    -42.405    -42.789
      5.482    339.972   -103.328    114.856    -30.096    -42.389    -42.802
      5.483    339.942   -103.371    114.813    -30.140    -42.374    -42.816
      5.484    339.911   -103.413    114.770    -30.185    -42.358    -42.830
      5.485    339.881   -103.455    114.727    -30.229    -42.343    -42.844
      5.486    339.851   -103.498    114.684    -30.274    -42.327    -42.858
      5.487    339.821   -103.540    114.642    -30.318    -42.311    -42.871
      5.488    339.790   -103.582    114.599    -30.363    -42.296    -42.885
      5.489    339.760   -103.625    114.556    -30.407    -42.280    -42.899
      5.490    339.730   -103.667    114.513    -30.452    -42.265    -42.913
      5.491    339.699   -103.709    114.470    -30.496    -42.249    -42.927
      5.492    339.669   -103.751    114.427    -30.541    -42.234    -42.940
      5.493    339.638   -103.794    114.384    -30.585    -42.218    -42.954
      5.494    339.607   -103.836    114.341    -30.630    -42.203    -42.968
      5.495    339.577   -103.878    114.298    -30.674    -42.187    -42.982
      5.496    339.546   -103.920    114.255    -30.719    -42.171    -42.996
      5.497    339.515   -103.962    114.212    -30.763    -42.156    -43.009
      5.498    339.485   -104.005    114.169    -30.808    -42.140    -43.023
      5.499    339.454   -104.047    114.126    -30.852    -42.125    -43.037
      5.500    339.423   -104.089    114.083    -30.897    -42.109    -43.051
      5.501    339.392   -104.131    114.040    -30.941    -42.093    -43.064
      5.502    339.361   -104.173    113.997    -30.986    -42.078    -43.078
      5.503    339.330   -104.215    113.954    -31.030    -42.062    -43.092
      5.504    339.299   -104.257    113.911    -31.075    -42.046    -43.106
      5.505    339.268   -104.299    113.868    -31.120    -42.031    -43.120
      5.506    339.237   -104.341    113.825    -31.164    -42.015    -43.133
      5.507    339.205   -104.383    113.781    -31.209    -41.999    -43.147
      5.508    339.174   -104.425    113.738    -31.253    -41.984    -43.161
      5.509    339.143   -104.467    113.695    -31.298    -41.968    -43.175
      5.510    339.112   -104.509    113.652    -31.342    -41.952    -43.188
      5.511    339.080   -104.551    113.609    -31.387    -41.937    -43.202
      5.512    339.049   -104.593    113.566    -31.432    -41.921    -43.216
      5.513    339.017   -104.635    113.522    -31.476    -41.905    -43.230
      5.514    338.986   -104.677    113.479    -31.521    -41.889    -43.243
      5.515    338.954   -104.719    113.436    -31.565    -41.874    -43.257
      5.516    338.923   -104.761    113.393    -31.610    -41.858    -43.271
      5.517    338.891   -104.802    113.349    -31.655    -41.842    -43.284
      5.518    338.859   -104.844    113.306    -31.699    -41.826    -43.298
      5.519    338.828   -104.886    113.263    -31.744    -41.811    -43.312
      5.520    338.796   -104.928    113.219    -31.788    -41.795    -43.326
      5.521    338.764   -104.970    113.176    -31.833    -41.779    -43.339
      5.522    338.732   -105.011    113.133    -31.878    -41.763    -43.353
      5.523    338.700   -105.053    113.089    -31.922    -41.748    -43.367
      5.524    338.668   -105.095    113.046    -31.967    -41.732    -43.380
      5.525    338.636   -105.137    113.003    -32.012    -41.716    -43.394
      5.526    338.604   -105.178    112.959    -32.056    -41.700    -43.408
      5.527    338.572   -105.220    112.916    -32.101    -41.684    -43.422
      5.528    338.540   -105.262    112.872    -32.145    -41.668    -43.435
      5.529    338.508   -105.303    112.829    -32.190    -41.653    -43.449
      5.530    338.476   -105.345    112.785    -32.235    -41.637    -43.463
      5.531    338.444   -105.387    112.742    -32.279    -41.621    -43.476
      5.532    338.411   -105.428    112.698    -32.324    -41.605    -43.490
      5.533    338.379   -105.470    112.655    -32.369    -41.589    -43.504
      5.534    338.347   -105.511    112.611    -32.413    -41.573    -43.517
      5.535    338.314   -105.553    112.568    -32.458    -41.557    -43.531
      5.536    338.282   -105.595    112.524    -32.503    -41.541    -43.545
      5.537    338.249   -105.636    112.481    -32.548    -41.525    -43.558
      5.538    338.217   -105.678    112.437    -32.592    -41.510    -43.572
      5.539    338.184   -105.719    112.394    -32.637    -41.494    -43.586
      5.540    338.151   -105.761    112.350    -32.682    -41.478    -43.599
      5.541    338.119   -105.802    112.307    -32.726    -41.462    -43.613
      5.542    338.086   -105.844    112.263    -32.771    -41.446    -43.627
      5.543    338.053   -105.885    112.219    -32.816    -41.430    -43.640
      5.544    338.020   -105.926    112.176    -32.861    -41.414    -43.654
      5.545    337.987   -105.968    112.132    -32.905    -41.398    -43.668
      5.546    337.954   -106.009    112.088    -32.950    -41.382    -43.681
      5.547    337.921   -106.051    112.045    -32.995    -41.366    -43.695
      5.548    337.888   -106.092    112.001    -33.040    -41.350    -43.709
      5.549    337.855   -106.133    111.957    -33.084    -41.334    -43.722
      5.550    337.822   -106.175    111.913    -33.129    -41.318    -43.736
      5.551    337.789   -106.216    111.870    -33.174    -41.302    -43.750
      5.552    337.756   -106.257    111.826    -33.219    -41.286    -43.763
      5.553    337.723   -106.298    111.782    -33.263    -41.270    -43.777
      5.554    337.689   -106.340    111.738    -33.308    -41.254    -43.791
      5.555    337.656   -106.381    111.695    -33.353    -41.238    -43.804
      5.556    337.623   -106.422    111.651    -33.398    -41.222    -43.818
      5.557    337.589   -106.463    111.607    -33.442    -41.205    -43.831
      5.558    337.556   -106.505    111.563    -33.487    -41.189    -43.845
      5.559    337.522   -106.546    111.519    -33.532    -41.173    -43.859
      5.560    337.489   -106.587    111.475    -33.577    -41.157    -43.872
      5.561    337.455   -106.628    111.432    -33.622    -41.141    -43.886
      5.562    337.421   -106.669    111.388    -33.667    -41.125    -43.900
      5.563    337.388   -106.710    111.344    -33.711    -41.109    -43.913
      5.564    337.354   -106.751    111.300    -33.756    -41.093    -43.927
      5.565    337.320   -106.793    111.256    -33.801    -41.077    -43.940
      5.566    337.286   -106.834    111.212    -33.846    -41.060    -43.954
      5.567    337.253   -106.875    111.168    -33.891    -41.044    -43.968
      5.568    337.219   -106.916    111.124    -33.936    -41.028    -43.981
      5.569    337.185   -106.957    111.080    -33.980    -41.012    -43.995
      5.570    337.151   -106.998    111.036    -34.025    -40.996    -44.008
      5.571    337.117   -107.039    110.992    -34.070    -40.980    -44.022
      5.572    337.083   -107.080    110.948    -34.115    -40.963    -44.035
      5.573    337.048   -107.121    110.904    -34.160    -40.947    -44.049
      5.574    337.014   -107.162    110.860    -34.205    -40.931    -44.063
      5.575    336.980   -107.202    110.816    -34.250    -40.915    -44.076
      5.576    336.946   -107.243    110.772    -34.294    -40.898    -44.090
      5.577    336.911   -107.284    110.728    -34.339    -40.882    -44.103
      5.578    336.877   -107.325    110.683    -34.384    -40.866    -44.117
      5.579    336.843   -107.366    110.639    -34.429    -40.850    -44.131
      5.580    336.808   -107.407    110.595    -34.474    -40.833    -44.144
      5.581    336.774   -107.448    110.551    -34.519    -40.817    -44.158
      5.582    336.739   -107.488    110.507    -34.564    -40.801    -44.171
      5.583    336.705   -107.529    110.463    -34.609    -40.785    -44.185
      5.584    336.670   -107.570    110.419    -34.654    -40.768    -44.198
      5.585    336.635   -107.611    110.374    -34.699    -40.752    -44.212
      5.586    336.601   -107.652    110.330    -34.744    -40.736    -44.225
      5.587    336.566   -107.692    110.286    -34.788    -40.719    -44.239
      5.588    336.531   -107.733    110.242    -34.833    -40.703    -44.253
      5.589    336.496   -107.774    110.197    -34.878    -40.687    -44.266
      5.590    336.461   -107.814    110.153    -34.923    -40.670    -44.280
      5.591    336.426   -107.855    110.109    -34.968    -40.654    -44.293
      5.592    336.391   -107.896    110.065    -35.013    -40.638    -44.307
      5.593    336.356   -107.936    110.020    -35.058    -40.621    -44.320
      5.594    336.321   -107.977    109.976    -35.103    -40.605    -44.334
      5.595    336.286   -108.018    109.932    -35.148    -40.588    -44.347
      5.596    336.251   -108.058    109.887    -35.193    -40.572    -44.361
      5.597    336.216   -108.099    109.843    -35.238    -40.556    -44.374
      5.598    336.180   -108.139    109.798    -35.283    -40.539    -44.388
      5.599    336.145   -108.180    109.754    -35.328    -40.523    -44.401
      5.600    336.110   -108.220    109.710    -35.373    -40.506    -44.415
      5.601    336.074   -108.261    109.665    -35.418    -40.490    -44.428
      5.602    336.039   -108.301    109.621    -35.463    -40.473    -44.442
      5.603    336.003   -108.342    109.576    -35.508    -40.457    -44.455
      5.604    335.968   -108.382    109.532    -35.553    -40.441    -44.469
      5.605    335.932   -108.423    109.487    -35.598    -40.424    -44.482
      5.606    335.897   -108.463    109.443    -35.643    -40.408    -44.496
      5.607    335.861   -108.503    109.398    -35.688    -40.391    -44.509
      5.608    335.825   -108.544    109.354    -35.733    -40.375    -44.523
      5.609    335.790   -108.584    109.309    -35.778    -40.358    -44.536
      5.610    335.754   -108.625    109.265    -35.824    -40.342    -44.550
      5.611    335.718   -108.665    109.220    -35.869    -40.325    -44.563
      5.612    335.682   -108.705    109.176    -35.914    -40.309    -44.577
      5.613    335.646   -108.745    109.131    -35.959    -40.292    -44.590
      5.614    335.610   -108.786    109.087    -36.004    -40.275    -44.604
      5.615    335.574   -108.826    109.042    -36.049    -40.259    -44.617
      5.616    335.538   -108.866    108.997    -36.094    -40.242    -44.631
      5.617    335.502   -108.906    108.953    -36.139    -40.226    -44.644
      5.618    335.466   -108.947    108.908    -36.184    -40.209    -44.658
      5.619    335.429   -108.987    108.863    -36.229    -40.193    -44.671
      5.620    335.393   -109.027    108.819    -36.274    -40.176    -44.685
      5.621    335.357   -109.067    108.774    -36.320    -40.159    -44.698
      5.622    335.321   -109.107    108.729    -36.365    -40.143    -44.712
      5.623    335.284   -109.148    108.685    -36.410    -40.126    -44.725
      5.624    335.248   -109.188    108.640    -36.455    -40.109    -44.738
      5.625    335.211   -109.228    108.595    -36.500    -40.093    -44.752
      5.626    335.175   -109.268    108.550    -36.545    -40.076    -44.765
      5.627    335.138   -109.308    108.506    -36.590    -40.060    -44.779
      5.628    335.102   -109.348    108.461    -36.635    -40.043    -44.792
      5.629    335.065   -109.388    108.416    -36.681    -40.026    -44.806
      5.630    335.028   -109.428    108.371    -36.726    -40.010    -44.819
      5.631    334.991   -109.468    108.326    -36.771    -39.993    -44.833
      5.632    334.955   -109.508    108.281    -36.816    -39.976    -44.846
      5.633    334.918   -109.548    108.237    -36.861    -39.959    -44.859
      5.634    334.881   -109.588    108.192    -36.907    -39.943    -44.873
      5.635    334.844   -109.628    108.147    -36.952    -39.926    -44.886
      5.636    334.807   -109.668    108.102    -36.997    -39.909    -44.900
      5.637    334.770   -109.708    108.057    -37.042    -39.892    -44.913
      5.638    334.733   -109.748    108.012    -37.087    -39.876    -44.926
      5.639    334.696   -109.787    107.967    -37.133    -39.859    -44.940
      5.640    334.659   -109.827    107.922    -37.178    -39.842    -44.953
      5.641    334.622   -109.867    107.877    -37.223    -39.825    -44.967
      5.642    334.584   -109.907    107.832    -37.268    -39.809    -44.980
      5.643    334.547   -109.947    107.787    -37.313    -39.792    -44.994
      5.644    334.510   -109.987    107.742    -37.359    -39.775    -45.007
      5.645    334.472   -110.026    107.697    -37.404    -39.758    -45.020
      5.646    334.435   -110.066    107.652    -37.449    -39.741    -45.034
      5.647    334.397   -110.106    107.607    -37.494    -39.725    -45.047
      5.648    334.360   -110.145    107.562    -37.540    -39.708    -45.061
      5.649    334.322   -110.185    107.517    -37.585    -39.691    -45.074
      5.650    334.285   -110.225    107.472    -37.630    -39.674    -45.087
      5.651    334.247   -110.265    107.427    -37.676    -39.657    -45.101
      5.652    334.209   -110.304    107.382    -37.721    -39.640    -45.114
      5.653    334.172   -110.344    107.337    -37.766    -39.623    -45.127
      5.654    334.134   -110.383    107.292    -37.811    -39.606    -45.141
      5.655    334.096   -110.423    107.246    -37.857    -39.590    -45.154
      5.656    334.058   -110.463    107.201    -37.902    -39.573    -45.168
      5.657    334.020   -110.502    107.156    -37.947    -39.556    -45.181
      5.658    333.982   -110.542    107.111    -37.993    -39.539    -45.194
      5.659    333.944   -110.581    107.066    -38.038    -39.522    -45.208
      5.660    333.906   -110.621    107.021    -38.083    -39.505    -45.221
      5.661    333.868   -110.660    106.975    -38.129    -39.488    -45.234
      5.662    333.830   -110.700    106.930    -38.174    -39.471    -45.248
      5.663    333.792   -110.739    106.885    -38.219    -39.454    -45.261
      5.664    333.753   -110.779    106.840    -38.265    -39.437    -45.275
      5.665    333.715   -110.818    106.794    -38.310    -39.420    -45.288
      5.666    333.677   -110.857    106.749    -38.355    -39.403    -45.301
      5.667    333.638   -110.897    106.704    -38.401    -39.386    -45.315
      5.668    333.600   -110.936    106.658    -38.446    -39.369    -45.328
      5.669    333.562   -110.976    106.613    -38.492    -39.352    -45.341
      5.670    333.523   -111.015    106.568    -38.537    -39.335    -45.355
      5.671    333.484   -111.054    106.522    -38.582    -39.318    -45.368
      5.672    333.446   -111.094    106.477    -38.628    -39.301    -45.381
      5.673    333.407   -111.133    106.432    -38.673    -39.284    -45.395
      5.674    333.368   -111.172    106.386    -38.719    -39.267    -45.408
      5.675    333.330   -111.211    106.341    -38.764    -39.250    -45.421
      5.676    333.291   -111.251    106.295    -38.810    -39.233    -45.435
      5.677    333.252   -111.290    106.250    -38.855    -39.216    -45.448
      5.678    333.213   -111.329    106.204    -38.900    -39.198    -45.461
      5.679    333.174   -111.368    106.159    -38.946    -39.181    -45.475
      5.680    333.135   -111.407    106.113    -38.991    -39.164    -45.488
      5.681    333.096   -111.447    106.068    -39.037    -39.147    -45.501
      5.682    333.057   -111.486    106.022    -39.082    -39.130    -45.514
      5.683    333.018   -111.525    105.977    -39.128    -39.113    -45.528
      5.684    332.979   -111.564    105.931    -39.173    -39.096    -45.541
      5.685    332.940   -111.603    105.886    -39.219    -39.078    -45.554
      5.686    332.901   -111.642    105.840    -39.264    -39.061    -45.568
      5.687    332.861   -111.681    105.795    -39.310    -39.044    -45.581
      5.688    332.822   -111.720    105.749    -39.355    -39.027    -45.594
      5.689    332.783   -111.759    105.703    -39.401    -39.010    -45.608
      5.690    332.743   -111.798    105.658    -39.446    -38.992    -45.621
      5.691    332.704   -111.837    105.612    -39.492    -38.975    -45.634
      5.692    332.664   -111.876    105.567    -39.537    -38.958    -45.647
      5.693    332.625   -111.915    105.521    -39.583    -38.941    -45.661
      5.694    332.585   -111.954    105.475    -39.628    -38.924    -45.674
      5.695    332.545   -111.993    105.430    -39.674    -38.906    -45.687
      5.696    332.506   -112.032    105.384    -39.719    -38.889    -45.701
      5.697    332.466   -112.071    105.338    -39.765    -38.872    -45.714
      5.698    332.426   -112.110    105.292    -39.810    -38.854    -45.727
      5.699    332.386   -112.148    105.247    -39.856    -38.837    -45.740
      5.700    332.346   -112.187    105.201    -39.902    -38.820    -45.754
      5.701    332.307   -112.226    105.155    -39.947    -38.803    -45.767
      5.702    332.267   -112.265    105.109    -39.993    -38.785    -45.780
      5.703    332.227   -112.304    105.064    -40.038    -38.768    -45.793
      5.704    332.186   -112.342    105.018    -40.084    -38.751    -45.807
      5.705    332.146   -112.381    104.972    -40.130    -38.733    -45.820
      5.706    332.106   -112.420    104.926    -40.175    -38.716    -45.833
      5.707    332.066   -112.459    104.880    -40.221    -38.699    -45.846
      5.708    332.026   -112.497    104.835    -40.266    -38.681    -45.860
      5.709    331.985   -112.536    104.789    -40.312    -38.664    -45.873
      5.710    331.945   -112.575    104.743    -40.358    -38.646    -45.886
      5.711    331.905   -112.613    104.697    -40.403    -38.629    -45.899
      5.712    331.864   -112.652    104.651    -40.449    -38.612    -45.913
      5.713    331.824   -112.690    104.605    -40.495    -38.594    -45.926
      5.714    331.783   -112.729    104.559    -40.540    -38.577    -45.939
      5.715    331.743   -112.768    104.513    -40.586    -38.559    -45.952
      5.716    331.702   -112.806    104.467    -40.632    -38.542    -45.966
      5.717    331.662   -112.845    104.421    -40.677    -38.524    -45.979
      5.718    331.621   -112.883    104.375    -40.723    -38.507    -45.992
      5.719    331.580   -112.922    104.329    -40.769    -38.489    -46.005
      5.720    331.539   -112.960    104.283    -40.814    -38.472    -46.018
      5.721    331.498   -112.999    104.237    -40.860    -38.454    -46.032
      5.722    331.458   -113.037    104.191    -40.906    -38.437    -46.045
      5.723    331.417   -113.076    104.145    -40.951    -38.419    -46.058
      5.724    331.376   -113.114    104.099    -40.997    -38.402    -46.071
      5.725    331.335   -113.152    104.053    -41.043    -38.384    -46.084
      5.726    331.294   -113.191    104.007    -41.089    -38.367    -46.098
      5.727    331.252   -113.229    103.961    -41.134    -38.349    -46.111
      5.728    331.211   -113.267    103.915    -41.180    -38.332    -46.124
      5.729    331.170   -113.306    103.869    -41.226    -38.314    -46.137
      5.730    331.129   -113.344    103.822    -41.272    -38.297    -46.150
      5.731    331.088   -113.382    103.776    -41.317    -38.279    -46.164
      5.732    331.046   -113.421    103.730    -41.363    -38.261    -46.177
      5.733    331.005   -113.459    103.684    -41.409    -38.244    -46.190
      5.734    330.963   -113.497    103.638    -41.455    -38.226    -46.203
      5.735    330.922   -113.535    103.592    -41.501    -38.209    -46.216
      5.736    330.880   -113.574    103.545    -41.546    -38.191    -46.230
      5.737    330.839   -113.612    103.499    -41.592    -38.173    -46.243
      5.738    330.797   -113.650    103.453    -41.638    -38.156    -46.256
      5.739    330.756   -113.688    103.407    -41.684    -38.138    -46.269
      5.740    330.714   -113.726    103.360    -41.730    -38.120    -46.282
      5.741    330.672   -113.764    103.314    -41.775    -38.103    -46.295
      5.742    330.630   -113.802    103.268    -41.821    -38.085    -46.309
      5.743    330.588   -113.840    103.221    -41.867    -38.067    -46.322
      5.744    330.547   -113.878    103.175    -41.913    -38.050    -46.335
      5.745    330.505   -113.917    103.129    -41.959    -38.032    -46.348
      5.746    330.463   -113.955    103.082    -42.005    -38.014    -46.361
      5.747    330.421   -113.993    103.036    -42.051    -37.996    -46.374
      5.748    330.379   -114.031    102.990    -42.096    -37.979    -46.388
      5.749    330.336   -114.069    102.943    -42.142    -37.961    -46.401
      5.750    330.294   -114.106    102.897    -42.188    -37.943    -46.414
      5.751    330.252   -114.144    102.850    -42.234    -37.925    -46.427
      5.752    330.210   -114.182    102.804    -42.280    -37.908    -46.440
      5.753    330.167   -114.220    102.757    -42.326    -37.890    -46.453
      5.754    330.125   -114.258    102.711    -42.372    -37.872    -46.466
      5.755    330.083   -114.296    102.665    -42.418    -37.854    -46.479
      5.756    330.040   -114.334    102.618    -42.464    -37.836    -46.493
      5.757    329.998   -114.372    102.572    -42.510    -37.819    -46.506
      5.758    329.955   -114.409    102.525    -42.556    -37.801    -46.519
      5.759    329.913   -114.447    102.479    -42.602    -37.783    -46.532
      5.760    329.870   -114.485    102.432    -42.648    -37.765    -46.545
      5.761    329.827   -114.523    102.385    -42.694    -37.747    -46.558
      5.762    329.785   -114.561    102.339    -42.739    -37.729    -46.571
      5.763    329.742   -114.598    102.292    -42.785    -37.711    -46.584
      5.764    329.699   -114.636    102.246    -42.831    -37.694    -46.598
      5.765    329.656   -114.674    102.199    -42.877    -37.676    -46.611
      5.766    329.613   -114.711    102.152    -42.923    -37.658    -46.624
      5.767    329.570   -114.749    102.106    -42.969    -37.640    -46.637
      5.768    329.527   -114.787    102.059    -43.015    -37.622    -46.650
      5.769    329.484   -114.824    102.013    -43.061    -37.604    -46.663
      5.770    329.441   -114.862    101.966    -43.108    -37.586    -46.676
      5.771    329.398   -114.899    101.919    -43.154    -37.568    -46.689
      5.772    329.355   -114.937    101.873    -43.200    -37.550    -46.702
      5.773    329.312   -114.974    101.826    -43.246    -37.532    -46.715
      5.774    329.269   -115.012    101.779    -43.292    -37.514    -46.729
      5.775    329.225   -115.049    101.732    -43.338    -37.496    -46.742
      5.776    329.182   -115.087    101.686    -43.384    -37.478    -46.755
      5.777    329.138   -115.124    101.639    -43.430    -37.460    -46.768
      5.778    329.095   -115.162    101.592    -43.476    -37.442    -46.781
      5.779    329.051   -115.199    101.545    -43.522    -37.424    -46.794
      5.780    329.008   -115.237    101.498    -43.568    -37.406    -46.807
      5.781    328.964   -115.274    101.452    -43.614    -37.388    -46.820
      5.782    328.921   -115.312    101.405    -43.660    -37.370    -46.833
      5.783    328.877   -115.349    101.358    -43.707    -37.352    -46.846
      5.784    328.833   -115.386    101.311    -43.753    -37.334    -46.859
      5.785    328.790   -115.424    101.264    -43.799    -37.316    -46.872
      5.786    328.746   -115.461    101.217    -43.845    -37.298    -46.885
      5.787    328.702   -115.498    101.171    -43.891    -37.279    -46.898
      5.788    328.658   -115.535    101.124    -43.937    -37.261    -46.912
      5.789    328.614   -115.573    101.077    -43.983    -37.243    -46.925
      5.790    328.570   -115.610    101.030    -44.030    -37.225    -46.938
      5.791    328.526   -115.647    100.983    -44.076    -37.207    -46.951
      5.792    328.482   -115.684    100.936    -44.122    -37.189    -46.964
      5.793    328.438   -115.721    100.889    -44.168    -37.171    -46.977
      5.794    328.393   -115.759    100.842    -44.214    -37.152    -46.990
      5.795    328.349   -115.796    100.795    -44.260    -37.134    -47.003
      5.796    328.305   -115.833    100.748    -44.307    -37.116    -47.016
      5.797    328.261   -115.870    100.701    -44.353    -37.098    -47.029
      5.798    328.216   -115.907    100.654    -44.399    -37.080    -47.042
      5.799    328.172   -115.944    100.607    -44.445    -37.061    -47.055
      5.800    328.127   -115.981    100.560    -44.492    -37.043    -47.068
      5.801    328.083   -116.018    100.513    -44.538    -37.025    -47.081
      5.802    328.038   -116.055    100.466    -44.584    -37.007    -47.094
      5.803    327.994   -116.092    100.418    -44.630    -36.988    -47.107
      5.804    327.949   -116.129    100.371    -44.677    -36.970    -47.120
      5.805    327.904   -116.166    100.324    -44.723    -36.952    -47.133
      5.806    327.860   -116.203    100.277    -44.769    -36.933    -47.146
      5.807    327.815   -116.240    100.230    -44.815    -36.915    -47.159
      5.808    327.770   -116.277    100.183    -44.862    -36.897    -47.172
      5.809    327.725   -116.314    100.136    -44.908    -36.878    -47.185
      5.810    327.680   -116.351    100.088    -44.954    -36.860    -47.198
      5.811    327.635   -116.388    100.041    -45.001    -36.842    -47.211
      5.812    327.590   -116.424     99.994    -45.047    -36.823    -47.224
      5.813    327.545   -116.461     99.947    -45.093    -36.805    -47.237
      5.814    327.500   -116.498     99.900    -45.140    -36.787    -47.250
      5.815    327.455   -116.535     99.852    -45.186    -36.768    -47.263
      5.816    327.410   -116.572     99.805    -45.232    -36.750    -47.276
      5.817    327.364   -116.608     99.758    -45.279    -36.732    -47.289
      5.818    327.319   -116.645     99.710    -45.325    -36.713    -47.302
      5.819    327.274   -116.682     99.663    -45.372    -36.695    -47.315
      5.820    327.228   -116.718     99.616    -45.418    -36.676    -47.328
      5.821    327.183   -116.755     99.568    -45.464    -36.658    -47.341
      5.822    327.137   -116.792     99.521    -45.511    -36.639    -47.354
      5.823    327.092   -116.828     99.474    -45.557    -36.621    -47.367
      5.824    327.046   -116.865     99.426    -45.604    -36.602    -47.380
      5.825    327.001   -116.902     99.379    -45.650    -36.584    -47.393
      5.826    326.955   -116.938     99.332    -45.696    -36.565    -47.406
      5.827    326.909   -116.975     99.284    -45.743    -36.547    -47.419
      5.828    326.863   -117.011     99.237    -45.789    -36.528    -47.432
      5.829    326.818   -117.048     99.189    -45.836    -36.510    -47.445
      5.830    326.772   -117.084     99.142    -45.882    -36.491    -47.458
      5.831    326.726   -117.121     99.094    -45.929    -36.473    -47.471
      5.832    326.680   -117.157     99.047    -45.975    -36.454    -47.484
      5.833    326.634   -117.194     98.999    -46.022    -36.436    -47.497
      5.834    326.588   -117.230     98.952    -46.068    -36.417    -47.509
      5.835    326.542   -117.266     98.904    -46.115    -36.399    -47.522
      5.836    326.496   -117.303     98.857    -46.161    -36.380    -47.535
      5.837    326.449   -117.339     98.809    -46.208    -36.361    -47.548
      5.838    326.403   -117.376     98.762    -46.254    -36.343    -47.561
      5.839    326.357   -117.412     98.714    -46.301    -36.324    -47.574
      5.840    326.311   -117.448     98.667    -46.347    -36.305    -47.587
      5.841    326.264   -117.485     98.619    -46.394    -36.287    -47.600
      5.842    326.218   -117.521     98.571    -46.440    -36.268    -47.613
      5.843    326.171   -117.557     98.524    -46.487    -36.249    -47.626
      5.844    326.125   -117.593     98.476    -46.533    -36.231    -47.639
      5.845    326.078   -117.630     98.429    -46.580    -36.212    -47.652
      5.846    326.032   -117.666     98.381    -46.627    -36.193    -47.665
      5.847    325.985   -117.702     98.333    -46.673    -36.175    -47.678
      5.848    325.938   -117.738     98.286    -46.720    -36.156    -47.690
      5.849    325.892   -117.774     98.238    -46.766    -36.137    -47.703
      5.850    325.845   -117.810     98.190    -46.813    -36.119    -47.716
      5.851    325.798   -117.846     98.142    -46.860    -36.100    -47.729
      5.852    325.751   -117.883     98.095    -46.906    -36.081    -47.742
      5.853    325.704   -117.919     98.047    -46.953    -36.062    -47.755
      5.854    325.657   -117.955     97.999    -46.999    -36.043    -47.768
      5.855    325.610   -117.991     97.951    -47.046    -36.025    -47.781
      5.856    325.563   -118.027     97.904    -47.093    -36.006    -47.794
      5.857    325.516   -118.063     97.856    -47.139    -35.987    -47.807
      5.858    325.469   -118.099     97.808    -47.186    -35.968    -47.819
      5.859    325.422   -118.135     97.760    -47.233    -35.949    -47.832
      5.860    325.374   -118.171     97.712    -47.279    -35.931    -47.845
      5.861    325.327   -118.207     97.664    -47.326    -35.912    -47.858
      5.862    325.280   -118.242     97.617    -47.373    -35.893    -47.871
      5.863    325.232   -118.278     97.569    -47.420    -35.874    -47.884
      5.864    325.185   -118.314     97.521    -47.466    -35.855    -47.897
      5.865    325.137   -118.350     97.473    -47.513    -35.836    -47.910
      5.866    325.090   -118.386     97.425    -47.560    -35.817    -47.923
      5.867    325.042   -118.422     97.377    -47.606    -35.798    -47.935
      5.868    324.995   -118.457     97.329    -47.653    -35.780    -47.948
      5.869    324.947   -118.493     97.281    -47.700    -35.761    -47.961
      5.870    324.899   -118.529     97.233    -47.747    -35.742    -47.974
      5.871    324.851   -118.565     97.185    -47.794    -35.723    -47.987
      5.872    324.804   -118.600     97.137    -47.840    -35.704    -48.000
      5.873    324.756   -118.636     97.089    -47.887    -35.685    -48.013
      5.874    324.708   -118.672     97.041    -47.934    -35.666    -48.025
      5.875    324.660   -118.707     96.993    -47.981    -35.647    -48.038
      5.876    324.612   -118.743     96.945    -48.028    -35.628    -48.051
      5.877    324.564   -118.779     96.897    -48.074    -35.609    -48.064
      5.878    324.516   -118.814     96.849    -48.121    -35.590    -48.077
      5.879    324.468   -118.850     96.801    -48.168    -35.571    -48.090
      5.880    324.419   -118.885     96.753    -48.215    -35.552    -48.102
      5.881    324.371   -118.921     96.705    -48.262    -35.533    -48.115
      5.882    324.323   -118.957     96.657    -48.309    -35.514    -48.128
      5.883    324.275   -118.992     96.608    -48.355    -35.494    -48.141
      5.884    324.226   -119.028     96.560    -48.402    -35.475    -48.154
      5.885    324.178   -119.063     96.512    -48.449    -35.456    -48.167
      5.886    324.129   -119.098     96.464    -48.496    -35.437    -48.179
      5.887    324.081   -119.134     96.416    -48.543    -35.418    -48.192
      5.888    324.032   -119.169     96.368    -48.590    -35.399    -48.205
      5.889    323.984   -119.205     96.319    -48.637    -35.380    -48.218
      5.890    323.935   -119.240     96.271    -48.684    -35.361    -48.231
      5.891    323.886   -119.275     96.223    -48.731    -35.341    -48.244
      5.892    323.837   -119.311     96.175    -48.778    -35.322    -48.256
      5.893    323.789   -119.346     96.126    -48.825    -35.303    -48.269
      5.894    323.740   -119.381     96.078    -48.872    -35.284    -48.282
      5.895    323.691   -119.417     96.030    -48.919    -35.265    -48.295
      5.896    323.642   -119.452     95.982    -48.966    -35.245    -48.308
      5.897    323.593   -119.487     95.933    -49.013    -35.226    -48.320
      5.898    323.544   -119.522     95.885    -49.060    -35.207    -48.333
      5.899    323.495   -119.557     95.837    -49.107    -35.188    -48.346
      5.900    323.446   -119.593     95.788    -49.154    -35.168    -48.359
      5.901    323.397   -119.628     95.740    -49.201    -35.149    -48.372
      5.902    323.347   -119.663     95.691    -49.248    -35.130    -48.384
      5.903    323.298   -119.698     95.643    -49.295    -35.111    -48.397
      5.904    323.249   -119.733     95.595    -49.342    -35.091    -48.410
      5.905    323.199   -119.768     95.546    -49.389    -35.072    -48.423
      5.906    323.150   -119.803     95.498    -49.436    -35.053    -48.435
      5.907    323.100   -119.838     95.449    -49.483    -35.033    -48.448
      5.908    323.051   -119.873     95.401    -49.530    -35.014    -48.461
      5.909    323.001   -119.908     95.352    -49.577    -34.995    -48.474
      5.910    322.952   -119.943     95.304    -49.624    -34.975    -48.487
      5.911    322.902   -119.978     95.255    -49.671    -34.956    -48.499
      5.912    322.852   -120.013     95.207    -49.718    -34.937    -48.512
      5.913    322.803   -120.048     95.158    -49.765    -34.917    -48.525
      5.914    322.753   -120.083     95.110    -49.813    -34.898    -48.538
      5.915    322.703   -120.118     95.061    -49.860    -34.878    -48.550
      5.916    322.653   -120.153     95.013    -49.907    -34.859    -48.563
      5.917    322.603   -120.188     94.964    -49.954    -34.839    -48.576
      5.918    322.553   -120.223     94.916    -50.001    -34.820    -48.589
      5.919    322.503   -120.257     94.867    -50.048    -34.801    -48.601
      5.920    322.453   -120.292     94.818    -50.096    -34.781    -48.614
      5.921    322.403   -120.327     94.770    -50.143    -34.762    -48.627
      5.922    322.353   -120.362     94.721    -50.190    -34.742    -48.640
      5.923    322.303   -120.396     94.673    -50.237    -34.723    -48.652
      5.924    322.252   -120.431     94.624    -50.284    -34.703    -48.665
      5.925    322.202   -120.466     94.575    -50.332    -34.684    -48.678
      5.926    322.152   -120.501     94.527    -50.379    -34.664    -48.691
      5.927    322.101   -120.535     94.478    -50.426    -34.644    -48.703
      5.928    322.051   -120.570     94.429    -50.473    -34.625    -48.716
      5.929    322.000   -120.604     94.380    -50.521    -34.605    -48.729
      5.930    321.950   -120.639     94.332    -50.568    -34.586    -48.741
      5.931    321.899   -120.674     94.283    -50.615    -34.566    -48.754
      5.932    321.849   -120.708     94.234    -50.662    -34.547    -48.767
      5.933    321.798   -120.743     94.185    -50.710    -34.527    -48.780
      5.934    321.747   -120.777     94.137    -50.757    -34.507    -48.792
      5.935    321.696   -120.812     94.088    -50.804    -34.488    -48.805
      5.936    321.646   -120.846     94.039    -50.852    -34.468    -48.818
      5.937    321.595   -120.881     93.990    -50.899    -34.448    -48.830
      5.938    321.544   -120.915     93.941    -50.946    -34.429    -48.843
      5.939    321.493   -120.949     93.893    -50.994    -34.409    -48.856
      5.940    321.442   -120.984     93.844    -51.041    -34.389    -48.869
      5.941    321.391   -121.018     93.795    -51.088    -34.370    -48.881
      5.942    321.340   -121.053     93.746    -51.136    -34.350    -48.894
      5.943    321.289   -121.087     93.697    -51.183    -34.330    -48.907
      5.944    321.237   -121.121     93.648    -51.230    -34.310    -48.919
      5.945    321.186   -121.156     93.599    -51.278    -34.291    -48.932
      5.946    321.135   -121.190     93.550    -51.325    -34.271    -48.945
      5.947    321.083   -121.224     93.501    -51.373    -34.251    -48.957
      5.948    321.032   -121.258     93.452    -51.420    -34.231    -48.970
      5.949    320.981   -121.293     93.403    -51.467    -34.212    -48.983
      5.950    320.929   -121.327     93.354    -51.515    -34.192    -48.995
      5.951    320.878   -121.361     93.305    -51.562    -34.172    -49.008
      5.952    320.826   -121.395     93.256    -51.610    -34.152    -49.021
      5.953    320.774   -121.429     93.207    -51.657    -34.132    -49.033
      5.954    320.723   -121.463     93.158    -51.705    -34.112    -49.046
      5.955    320.671   -121.497     93.109    -51.752    -34.093    -49.059
      5.956    320.619   -121.532     93.060    -51.800    -34.073    -49.071
      5.957    320.567   -121.566     93.011    -51.847    -34.053    -49.084
      5.958    320.515   -121.600     92.962    -51.895    -34.033    -49.097
      5.959    320.464   -121.634     92.913    -51.942    -34.013    -49.109
      5.960    320.412   -121.668     92.864    -51.990    -33.993    -49.122
      5.961    320.360   -121.702     92.815    -52.037    -33.973    -49.135
      5.962    320.308   -121.736     92.765    -52.085    -33.953    -49.147
      5.963    320.255   -121.770     92.716    -52.132    -33.933    -49.160
      5.964    320.203   -121.804     92.667    -52.180    -33.913    -49.173
      5.965    320.151   -121.837     92.618    -52.228    -33.893    -49.185
      5.966    320.099   -121.871     92.569    -52.275    -33.873    -49.198
      5.967    320.046   -121.905     92.520    -52.323    -33.853    -49.210
      5.968    319.994   -121.939     92.470    -52.370    -33.833    -49.223
      5.969    319.942   -121.973     92.421    -52.418    -33.813    -49.236
      5.970    319.889   -122.007     92.372    -52.466    -33.793    -49.248
      5.971    319.837   -122.040     92.323    -52.513    -33.773    -49.261
      5.972    319.784   -122.074     92.273    -52.561    -33.753    -49.274
      5.973    319.732   -122.108     92.224    -52.608    -33.733    -49.286
      5.974    319.679   -122.142     92.175    -52.656    -33.713    -49.299
      5.975    319.626   -122.175     92.125    -52.704    -33.693    -49.312
      5.976    319.574   -122.209     92.076    -52.751    -33.673    -49.324
      5.977    319.521   -122.243     92.027    -52.799    -33.653    -49.337
      5.978    319.468   -122.276     91.977    -52.847    -33.633    -49.349
      5.979    319.415   -122.310     91.928    -52.895    -33.613    -49.362
      5.980    319.362   -122.344     91.879    -52.942    -33.593    -49.375
      5.981    319.309   -122.377     91.829    -52.990    -33.572    -49.387
      5.982    319.256   -122.411     91.780    -53.038    -33.552    -49.400
      5.983    319.203   -122.444     91.731    -53.085    -33.532    -49.412
      5.984    319.150   -122.478     91.681    -53.133    -33.512    -49.425
      5.985    319.097   -122.511     91.632    -53.181    -33.492    -49.438
      5.986    319.044   -122.545     91.582    -53.229    -33.471    -49.450
      5.987    318.990   -122.578     91.533    -53.276    -33.451    -49.463
      5.988    318.937   -122.612     91.483    -53.324    -33.431    -49.475
      5.989    318.884   -122.645     91.434    -53.372    -33.411    -49.488
      5.990    318.830   -122.678     91.384    -53.420    -33.391    -49.500
      5.991    318.777   -122.712     91.335    -53.468    -33.370    -49.513
      5.992    318.724   -122.745     91.285    -53.515    -33.350    -49.526
      5.993    318.670   -122.779     91.236    -53.563    -33.330    -49.538
      5.994    318.616   -122.812     91.186    -53.611    -33.309    -49.551
      5.995    318.563   -122.845     91.137    -53.659    -33.289    -49.563
      5.996    318.509   -122.878     91.087    -53.707    -33.269    -49.576
      5.997    318.455   -122.912     91.038    -53.755    -33.248    -49.588
      5.998    318.402   -122.945     90.988    -53.803    -33.228    -49.601
      5.999    318.348   -122.978     90.938    -53.850    -33.208    -49.614
      6.000    318.294   -123.011     90.889    -53.898    -33.187    -49.626
      6.001    318.240   -123.045     90.839    -53.946    -33.167    -49.639
      6.002    318.186   -123.078     90.789    -53.994    -33.147    -49.651
      6.003    318.132   -123.111     90.740    -54.042    -33.126    -49.664
      6.004    318.078   -123.144     90.690    -54.090    -33.106    -49.676
      6.005    318.024   -123.177     90.640    -54.138    -33.085    -49.689
      6.006    317.970   -123.210     90.591    -54.186    -33.065    -49.701
      6.007    317.915   -123.243     90.541    -54.234    -33.044    -49.714
      6.008    317.861   -123.276     90.491    -54.282    -33.024    -49.727
      6.009    317.807   -123.309     90.442    -54.330    -33.003    -49.739
      6.010    317.752   -123.342     90.392    -54.378    -32.983    -49.752
      6.011    317.698   -123.375     90.342    -54.426    -32.962    -49.764
      6.012    317.644   -123.408     90.292    -54.474    -32.942    -49.777
      6.013    317.589   -123.441     90.243    -54.522    -32.921    -49.789
      6.014    317.535   -123.474     90.193    -54.570    -32.901    -49.802
      6.015    317.480   -123.507     90.143    -54.618    -32.880    -49.814
      6.016    317.425   -123.540     90.093    -54.666    -32.860    -49.827
      6.017    317.371   -123.573     90.043    -54.714    -32.839    -49.839
      6.018    317.316   -123.605     89.993    -54.762    -32.819    -49.852
      6.019    317.261   -123.638     89.944    -54.810    -32.798    -49.864
      6.020    317.206   -123.671     89.894    -54.858    -32.777    -49.877
      6.021    317.151   -123.704     89.844    -54.906    -32.757    -49.889
      6.022    317.096   -123.737     89.794    -54.955    -32.736    -49.902
      6.023    317.042   -123.769     89.744    -55.003    -32.716    -49.914
      6.024    316.986   -123.802     89.694    -55.051    -32.695    -49.927
      6.025    316.931   -123.835     89.644    -55.099    -32.674    -49.939
      6.026    316.876   -123.867     89.594    -55.147    -32.654    -49.952
      6.027    316.821   -123.900     89.544    -55.195    -32.633    -49.964
      6.028    316.766   -123.933     89.494    -55.243    -32.612    -49.977
      6.029    316.711   -123.965     89.444    -55.292    -32.591    -49.989
      6.030    316.655   -123.998     89.394    -55.340    -32.571    -50.002
      6.031    316.600   -124.030     89.344    -55.388    -32.550    -50.014
      6.032    316.545   -124.063     89.294    -55.436    -32.529    -50.027
      6.033    316.489   -124.095     89.244    -55.484    -32.508    -50.039
      6.034    316.434   -124.128     89.194    -55.533    -32.488    -50.052
      6.035    316.378   -124.160     89.144    -55.581    -32.467    -50.064
      6.036    316.322   -124.193     89.094    -55.629    -32.446    -50.077
      6.037    316.267   -124.225     89.044    -55.677    -32.425    -50.089
      6.038    316.211   -124.258     88.994    -55.726    -32.404    -50.102
      6.039    316.155   -124.290     88.944    -55.774    -32.384    -50.114
      6.040    316.100   -124.322     88.894    -55.822    -32.363    -50.127
      6.041    316.044   -124.355     88.844    -55.870    -32.342    -50.139
      6.042    315.988   -124.387     88.793    -55.919    -32.321    -50.152
      6.043    315.932   -124.419     88.743    -55.967    -32.300    -50.164
      6.044    315.876   -124.452     88.693    -56.015    -32.279    -50.176
      6.045    315.820   -124.484     88.643    -56.064    -32.258    -50.189
      6.046    315.764   -124.516     88.593    -56.112    -32.237    -50.201
      6.047    315.708   -124.548     88.542    -56.160    -32.217    -50.214
      6.048    315.651   -124.581     88.492    -56.209    -32.196    -50.226
      6.049    315.595   -124.613     88.442    -56.257    -32.175    -50.239
      6.050    315.539   -124.645     88.392    -56.306    -32.154    -50.251
      6.051    315.483   -124.677     88.342    -56.354    -32.133    -50.264
      6.052    315.426   -124.709     88.291    -56.402    -32.112    -50.276
      6.053    315.370   -124.741     88.241    -56.451    -32.091    -50.288
      6.054    315.313   -124.773     88.191    -56.499    -32.070    -50.301
      6.055    315.257   -124.806     88.140    -56.548    -32.049    -50.313
      6.056    315.200   -124.838     88.090    -56.596    -32.028    -50.326
      6.057    315.144   -124.870     88.040    -56.645    -32.007    -50.338
      6.058    315.087   -124.902     87.989    -56.693    -31.986    -50.351
      6.059    315.030   -124.934     87.939    -56.742    -31.964    -50.363
      6.060    314.973   -124.966     87.889    -56.790    -31.943    -50.375
      6.061    314.917   -124.997     87.838    -56.838    -31.922    -50.388
      6.062    314.860   -125.029     87.788    -56.887    -31.901    -50.400
      6.063    314.803   -125.061     87.737    -56.936    -31.880    -50.413
      6.064    314.746   -125.093     87.687    -56.984    -31.859    -50.425
      6.065    314.689   -125.125     87.637    -57.033    -31.838    -50.437
      6.066    314.632   -125.157     87.586    -57.081    -31.817    -50.450
      6.067    314.575   -125.189     87.536    -57.130    -31.795    -50.462
      6.068    314.518   -125.220     87.485    -57.178    -31.774    -50.475
      6.069    314.460   -125.252     87.435    -57.227    -31.753    -50.487
      6.070    314.403   -125.284     87.384    -57.275    -31.732    -50.499
      6.071    314.346   -125.316     87.334    -57.324    -31.711    -50.512
      6.072    314.288   -125.347     87.283    -57.373    -31.689    -50.524
      6.073    314.231   -125.379     87.233    -57.421    -31.668    -50.537
      6.074    314.174   -125.411     87.182    -57.470    -31.647    -50.549
      6.075    314.116   -125.442     87.132    -57.519    -31.626    -50.561
      6.076    314.059   -125.474     87.081    -57.567    -31.604    -50.574
      6.077    314.001   -125.505     87.030    -57.616    -31.583    -50.586
      6.078    313.943   -125.537     86.980    -57.665    -31.562    -50.599
      6.079    313.886   -125.569     86.929    -57.713    -31.540    -50.611
      6.080    313.828   -125.600     86.879    -57.762    -31.519    -50.623
      6.081    313.770   -125.632     86.828    -57.811    -31.498    -50.636
      6.082    313.712   -125.663     86.777    -57.859    -31.476    -50.648
      6.083    313.654   -125.695     86.727    -57.908    -31.455    -50.660
      6.084    313.596   -125.726     86.676    -57.957    -31.433    -50.673
      6.085    313.538   -125.757     86.625    -58.006    -31.412    -50.685
      6.086    313.480   -125.789     86.575    -58.054    -31.391    -50.697
      6.087    313.422   -125.820     86.524    -58.103    -31.369    -50.710
      6.088    313.364   -125.852     86.473    -58.152    -31.348    -50.722
      6.089    313.306   -125.883     86.423    -58.201    -31.326    -50.734
      6.090    313.248   -125.914     86.372    -58.249    -31.305    -50.747
      6.091    313.190   -125.946     86.321    -58.298    -31.283    -50.759
      6.092    313.131   -125.977     86.270    -58.347    -31.262    -50.772
      6.093    313.073   -126.008     86.220    -58.396    -31.240    -50.784
      6.094    313.014   -126.039     86.169    -58.445    -31.219    -50.796
      6.095    312.956   -126.071     86.118    -58.494    -31.197    -50.809
      6.096    312.897   -126.102     86.067    -58.542    -31.176    -50.821
      6.097    312.839   -126.133     86.016    -58.591    -31.154    -50.833
      6.098    312.780   -126.164     85.965    -58.640    -31.133    -50.846
      6.099    312.722   -126.195     85.915    -58.689    -31.111    -50.858
      6.100    312.663   -126.226     85.864    -58.738    -31.089    -50.870
      6.101    312.604   -126.257     85.813    -58.787    -31.068    -50.882
      6.102    312.545   -126.288     85.762    -58.836    -31.046    -50.895
      6.103    312.486   -126.319     85.711    -58.885    -31.025    -50.907
      6.104    312.428   -126.350     85.660    -58.934    -31.003    -50.919
      6.105    312.369   -126.381     85.609    -58.983    -30.981    -50.932
      6.106    312.310   -126.412     85.558    -59.032    -30.960    -50.944
      6.107    312.251   -126.443     85.507    -59.081    -30.938    -50.956
      6.108    312.191   -126.474     85.456    -59.130    -30.916    -50.969
      6.109    312.132   -126.505     85.405    -59.179    -30.895    -50.981
      6.110    312.073   -126.536     85.354    -59.228    -30.873    -50.993
      6.111    312.014   -126.567     85.303    -59.277    -30.851    -51.006
      6.112    311.955   -126.598     85.252    -59.326    -30.829    -51.018
      6.113    311.895   -126.629     85.201    -59.375    -30.808    -51.030
      6.114    311.836   -126.659     85.150    -59.424    -30.786    -51.042
      6.115    311.776   -126.690     85.099    -59.473    -30.764    -51.055
      6.116    311.717   -126.721     85.048    -59.522    -30.742    -51.067
      6.117    311.657   -126.752     84.997    -59.571    -30.720    -51.079
      6.118    311.598   -126.782     84.946    -59.620    -30.699    -51.092
      6.119    311.538   -126.813     84.895    -59.669    -30.677    -51.104
      6.120    311.478   -126.844     84.844    -59.718    -30.655    -51.116
      6.121    311.419   -126.874     84.793    -59.768    -30.633    -51.128
      6.122    311.359   -126.905     84.742    -59.817    -30.611    -51.141
      6.123    311.299   -126.936     84.690    -59.866    -30.589    -51.153
      6.124    311.239   -126.966     84.639    -59.915    -30.567    -51.165
      6.125    311.179   -126.997     84.588    -59.964    -30.545    -51.177
      6.126    311.119   -127.027     84.537    -60.013    -30.524    -51.190
      6.127    311.059   -127.058     84.486    -60.063    -30.502    -51.202
      6.128    310.999   -127.088     84.435    -60.112    -30.480    -51.214
      6.129    310.939   -127.119     84.383    -60.161    -30.458    -51.226
      6.130    310.879   -127.149     84.332    -60.210    -30.436    -51.239
      6.131    310.818   -127.180     84.281    -60.260    -30.414    -51.251
      6.132    310.758   -127.210     84.230    -60.309    -30.392    -51.263
      6.133    310.698   -127.240     84.178    -60.358    -30.370    -51.275
      6.134    310.637   -127.271     84.127    -60.407    -30.348    -51.288
      6.135    310.577   -127.301     84.076    -60.457    -30.326    -51.300
      6.136    310.517   -127.331     84.024    -60.506    -30.304    -51.312
      6.137    310.456   -127.362     83.973    -60.555    -30.281    -51.324
      6.138    310.395   -127.392     83.922    -60.605    -30.259    -51.337
      6.139    310.335   -127.422     83.870    -60.654    -30.237    -51.349
      6.140    310.274   -127.452     83.819    -60.703    -30.215    -51.361
      6.141    310.213   -127.483     83.768    -60.753    -30.193    -51.373
      6.142    310.153   -127.513     83.716    -60.802    -30.171    -51.386
      6.143    310.092   -127.543     83.665    -60.851    -30.149    -51.398
      6.144    310.031   -127.573     83.614    -60.901    -30.127    -51.410
      6.145    309.970   -127.603     83.562    -60.950    -30.104    -51.422
      6.146    309.909   -127.633     83.511    -61.000    -30.082    -51.434
      6.147    309.848   -127.663     83.459    -61.049    -30.060    -51.447
      6.148    309.787   -127.693     83.408    -61.098    -30.038    -51.459
      6.149    309.726   -127.723     83.356    -61.148    -30.015    -51.471
      6.150    309.665   -127.753     83.305    -61.197    -29.993    -51.483
      6.151    309.603   -127.783     83.253    -61.247    -29.971    -51.495
      6.152    309.542   -127.813     83.202    -61.296    -29.949    -51.508
      6.153    309.481   -127.843     83.150    -61.346    -29.926    -51.520
      6.154    309.419   -127.873     83.099    -61.395    -29.904    -51.532
      6.155    309.358   -127.903     83.047    -61.445    -29.882    -51.544
      6.156    309.297   -127.933     82.996    -61.494    -29.859    -51.556
      6.157    309.235   -127.963     82.944    -61.544    -29.837    -51.569
      6.158    309.173   -127.993     82.893    -61.593    -29.815    -51.581
      6.159    309.112   -128.022     82.841    -61.643    -29.792    -51.593
      6.160    309.050   -128.052     82.789    -61.693    -29.770    -51.605
      6.161    308.988   -128.082     82.738    -61.742    -29.748    -51.617
      6.162    308.927   -128.112     82.686    -61.792    -29.725    -51.629
      6.163    308.865   -128.141     82.635    -61.841    -29.703    -51.642
      6.164    308.803   -128.171     82.583    -61.891    -29.680    -51.654
      6.165    308.741   -128.201     82.531    -61.941    -29.658    -51.666
      6.166    308.679   -128.230     82.480    -61.990    -29.635    -51.678
      6.167    308.617   -128.260     82.428    -62.040    -29.613    -51.690
      6.168    308.555   -128.290     82.376    -62.090    -29.590    -51.702
      6.169    308.493   -128.319     82.325    -62.139    -29.568    -51.715
      6.170    308.431   -128.349     82.273    -62.189    -29.545    -51.727
      6.171    308.369   -128.378     82.221    -62.239    -29.523    -51.739
      6.172    308.306   -128.408     82.169    -62.288    -29.500    -51.751
      6.173    308.244   -128.437     82.118    -62.338    -29.478    -51.763
      6.174    308.182   -128.467     82.066    -62.388    -29.455    -51.775
      6.175    308.119   -128.496     82.014    -62.438    -29.433    -51.787
      6.176    308.057   -128.526     81.962    -62.487    -29.410    -51.800
      6.177    307.994   -128.555     81.910    -62.537    -29.387    -51.812
      6.178    307.932   -128.584     81.859    -62.587    -29.365    -51.824
      6.179    307.869   -128.614     81.807    -62.637    -29.342    -51.836
      6.180    307.806   -128.643     81.755    -62.687    -29.319    -51.848
      6.181    307.744   -128.672     81.703    -62.736    -29.297    -51.860
      6.182    307.681   -128.702     81.651    -62.786    -29.274    -51.872
      6.183    307.618   -128.731     81.599    -62.836    -29.251    -51.884
      6.184    307.555   -128.760     81.547    -62.886    -29.229    -51.897
      6.185    307.492   -128.789     81.496    -62.936    -29.206    -51.909
      6.186    307.429   -128.819     81.444    -62.986    -29.183    -51.921
      6.187    307.366   -128.848     81.392    -63.036    -29.160    -51.933
      6.188    307.303   -128.877     81.340    -63.085    -29.138    -51.945
      6.189    307.240   -128.906     81.288    -63.135    -29.115    -51.957
      6.190    307.177   -128.935     81.236    -63.185    -29.092    -51.969
      6.191    307.114   -128.964     81.184    -63.235    -29.069    -51.981
      6.192    307.051   -128.993     81.132    -63.285    -29.046    -51.993
      6.193    306.987   -129.022     81.080    -63.335    -29.024    -52.006
      6.194    306.924   -129.051     81.028    -63.385    -29.001    -52.018
      6.195    306.860   -129.080     80.976    -63.435    -28.978    -52.030
      6.196    306.797   -129.109     80.924    -63.485    -28.955    -52.042
      6.197    306.733   -129.138     80.872    -63.535    -28.932    -52.054
      6.198    306.670   -129.167     80.820    -63.585    -28.909    -52.066
      6.199    306.606   -129.196     80.768    -63.635    -28.886    -52.078
      6.200    306.543   -129.225     80.716    -63.685    -28.863    -52.090
      6.201    306.479   -129.254     80.663    -63.735    -28.840    -52.102
      6.202    306.415   -129.283     80.611    -63.785    -28.817    -52.114
      6.203    306.351   -129.311     80.559    -63.836    -28.794    -52.126
      6.204    306.288   -129.340     80.507    -63.886    -28.771    -52.138
      6.205    306.224   -129.369     80.455    -63.936    -28.748    -52.150
      6.206    306.160   -129.398     80.403    -63.986    -28.725    -52.163
      6.207    306.096   -129.426     80.351    -64.036    -28.702    -52.175
      6.208    306.032   -129.455     80.298    -64.086    -28.679    -52.187
      6.209    305.967   -129.484     80.246    -64.136    -28.656    -52.199
      6.210    305.903   -129.512     80.194    -64.186    -28.633    -52.211
      6.211    305.839   -129.541     80.142    -64.237    -28.610    -52.223
      6.212    305.775   -129.570     80.090    -64.287    -28.587    -52.235
      6.213    305.711   -129.598     80.037    -64.337    -28.564    -52.247
      6.214    305.646   -129.627     79.985    -64.387    -28.541    -52.259
      6.215    305.582   -129.655     79.933    -64.438    -28.517    -52.271
      6.216    305.517   -129.684     79.881    -64.488    -28.494    -52.283
      6.217    305.453   -129.712     79.828    -64.538    -28.471    -52.295
      6.218    305.388   -129.741     79.776    -64.588    -28.448    -52.307
      6.219    305.324   -129.769     79.724    -64.639    -28.425    -52.319
      6.220    305.259   -129.798     79.671    -64.689    -28.401    -52.331
      6.221    305.194   -129.826     79.619    -64.739    -28.378    -52.343
      6.222    305.129   -129.854     79.567    -64.790    -28.355    -52.355
      6.223    305.065   -129.883     79.514    -64.840    -28.332    -52.367
      6.224    305.000   -129.911     79.462    -64.890    -28.308    -52.379
      6.225    304.935   -129.939     79.410    -64.941    -28.285    -52.391
      6.226    304.870   -129.968     79.357    -64.991    -28.262    -52.403
      6.227    304.805   -129.996     79.305    -65.041    -28.238    -52.415
      6.228    304.740   -130.024     79.252    -65.092    -28.215    -52.427
      6.229    304.675   -130.052     79.200    -65.142    -28.192    -52.439
      6.230    304.610   -130.081     79.147    -65.193    -28.168    -52.451
      6.231    304.544   -130.109     79.095    -65.243    -28.145    -52.463
      6.232    304.479   -130.137     79.042    -65.293    -28.122    -52.475
      6.233    304.414   -130.165     78.990    -65.344    -28.098    -52.487
      6.234    304.348   -130.193     78.937    -65.394    -28.075    -52.499
      6.235    304.283   -130.221     78.885    -65.445    -28.051    -52.511
      6.236    304.217   -130.249     78.832    -65.495    -28.028    -52.523
      6.237    304.152   -130.277     78.780    -65.546    -28.004    -52.535
      6.238    304.086   -130.305     78.727    -65.596    -27.981    -52.547
      6.239    304.021   -130.333     78.675    -65.647    -27.957    -52.559
      6.240    303.955   -130.361     78.622    -65.697    -27.934    -52.571
      6.241    303.889   -130.389     78.570    -65.748    -27.910    -52.583
      6.242    303.824   -130.417     78.517    -65.799    -27.887    -52.595
      6.243    303.758   -130.445     78.465    -65.849    -27.863    -52.607
      6.244    303.692   -130.473     78.412    -65.900    -27.840    -52.619
      6.245    303.626   -130.500     78.359    -65.950    -27.816    -52.631
      6.246    303.560   -130.528     78.307    -66.001    -27.792    -52.643
      6.247    303.494   -130.556     78.254    -66.052    -27.769    -52.655
      6.248    303.428   -130.584     78.201    -66.102    -27.745    -52.667
      6.249    303.362   -130.611     78.149    -66.153    -27.721    -52.679
      6.250    303.296   -130.639     78.096    -66.204    -27.698    -52.691
      6.251    303.229   -130.667     78.043    -66.254    -27.674    -52.703
      6.252    303.163   -130.695     77.991    -66.305    -27.650    -52.715
      6.253    303.097   -130.722     77.938    -66.356    -27.627    -52.727
      6.254    303.030   -130.750     77.885    -66.407    -27.603    -52.739
      6.255    302.964   -130.777     77.832    -66.457    -27.579    -52.750
      6.256    302.897   -130.805     77.780    -66.508    -27.555    -52.762
      6.257    302.831   -130.832     77.727    -66.559    -27.532    -52.774
      6.258    302.764   -130.860     77.674    -66.610    -27.508    -52.786
      6.259    302.698   -130.887     77.621    -66.660    -27.484    -52.798
      6.260    302.631   -130.915     77.568    -66.711    -27.460    -52.810
      6.261    302.564   -130.942     77.516    -66.762    -27.436    -52.822
      6.262    302.497   -130.970     77.463    -66.813    -27.413    -52.834
      6.263    302.431   -130.997     77.410    -66.864    -27.389    -52.846
      6.264    302.364   -131.025     77.357    -66.915    -27.365    -52.858
      6.265    302.297   -131.052     77.304    -66.965    -27.341    -52.870
      6.266    302.230   -131.079     77.251    -67.016    -27.317    -52.882
      6.267    302.163   -131.107     77.199    -67.067    -27.293    -52.894
      6.268    302.096   -131.134     77.146    -67.118    -27.269    -52.905
      6.269    302.029   -131.161     77.093    -67.169    -27.245    -52.917
      6.270    301.961   -131.188     77.040    -67.220    -27.221    -52.929
      6.271    301.894   -131.216     76.987    -67.271    -27.197    -52.941
      6.272    301.827   -131.243     76.934    -67.322    -27.173    -52.953
      6.273    301.759   -131.270     76.881    -67.373    -27.149    -52.965
      6.274    301.692   -131.297     76.828    -67.424    -27.125    -52.977
      6.275    301.625   -131.324     76.775    -67.475    -27.101    -52.989
      6.276    301.557   -131.351     76.722    -67.526    -27.077    -53.001
      6.277    301.490   -131.378     76.669    -67.577    -27.053    -53.012
      6.278    301.422   -131.405     76.616    -67.628    -27.029    -53.024
      6.279    301.354   -131.432     76.563    -67.679    -27.005    -53.036
      6.280    301.287   -131.459     76.510    -67.730    -26.981    -53.048
      6.281    301.219   -131.486     76.457    -67.781    -26.957    -53.060
      6.282    301.151   -131.513     76.404    -67.832    -26.932    -53.072
      6.283    301.083   -131.540     76.351    -67.883    -26.908    -53.084
      6.284    301.015   -131.567     76.298    -67.935    -26.884    -53.096
      6.285    300.947   -131.594     76.245    -67.986    -26.860    -53.107
      6.286    300.879   -131.621     76.191    -68.037    -26.836    -53.119
      6.287    300.811   -131.648     76.138    -68.088    -26.811    -53.131
      6.288    300.743   -131.674     76.085    -68.139    -26.787    -53.143
      6.289    300.675   -131.701     76.032    -68.190    -26.763    -53.155
      6.290    300.607   -131.728     75.979    -68.242    -26.739    -53.167
      6.291    300.538   -131.755     75.926    -68.293    -26.714    -53.178
      6.292    300.470   -131.781     75.872    -68.344    -26.690    -53.190
      6.293    300.402   -131.808     75.819    -68.395    -26.666    -53.202
      6.294    300.333   -131.835     75.766    -68.447    -26.641    -53.214
      6.295    300.265   -131.861     75.713    -68.498    -26.617    -53.226
      6.296    300.196   -131.888     75.660    -68.549    -26.593    -53.238
      6.297    300.128   -131.915     75.606    -68.600    -26.568    -53.249
      6.298    300.059   -131.941     75.553    -68.652    -26.544    -53.261
      6.299    299.990   -131.968     75.500    -68.703    -26.519    -53.273
      6.300    299.922   -131.994     75.447    -68.754    -26.495    -53.285
      6.301    299.853   -132.021     75.393    -68.806    -26.470    -53.297
      6.302    299.784   -132.047     75.340    -68.857    -26.446    -53.309
      6.303    299.715   -132.074     75.287    -68.908    -26.422    -53.320
      6.304    299.646   -132.100     75.233    -68.960    -26.397    -53.332
      6.305    299.577   -132.126     75.180    -69.011    -26.373    -53.344
      6.306    299.508   -132.153     75.127    -69.063    -26.348    -53.356
      6.307    299.439   -132.179     75.073    -69.114    -26.323    -53.368
      6.308    299.370   -132.205     75.020    -69.166    -26.299    -53.379
      6.309    299.301   -132.232     74.967    -69.217    -26.274    -53.391
      6.310    299.232   -132.258     74.913    -69.269    -26.250    -53.403
      6.311    299.162   -132.284     74.860    -69.320    -26.225    -53.415
      6.312    299.093   -132.310     74.806    -69.372    -26.200    -53.427
      6.313    299.024   -132.337     74.753    -69.423    -26.176    -53.438
      6.314    298.954   -132.363     74.699    -69.475    -26.151    -53.450
      6.315    298.885   -132.389     74.646    -69.526    -26.126    -53.462
      6.316    298.815   -132.415     74.592    -69.578    -26.102    -53.474
      6.317    298.746   -132.441     74.539    -69.629    -26.077    -53.485
      6.318    298.676   -132.467     74.486    -69.681    -26.052    -53.497
      6.319    298.606   -132.493     74.432    -69.733    -26.028    -53.509
      6.320    298.536   -132.519     74.378    -69.784    -26.003    -53.521
      6.321    298.467   -132.545     74.325    -69.836    -25.978    -53.533
      6.322    298.397   -132.571     74.271    -69.887    -25.953    -53.544
      6.323    298.327   -132.597     74.218    -69.939    -25.929    -53.556
      6.324    298.257   -132.623     74.164    -69.991    -25.904    -53.568
      6.325    298.187   -132.649     74.111    -70.042    -25.879    -53.580
      6.326    298.117   -132.675     74.057    -70.094    -25.854    -53.591
      6.327    298.047   -132.701     74.004    -70.146    -25.829    -53.603
      6.328    297.976   -132.726     73.950    -70.198    -25.804    -53.615
      6.329    297.906   -132.752     73.896    -70.249    -25.779    -53.627
      6.330    297.836   -132.778     73.843    -70.301    -25.754    -53.638
      6.331    297.766   -132.804     73.789    -70.353    -25.729    -53.650
      6.332    297.695   -132.829     73.735    -70.405    -25.705    -53.662
      6.333    297.625   -132.855     73.682    -70.456    -25.680    -53.673
      6.334    297.554   -132.881     73.628    -70.508    -25.655    -53.685
      6.335    297.484   -132.906     73.574    -70.560    -25.630    -53.697
      6.336    297.413   -132.932     73.521    -70.612    -25.605    -53.709
      6.337    297.343   -132.958     73.467    -70.664    -25.580    -53.720
      6.338    297.272   -132.983     73.413    -70.716    -25.554    -53.732
      6.339    297.201   -133.009     73.359    -70.768    -25.529    -53.744
      6.340    297.130   -133.034     73.306    -70.820    -25.504    -53.755
      6.341    297.060   -133.060     73.252    -70.871    -25.479    -53.767
      6.342    296.989   -133.085     73.198    -70.923    -25.454    -53.779
      6.343    296.918   -133.111     73.144    -70.975    -25.429    -53.791
      6.344    296.847   -133.136     73.091    -71.027    -25.404    -53.802
      6.345    296.776   -133.161     73.037    -71.079    -25.379    -53.814
      6.346    296.705   -133.187     72.983    -71.131    -25.354    -53.826
      6.347    296.633   -133.212     72.929    -71.183    -25.328    -53.837
      6.348    296.562   -133.237     72.875    -71.235    -25.303    -53.849
      6.349    296.491   -133.263     72.821    -71.287    -25.278    -53.861
      6.350    296.420   -133.288     72.768    -71.339    -25.253    -53.872
      6.351    296.348   -133.313     72.714    -71.391    -25.227    -53.884
      6.352    296.277   -133.338     72.660    -71.444    -25.202    -53.896
      6.353    296.205   -133.364     72.606    -71.496    -25.177    -53.907
      6.354    296.134   -133.389     72.552    -71.548    -25.151    -53.919
      6.355    296.062   -133.414     72.498    -71.600    -25.126    -53.931
      6.356    295.991   -133.439     72.444    -71.652    -25.101    -53.942
      6.357    295.919   -133.464     72.390    -71.704    -25.075    -53.954
      6.358    295.847   -133.489     72.336    -71.756    -25.050    -53.966
      6.359    295.775   -133.514     72.282    -71.808    -25.025    -53.977
      6.360    295.704   -133.539     72.228    -71.861    -24.999    -53.989
      6.361    295.632   -133.564     72.174    -71.913    -24.974    -54.001
      6.362    295.560   -133.589     72.120    -71.965    -24.948    -54.012
      6.363    295.488   -133.614     72.066    -72.017    -24.923    -54.024
      6.364    295.416   -133.639     72.012    -72.070    -24.897    -54.036
      6.365    295.344   -133.664     71.958    -72.122    -24.872    -54.047
      6.366    295.271   -133.689     71.904    -72.174    -24.846    -54.059
      6.367    295.199   -133.714     71.850    -72.226    -24.821    -54.071
      6.368    295.127   -133.738     71.796    -72.279    -24.795    -54.082
      6.369    295.055   -133.763     71.742    -72.331    -24.770    -54.094
      6.370    294.982   -133.788     71.688    -72.383    -24.744    -54.105
      6.371    294.910   -133.813     71.634    -72.436    -24.719    -54.117
      6.372    294.837   -133.837     71.580    -72.488    -24.693    -54.129
      6.373    294.765   -133.862     71.525    -72.541    -24.667    -54.140
      6.374    294.692   -133.887     71.471    -72.593    -24.642    -54.152
      6.375    294.620   -133.911     71.417    -72.645    -24.616    -54.164
      6.376    294.547   -133.936     71.363    -72.698    -24.590    -54.175
      6.377    294.474   -133.961     71.309    -72.750    -24.565    -54.187
      6.378    294.402   -133.985     71.255    -72.803    -24.539    -54.198
      6.379    294.329   -134.010     71.200    -72.855    -24.513    -54.210
      6.380    294.256   -134.034     71.146    -72.908    -24.487    -54.222
      6.381    294.183   -134.059     71.092    -72.960    -24.462    -54.233
      6.382    294.110   -134.083     71.038    -73.013    -24.436    -54.245
      6.383    294.037   -134.107     70.983    -73.065    -24.410    -54.256
      6.384    293.964   -134.132     70.929    -73.118    -24.384    -54.268
      6.385    293.891   -134.156     70.875    -73.170    -24.358    -54.279
      6.386    293.818   -134.181     70.821    -73.223    -24.333    -54.291
      6.387    293.744   -134.205     70.766    -73.276    -24.307    -54.303
      6.388    293.671   -134.229     70.712    -73.328    -24.281    -54.314
      6.389    293.598   -134.253     70.658    -73.381    -24.255    -54.326
      6.390    293.524   -134.278     70.603    -73.433    -24.229    -54.337
      6.391    293.451   -134.302     70.549    -73.486    -24.203    -54.349
      6.392    293.377   -134.326     70.495    -73.539    -24.177    -54.360
      6.393    293.304   -134.350     70.440    -73.591    -24.151    -54.372
      6.394    293.230   -134.374     70.386    -73.644    -24.125    -54.384
      6.395    293.156   -134.399     70.332    -73.697    -24.099    -54.395
      6.396    293.083   -134.423     70.277    -73.750    -24.073    -54.407
      6.397    293.009   -134.447     70.223    -73.802    -24.047    -54.418
      6.398    292.935   -134.471     70.168    -73.855    -24.021    -54.430
      6.399    292.861   -134.495     70.114    -73.908    -23.995    -54.441
      6.400    292.787   -134.519     70.059    -73.961    -23.969    -54.453
      6.401    292.713   -134.543     70.005    -74.014    -23.943    -54.464
      6.402    292.639   -134.567     69.951    -74.066    -23.916    -54.476
      6.403    292.565   -134.591     69.896    -74.119    -23.890    -54.487
      6.404    292.491   -134.614     69.842    -74.172    -23.864    -54.499
      6.405    292.417   -134.638     69.787    -74.225    -23.838    -54.510
      6.406    292.343   -134.662     69.733    -74.278    -23.812    -54.522
      6.407    292.268   -134.686     69.678    -74.331    -23.785    -54.534
      6.408    292.194   -134.710     69.623    -74.384    -23.759    -54.545
      6.409    292.119   -134.733     69.569    -74.437    -23.733    -54.557
      6.410    292.045   -134.757     69.514    -74.490    -23.707    -54.568
      6.411    291.970   -134.781     69.460    -74.543    -23.680    -54.580
      6.412    291.896   -134.804     69.405    -74.596    -23.654    -54.591
      6.413    291.821   -134.828     69.351    -74.649    -23.628    -54.603
      6.414    291.747   -134.852     69.296    -74.702    -23.601    -54.614
      6.415    291.672   -134.875     69.241    -74.755    -23.575    -54.626
      6.416    291.597   -134.899     69.187    -74.808    -23.549    -54.637
      6.417    291.522   -134.922     69.132    -74.861    -23.522    -54.649
      6.418    291.447   -134.946     69.077    -74.914    -23.496    -54.660
      6.419    291.372   -134.969     69.023    -74.967    -23.469    -54.672
      6.420    291.297   -134.993     68.968    -75.020    -23.443    -54.683
      6.421    291.222   -135.016     68.913    -75.073    -23.416    -54.694
      6.422    291.147   -135.040     68.859    -75.126    -23.390    -54.706
      6.423    291.072   -135.063     68.804    -75.179    -23.363    -54.717
      6.424    290.997   -135.086     68.749    -75.233    -23.337    -54.729
      6.425    290.922   -135.110     68.695    -75.286    -23.310    -54.740
      6.426    290.846   -135.133     68.640    -75.339    -23.284    -54.752
      6.427    290.771   -135.156     68.585    -75.392    -23.257    -54.763
      6.428    290.696   -135.180     68.530    -75.445    -23.231    -54.775
      6.429    290.620   -135.203     68.475    -75.499    -23.204    -54.786
      6.430    290.545   -135.226     68.421    -75.552    -23.177    -54.798
      6.431    290.469   -135.249     68.366    -75.605    -23.151    -54.809
      6.432    290.393   -135.272     68.311    -75.659    -23.124    -54.820
      6.433    290.318   -135.295     68.256    -75.712    -23.097    -54.832
      6.434    290.242   -135.318     68.201    -75.765    -23.071    -54.843
      6.435    290.166   -135.342     68.147    -75.819    -23.044    -54.855
      6.436    290.090   -135.365     68.092    -75.872    -23.017    -54.866
      6.437    290.014   -135.388     68.037    -75.925    -22.990    -54.878
      6.438    289.938   -135.411     67.982    -75.979    -22.963    -54.889
      6.439    289.862   -135.433     67.927    -76.032    -22.937    -54.900
      6.440    289.786   -135.456     67.872    -76.086    -22.910    -54.912
      6.441    289.710   -135.479     67.817    -76.139    -22.883    -54.923
      6.442    289.634   -135.502     67.762    -76.192    -22.856    -54.935
      6.443    289.558   -135.525     67.707    -76.246    -22.829    -54.946
      6.444    289.482   -135.548     67.652    -76.299    -22.802    -54.958
      6.445    289.405   -135.571     67.597    -76.353    -22.775    -54.969
      6.446    289.329   -135.593     67.542    -76.406    -22.749    -54.980
      6.447    289.252   -135.616     67.487    -76.460    -22.722    -54.992
      6.448    289.176   -135.639     67.432    -76.514    -22.695    -55.003
      6.449    289.099   -135.661     67.377    -76.567    -22.668    -55.015
      6.450    289.023   -135.684     67.322    -76.621    -22.641    -55.026
      6.451    288.946   -135.707     67.267    -76.674    -22.614    -55.037
      6.452    288.869   -135.729     67.212    -76.728    -22.587    -55.049
      6.453    288.793   -135.752     67.157    -76.782    -22.559    -55.060
      6.454    288.716   -135.774     67.102    -76.835    -22.532    -55.071
      6.455    288.639   -135.797     67.047    -76.889    -22.505    -55.083
      6.456    288.562   -135.820     66.992    -76.943    -22.478    -55.094
      6.457    288.485   -135.842     66.937    -76.996    -22.451    -55.106
      6.458    288.408   -135.864     66.882    -77.050    -22.424    -55.117
      6.459    288.331   -135.887     66.827    -77.104    -22.397    -55.128
      6.460    288.254   -135.909     66.772    -77.158    -22.369    -55.140
      6.461    288.177   -135.932     66.716    -77.211    -22.342    -55.151
      6.462    288.100   -135.954     66.661    -77.265    -22.315    -55.162
      6.463    288.022   -135.976     66.606    -77.319    -22.288    -55.174
      6.464    287.945   -135.998     66.551    -77.373    -22.260    -55.185
      6.465    287.867   -136.021     66.496    -77.427    -22.233    -55.196
      6.466    287.790   -136.043     66.441    -77.480    -22.206    -55.208
      6.467    287.713   -136.065     66.385    -77.534    -22.179    -55.219
      6.468    287.635   -136.087     66.330    -77.588    -22.151    -55.230
      6.469    287.557   -136.109     66.275    -77.642    -22.124    -55.242
      6.470    287.480   -136.132     66.220    -77.696    -22.096    -55.253
      6.471    287.402   -136.154     66.164    -77.750    -22.069    -55.264
      6.472    287.324   -136.176     66.109    -77.804    -22.042    -55.276
      6.473    287.246   -136.198     66.054    -77.858    -22.014    -55.287
      6.474    287.168   -136.220     65.999    -77.912    -21.987    -55.298
      6.475    287.091   -136.242     65.943    -77.966    -21.959    -55.310
      6.476    287.013   -136.264     65.888    -78.020    -21.932    -55.321
      6.477    286.934   -136.286     65.833    -78.074    -21.904    -55.332
      6.478    286.856   -136.307     65.777    -78.128    -21.877    -55.343
      6.479    286.778   -136.329     65.722    -78.182    -21.849    -55.355
      6.480    286.700   -136.351     65.667    -78.236    -21.822    -55.366
      6.481    286.622   -136.373     65.611    -78.290    -21.794    -55.377
      6.482    286.543   -136.395     65.556    -78.344    -21.766    -55.389
      6.483    286.465   -136.416     65.500    -78.399    -21.739    -55.400
      6.484    286.387   -136.438     65.445    -78.453    -21.711    -55.411
      6.485    286.308   -136.460     65.390    -78.507    -21.683    -55.422
      6.486    286.230   -136.482     65.334    -78.561    -21.656    -55.434
      6.487    286.151   -136.503     65.279    -78.615    -21.628    -55.445
      6.488    286.072   -136.525     65.223    -78.670    -21.600    -55.456
      6.489    285.994   -136.546     65.168    -78.724    -21.572    -55.468
      6.490    285.915   -136.568     65.112    -78.778    -21.545    -55.479
      6.491    285.836   -136.589     65.057    -78.832    -21.517    -55.490
      6.492    285.757   -136.611     65.001    -78.887    -21.489    -55.501
      6.493    285.678   -136.632     64.946    -78.941    -21.461    -55.513
      6.494    285.599   -136.654     64.890    -78.995    -21.433    -55.524
      6.495    285.520   -136.675     64.835    -79.050    -21.405    -55.535
      6.496    285.441   -136.697     64.779    -79.104    -21.378    -55.546
      6.497    285.362   -136.718     64.724    -79.158    -21.350    -55.558
      6.498    285.283   -136.739     64.668    -79.213    -21.322    -55.569
      6.499    285.204   -136.761     64.613    -79.267    -21.294    -55.580
      6.500    285.124   -136.782     64.557    -79.322    -21.266    -55.591
      6.501    285.045   -136.803     64.501    -79.376    -21.238    -55.602
      6.502    284.966   -136.824     64.446    -79.431    -21.210    -55.614
      6.503    284.886   -136.846     64.390    -79.485    -21.182    -55.625
      6.504    284.807   -136.867     64.335    -79.540    -21.154    -55.636
      6.505    284.727   -136.888     64.279    -79.594    -21.126    -55.647
      6.506    284.648   -136.909     64.223    -79.649    -21.098    -55.658
      6.507    284.568   -136.930     64.168    -79.703    -21.069    -55.670
      6.508    284.488   -136.951     64.112    -79.758    -21.041    -55.681
      6.509    284.408   -136.972     64.056    -79.812    -21.013    -55.692
      6.510    284.329   -136.993     64.000    -79.867    -20.985    -55.703
      6.511    284.249   -137.014     63.945    -79.922    -20.957    -55.714
      6.512    284.169   -137.035     63.889    -79.976    -20.929    -55.726
      6.513    284.089   -137.056     63.833    -80.031    -20.900    -55.737
      6.514    284.009   -137.077     63.778    -80.086    -20.872    -55.748
      6.515    283.929   -137.098     63.722    -80.140    -20.844    -55.759
      6.516    283.848   -137.119     63.666    -80.195    -20.816    -55.770
      6.517    283.768   -137.139     63.610    -80.250    -20.787    -55.782
      6.518    283.688   -137.160     63.555    -80.304    -20.759    -55.793
      6.519    283.608   -137.181     63.499    -80.359    -20.731    -55.804
      6.520    283.527   -137.202     63.443    -80.414    -20.702    -55.815
      6.521    283.447   -137.222     63.387    -80.469    -20.674    -55.826
      6.522    283.366   -137.243     63.331    -80.524    -20.645    -55.837
      6.523    283.286   -137.264     63.275    -80.579    -20.617    -55.848
      6.524    283.205   -137.284     63.220    -80.633    -20.588    -55.860
      6.525    283.124   -137.305     63.164    -80.688    -20.560    -55.871
      6.526    283.044   -137.325     63.108    -80.743    -20.532    -55.882
      6.527    282.963   -137.346     63.052    -80.798    -20.503    -55.893
      6.528    282.882   -137.366     62.996    -80.853    -20.474    -55.904
      6.529    282.801   -137.387     62.940    -80.908    -20.446    -55.915
      6.530    282.720   -137.407     62.884    -80.963    -20.417    -55.926
      6.531    282.639   -137.428     62.828    -81.018    -20.389    -55.938
      6.532    282.558   -137.448     62.772    -81.073    -20.360    -55.949
      6.533    282.477   -137.468     62.716    -81.128    -20.331    -55.960
      6.534    282.396   -137.489     62.660    -81.183    -20.303    -55.971
      6.535    282.315   -137.509     62.604    -81.238    -20.274    -55.982
      6.536    282.233   -137.529     62.548    -81.293    -20.245    -55.993
      6.537    282.152   -137.550     62.492    -81.348    -20.217    -56.004
      6.538    282.071   -137.570     62.436    -81.403    -20.188    -56.015
      6.539    281.989   -137.590     62.380    -81.458    -20.159    -56.026
      6.540    281.908   -137.610     62.324    -81.514    -20.130    -56.038
      6.541    281.826   -137.630     62.268    -81.569    -20.102    -56.049
      6.542    281.745   -137.650     62.212    -81.624    -20.073    -56.060
      6.543    281.663   -137.670     62.156    -81.679    -20.044    -56.071
      6.544    281.581   -137.690     62.100    -81.734    -20.015    -56.082
      6.545    281.500   -137.710     62.044    -81.790    -19.986    -56.093
      6.546    281.418   -137.730     61.988    -81.845    -19.957    -56.104
      6.547    281.336   -137.750     61.932    -81.900    -19.928    -56.115
      6.548    281.254   -137.770     61.876    -81.955    -19.899    -56.126
      6.549    281.172   -137.790     61.820    -82.011    -19.870    -56.137
      6.550    281.090   -137.810     61.763    -82.066    -19.841    -56.148
      6.551    281.008   -137.830     61.707    -82.121    -19.812    -56.159
      6.552    280.926   -137.850     61.651    -82.177    -19.783    -56.170
      6.553    280.844   -137.869     61.595    -82.232    -19.754    -56.181
      6.554    280.761   -137.889     61.539    -82.288    -19.725    -56.192
      6.555    280.679   -137.909     61.483    -82.343    -19.696    -56.203
      6.556    280.597   -137.928     61.426    -82.398    -19.667    -56.214
      6.557    280.514   -137.948     61.370    -82.454    -19.638    -56.226
      6.558    280.432   -137.968     61.314    -82.509    -19.609    -56.237
      6.559    280.349   -137.987     61.258    -82.565    -19.580    -56.248
      6.560    280.267   -138.007     61.201    -82.620    -19.550    -56.259
      6.561    280.184   -138.026     61.145    -82.676    -19.521    -56.270
      6.562    280.101   -138.046     61.089    -82.731    -19.492    -56.281
      6.563    280.018   -138.065     61.033    -82.787    -19.463    -56.292
      6.564    279.936   -138.085     60.976    -82.843    -19.433    -56.303
      6.565    279.853   -138.104     60.920    -82.898    -19.404    -56.314
      6.566    279.770   -138.124     60.864    -82.954    -19.375    -56.325
      6.567    279.687   -138.143     60.807    -83.009    -19.345    -56.336
      6.568    279.604   -138.162     60.751    -83.065    -19.316    -56.347
      6.569    279.521   -138.182     60.695    -83.121    -19.287    -56.358
      6.570    279.438   -138.201     60.638    -83.176    -19.257    -56.369
      6.571    279.354   -138.220     60.582    -83.232    -19.228    -56.380
      6.572    279.271   -138.239     60.526    -83.288    -19.198    -56.391
      6.573    279.188   -138.259     60.469    -83.344    -19.169    -56.402
      6.574    279.104   -138.278     60.413    -83.399    -19.139    -56.412
      6.575    279.021   -138.297     60.356    -83.455    -19.110    -56.423
      6.576    278.937   -138.316     60.300    -83.511    -19.080    -56.434
      6.577    278.854   -138.335     60.243    -83.567    -19.051    -56.445
      6.578    278.770   -138.354     60.187    -83.623    -19.021    -56.456
      6.579    278.687   -138.373     60.131    -83.679    -18.991    -56.467
      6.580    278.603   -138.392     60.074    -83.735    -18.962    -56.478
      6.581    278.519   -138.411     60.018    -83.790    -18.932    -56.489
      6.582    278.435   -138.430     59.961    -83.846    -18.902    -56.500
      6.583    278.352   -138.449     59.905    -83.902    -18.873    -56.511
      6.584    278.268   -138.468     59.848    -83.958    -18.843    -56.522
      6.585    278.184   -138.486     59.792    -84.014    -18.813    -56.533
      6.586    278.100   -138.505     59.735    -84.070    -18.784    -56.544
      6.587    278.015   -138.524     59.678    -84.126    -18.754    -56.555
      6.588    277.931   -138.543     59.622    -84.182    -18.724    -56.566
      6.589    277.847   -138.561     59.565    -84.238    -18.694    -56.577
      6.590    277.763   -138.580     59.509    -84.294    -18.664    -56.588
      6.591    277.679   -138.599     59.452    -84.351    -18.634    -56.598
      6.592    277.594   -138.617     59.396    -84.407    -18.604    -56.609
      6.593    277.510   -138.636     59.339    -84.463    -18.575    -56.620
      6.594    277.425   -138.655     59.282    -84.519    -18.545    -56.631
      6.595    277.341   -138.673     59.226    -84.575    -18.515    -56.642
      6.596    277.256   -138.692     59.169    -84.631    -18.485    -56.653
      6.597    277.171   -138.710     59.112    -84.688    -18.455    -56.664
      6.598    277.087   -138.728     59.056    -84.744    -18.425    -56.675
      6.599    277.002   -138.747     58.999    -84.800    -18.395    -56.686
      6.600    276.917   -138.765     58.942    -84.856    -18.364    -56.696
      6.601    276.832   -138.784     58.886    -84.913    -18.334    -56.707
      6.602    276.747   -138.802     58.829    -84.969    -18.304    -56.718
      6.603    276.662   -138.820     58.772    -85.025    -18.274    -56.729
      6.604    276.577   -138.838     58.715    -85.082    -18.244    -56.740
      6.605    276.492   -138.857     58.659    -85.138    -18.214    -56.751
      6.606    276.407   -138.875     58.602    -85.194    -18.184    -56.762
      6.607    276.322   -138.893     58.545    -85.251    -18.153    -56.772
      6.608    276.236   -138.911     58.488    -85.307    -18.123    -56.783
      6.609    276.151   -138.929     58.432    -85.364    -18.093    -56.794
      6.610    276.066   -138.947     58.375    -85.420    -18.062    -56.805
      6.611    275.980   -138.965     58.318    -85.477    -18.032    -56.816
      6.612    275.895   -138.983     58.261    -85.533    -18.002    -56.827
      6.613    275.809   -139.001     58.204    -85.590    -17.971    -56.837
      6.614    275.724   -139.019     58.147    -85.646    -17.941    -56.848
      6.615    275.638   -139.037     58.091    -85.703    -17.911    -56.859
      6.616    275.552   -139.055     58.034    -85.759    -17.880    -56.870
      6.617    275.466   -139.073     57.977    -85.816    -17.850    -56.881
      6.618    275.381   -139.091     57.920    -85.873    -17.819    -56.891
      6.619    275.295   -139.109     57.863    -85.929    -17.789    -56.902
      6.620    275.209   -139.127     57.806    -85.986    -17.758    -56.913
      6.621    275.123   -139.144     57.749    -86.043    -17.728    -56.924
      6.622    275.037   -139.162     57.692    -86.099    -17.697    -56.935
      6.623    274.950   -139.180     57.635    -86.156    -17.666    -56.945
      6.624    274.864   -139.197     57.578    -86.213    -17.636    -56.956
      6.625    274.778   -139.215     57.521    -86.270    -17.605    -56.967
      6.626    274.692   -139.233     57.465    -86.327    -17.575    -56.978
      6.627    274.605   -139.250     57.408    -86.383    -17.544    -56.989
      6.628    274.519   -139.268     57.351    -86.440    -17.513    -56.999
      6.629    274.433   -139.285     57.294    -86.497    -17.482    -57.010
      6.630    274.346   -139.303     57.237    -86.554    -17.452    -57.021
      6.631    274.259   -139.320     57.180    -86.611    -17.421    -57.032
      6.632    274.173   -139.337     57.122    -86.668    -17.390    -57.042
      6.633    274.086   -139.355     57.065    -86.725    -17.359    -57.053
      6.634    273.999   -139.372     57.008    -86.782    -17.328    -57.064
      6.635    273.913   -139.389     56.951    -86.839    -17.297    -57.075
      6.636    273.826   -139.407     56.894    -86.896    -17.267    -57.085
      6.637    273.739   -139.424     56.837    -86.953    -17.236    -57.096
      6.638    273.652   -139.441     56.780    -87.010    -17.205    -57.107
      6.639    273.565   -139.458     56.723    -87.067    -17.174    -57.117
      6.640    273.478   -139.476     56.666    -87.124    -17.143    -57.128
      6.641    273.390   -139.493     56.609    -87.181    -17.112    -57.139
      6.642    273.303   -139.510     56.552    -87.238    -17.081    -57.150
      6.643    273.216   -139.527     56.494    -87.295    -17.050    -57.160
      6.644    273.129   -139.544     56.437    -87.352    -17.018    -57.171
      6.645    273.041   -139.561     56.380    -87.409    -16.987    -57.182
      6.646    272.954   -139.578     56.323    -87.467    -16.956    -57.192
      6.647    272.866   -139.595     56.266    -87.524    -16.925    -57.203
      6.648    272.779   -139.612     56.208    -87.581    -16.894    -57.214
      6.649    272.691   -139.629     56.151    -87.638    -16.863    -57.224
      6.650    272.604   -139.645     56.094    -87.696    -16.831    -57.235
      6.651    272.516   -139.662     56.037    -87.753    -16.800    -57.246
      6.652    272.428   -139.679     55.979    -87.810    -16.769    -57.256
      6.653    272.340   -139.696     55.922    -87.868    -16.738    -57.267
      6.654    272.252   -139.712     55.865    -87.925    -16.706    -57.278
      6.655    272.164   -139.729     55.808    -87.982    -16.675    -57.288
      6.656    272.076   -139.746     55.750    -88.040    -16.644    -57.299
      6.657    271.988   -139.762     55.693    -88.097    -16.612    -57.310
      6.658    271.900   -139.779     55.636    -88.155    -16.581    -57.320
      6.659    271.812   -139.796     55.578    -88.212    -16.549    -57.331
      6.660    271.724   -139.812     55.521    -88.270    -16.518    -57.342
      6.661    271.635   -139.829     55.464    -88.327    -16.486    -57.352
      6.662    271.547   -139.845     55.406    -88.385    -16.455    -57.363
      6.663    271.459   -139.862     55.349    -88.442    -16.423    -57.374
      6.664    271.370   -139.878     55.292    -88.500    -16.392    -57.384
      6.665    271.282   -139.894     55.234    -88.557    -16.360    -57.395
      6.666    271.193   -139.911     55.177    -88.615    -16.328    -57.405
      6.667    271.104   -139.927     55.119    -88.673    -16.297    -57.416
      6.668    271.016   -139.943     55.062    -88.730    -16.265    -57.427
      6.669    270.927   -139.960     55.005    -88.788    -16.233    -57.437
      6.670    270.838   -139.976     54.947    -88.846    -16.202    -57.448
      6.671    270.749   -139.992     54.890    -88.903    -16.170    -57.458
      6.672    270.660   -140.008     54.832    -88.961    -16.138    -57.469
      6.673    270.571   -140.024     54.775    -89.019    -16.106    -57.480
      6.674    270.482   -140.040     54.717    -89.077    -16.075    -57.490
      6.675    270.393   -140.056     54.660    -89.134    -16.043    -57.501
      6.676    270.304   -140.072     54.602    -89.192    -16.011    -57.511
      6.677    270.215   -140.088     54.545    -89.250    -15.979    -57.522
      6.678    270.125   -140.104     54.487    -89.308    -15.947    -57.532
      6.679    270.036   -140.120     54.430    -89.366    -15.915    -57.543
      6.680    269.947   -140.136     54.372    -89.424    -15.883    -57.553
      6.681    269.857   -140.152     54.315    -89.482    -15.851    -57.564
      6.682    269.768   -140.168     54.257    -89.540    -15.819    -57.575
      6.683    269.678   -140.184     54.199    -89.598    -15.787    -57.585
      6.684    269.589   -140.199     54.142    -89.656    -15.755    -57.596
      6.685    269.499   -140.215     54.084    -89.714    -15.723    -57.606
      6.686    269.409   -140.231     54.027    -89.772    -15.691    -57.617
      6.687    269.319   -140.247     53.969    -89.830    -15.659    -57.627
      6.688    269.230   -140.262     53.911    -89.888    -15.627    -57.638
      6.689    269.140   -140.278     53.854    -89.946    -15.594    -57.648
      6.690    269.050   -140.293     53.796    -90.004    -15.562    -57.659
      6.691    268.960   -140.309     53.738    -90.062    -15.530    -57.669
      6.692    268.869   -140.324     53.681    -90.120    -15.498    -57.680
      6.693    268.779   -140.340     53.623    -90.179    -15.465    -57.690
      6.694    268.689   -140.355     53.565    -90.237    -15.433    -57.701
      6.695    268.599   -140.371     53.508    -90.295    -15.401    -57.711
      6.696    268.509   -140.386     53.450    -90.353    -15.368    -57.722
      6.697    268.418   -140.402     53.392    -90.412    -15.336    -57.732
      6.698    268.328   -140.417     53.334    -90.470    -15.304    -57.743
      6.699    268.237   -140.432     53.277    -90.528    -15.271    -57.753
      6.700    268.147   -140.447     53.219    -90.587    -15.239    -57.764
      6.701    268.056   -140.463     53.161    -90.645    -15.206    -57.774
      6.702    267.965   -140.478     53.103    -90.703    -15.174    -57.784
      6.703    267.875   -140.493     53.046    -90.762    -15.141    -57.795
      6.704    267.784   -140.508     52.988    -90.820    -15.109    -57.805
      6.705    267.693   -140.523     52.930    -90.879    -15.076    -57.816
      6.706    267.602   -140.538     52.872    -90.937    -15.043    -57.826
      6.707    267.511   -140.553     52.814    -90.996    -15.011    -57.837
      6.708    267.420   -140.568     52.757    -91.054    -14.978    -57.847
      6.709    267.329   -140.583     52.699    -91.113    -14.945    -57.858
      6.710    267.238   -140.598     52.641    -91.171    -14.913    -57.868
      6.711    267.147   -140.613     52.583    -91.230    -14.880    -57.878
      6.712    267.055   -140.628     52.525    -91.289    -14.847    -57.889
      6.713    266.964   -140.643     52.467    -91.347    -14.814    -57.899
      6.714    266.873   -140.658     52.409    -91.406    -14.781    -57.910
      6.715    266.781   -140.672     52.351    -91.465    -14.749    -57.920
      6.716    266.690   -140.687     52.293    -91.523    -14.716    -57.930
      6.717    266.598   -140.702     52.235    -91.582    -14.683    -57.941
      6.718    266.507   -140.716     52.178    -91.641    -14.650    -57.951
      6.719    266.415   -140.731     52.120    -91.699    -14.617    -57.962
      6.720    266.323   -140.746     52.062    -91.758    -14.584    -57.972
      6.721    266.231   -140.760     52.004    -91.817    -14.551    -57.982
      6.722    266.140   -140.775     51.946    -91.876    -14.518    -57.993
      6.723    266.048   -140.789     51.888    -91.935    -14.485    -58.003
      6.724    265.956   -140.804     51.830    -91.994    -14.452    -58.013
      6.725    265.864   -140.818     51.772    -92.053    -14.419    -58.024
      6.726    265.772   -140.833     51.714    -92.111    -14.386    -58.034
      6.727    265.679   -140.847     51.656    -92.170    -14.352    -58.044
      6.728    265.587   -140.861     51.597    -92.229    -14.319    -58.055
      6.729    265.495   -140.876     51.539    -92.288    -14.286    -58.065
      6.730    265.403   -140.890     51.481    -92.347    -14.253    -58.075
      6.731    265.310   -140.904     51.423    -92.406    -14.219    -58.086
      6.732    265.218   -140.918     51.365    -92.466    -14.186    -58.096
      6.733    265.125   -140.932     51.307    -92.525    -14.153    -58.106
      6.734    265.033   -140.947     51.249    -92.584    -14.119    -58.117
      6.735    264.940   -140.961     51.191    -92.643    -14.086    -58.127
      6.736    264.848   -140.975     51.133    -92.702    -14.053    -58.137
      6.737    264.755   -140.989     51.075    -92.761    -14.019    -58.148
      6.738    264.662   -141.003     51.016    -92.820    -13.986    -58.158
      6.739    264.569   -141.017     50.958    -92.880    -13.952    -58.168
      6.740    264.476   -141.031     50.900    -92.939    -13.919    -58.178
      6.741    264.383   -141.045     50.842    -92.998    -13.885    -58.189
      6.742    264.290   -141.058     50.784    -93.057    -13.852    -58.199
      6.743    264.197   -141.072     50.726    -93.117    -13.818    -58.209
      6.744    264.104   -141.086     50.667    -93.176    -13.784    -58.219
      6.745    264.011   -141.100     50.609    -93.235    -13.751    -58.230
      6.746    263.918   -141.114     50.551    -93.295    -13.717    -58.240
      6.747    263.824   -141.127     50.493    -93.354    -13.683    -58.250
      6.748    263.731   -141.141     50.434    -93.414    -13.650    -58.260
      6.749    263.637   -141.155     50.376    -93.473    -13.616    -58.271
      6.750    263.544   -141.168     50.318    -93.533    -13.582    -58.281
      6.751    263.450   -141.182     50.260    -93.592    -13.548    -58.291
      6.752    263.357   -141.195     50.201    -93.652    -13.515    -58.301
      6.753    263.263   -141.209     50.143    -93.711    -13.481    -58.312
      6.754    263.169   -141.222     50.085    -93.771    -13.447    -58.322
      6.755    263.076   -141.236     50.026    -93.830    -13.413    -58.332
      6.756    262.982   -141.249     49.968    -93.890    -13.379    -58.342
      6.757    262.888   -141.262     49.910    -93.950    -13.345    -58.352
      6.758    262.794   -141.276     49.851    -94.009    -13.311    -58.363
      6.759    262.700   -141.289     49.793    -94.069    -13.277    -58.373
      6.760    262.606   -141.302     49.734    -94.129    -13.243    -58.383
      6.761    262.511   -141.316     49.676    -94.188    -13.209    -58.393
      6.762    262.417   -141.329     49.618    -94.248    -13.175    -58.403
      6.763    262.323   -141.342     49.559    -94.308    -13.140    -58.413
      6.764    262.229   -141.355     49.501    -94.368    -13.106    -58.424
      6.765    262.134   -141.368     49.442    -94.428    -13.072    -58.434
      6.766    262.040   -141.381     49.384    -94.487    -13.038    -58.444
      6.767    261.945   -141.394     49.326    -94.547    -13.004    -58.454
      6.768    261.851   -141.407     49.267    -94.607    -12.969    -58.464
      6.769    261.756   -141.420     49.209    -94.667    -12.935    -58.474
      6.770    261.661   -141.433     49.150    -94.727    -12.901    -58.485
      6.771    261.567   -141.446     49.092    -94.787    -12.866    -58.495
      6.772    261.472   -141.459     49.033    -94.847    -12.832    -58.505
      6.773    261.377   -141.472     48.975    -94.907    -12.798    -58.515
      6.774    261.282   -141.484     48.916    -94.967    -12.763    -58.525
      6.775    261.187   -141.497     48.858    -95.027    -12.729    -58.535
      6.776    261.092   -141.510     48.799    -95.087    -12.694    -58.545
      6.777    260.997   -141.523     48.740    -95.147    -12.660    -58.555
      6.778    260.902   -141.535     48.682    -95.208    -12.625    -58.565
      6.779    260.806   -141.548     48.623    -95.268    -12.590    -58.575
      6.780    260.711   -141.560     48.565    -95.328    -12.556    -58.586
      6.781    260.616   -141.573     48.506    -95.388    -12.521    -58.596
      6.782    260.520   -141.585     48.448    -95.448    -12.486    -58.606
      6.783    260.425   -141.598     48.389    -95.509    -12.452    -58.616
      6.784    260.329   -141.610     48.330    -95.569    -12.417    -58.626
      6.785    260.234   -141.623     48.272    -95.629    -12.382    -58.636
      6.786    260.138   -141.635     48.213    -95.690    -12.347    -58.646
      6.787    260.042   -141.647     48.154    -95.750    -12.313    -58.656
      6.788    259.947   -141.660     48.096    -95.810    -12.278    -58.666
      6.789    259.851   -141.672     48.037    -95.871    -12.243    -58.676
      6.790    259.755   -141.684     47.978    -95.931    -12.208    -58.686
      6.791    259.659   -141.696     47.920    -95.992    -12.173    -58.696
      6.792    259.563   -141.709     47.861    -96.052    -12.138    -58.706
      6.793    259.467   -141.721     47.802    -96.113    -12.103    -58.716
      6.794    259.371   -141.733     47.744    -96.173    -12.068    -58.726
      6.795    259.274   -141.745     47.685    -96.234    -12.033    -58.736
      6.796    259.178   -141.757     47.626    -96.294    -11.998    -58.746
      6.797    259.082   -141.769     47.567    -96.355    -11.963    -58.756
      6.798    258.985   -141.781     47.509    -96.416    -11.928    -58.766
      6.799    258.889   -141.793     47.450    -96.476    -11.893    -58.776
      6.800    258.792   -141.805     47.391    -96.537    -11.857    -58.786
      6.801    258.696   -141.816     47.332    -96.598    -11.822    -58.796
      6.802    258.599   -141.828     47.273    -96.658    -11.787    -58.806
      6.803    258.503   -141.840     47.215    -96.719    -11.752    -58.816
      6.804    258.406   -141.852     47.156    -96.780    -11.716    -58.826
      6.805    258.309   -141.863     47.097    -96.841    -11.681    -58.836
      6.806    258.212   -141.875     47.038    -96.902    -11.646    -58.846
      6.807    258.115   -141.887     46.979    -96.962    -11.610    -58.856
      6.808    258.018   -141.898     46.920    -97.023    -11.575    -58.866
      6.809    257.921   -141.910     46.862    -97.084    -11.539    -58.876
      6.810    257.824   -141.921     46.803    -97.145    -11.504    -58.886
      6.811    257.727   -141.933     46.744    -97.206    -11.468    -58.896
      6.812    257.630   -141.944     46.685    -97.267    -11.433    -58.905
      6.813    257.532   -141.956     46.626    -97.328    -11.397    -58.915
      6.814    257.435   -141.967     46.567    -97.389    -11.362    -58.925
      6.815    257.338   -141.978     46.508    -97.450    -11.326    -58.935
      6.816    257.240   -141.990     46.449    -97.511    -11.290    -58.945
      6.817    257.143   -142.001     46.390    -97.572    -11.255    -58.955
      6.818    257.045   -142.012     46.331    -97.633    -11.219    -58.965
      6.819    256.947   -142.023     46.272    -97.695    -11.183    -58.975
      6.820    256.850   -142.035     46.213    -97.756    -11.147    -58.985
      6.821    256.752   -142.046     46.154    -97.817    -11.112    -58.994
      6.822    256.654   -142.057     46.095    -97.878    -11.076    -59.004
      6.823    256.556   -142.068     46.036    -97.940    -11.040    -59.014
      6.824    256.458   -142.079     45.977    -98.001    -11.004    -59.024
      6.825    256.360   -142.090     45.918    -98.062    -10.968    -59.034
      6.826    256.262   -142.101     45.859    -98.123    -10.932    -59.044
      6.827    256.164   -142.112     45.800    -98.185    -10.896    -59.054
      6.828    256.066   -142.123     45.741    -98.246    -10.860    -59.063
      6.829    255.967   -142.133     45.682    -98.308    -10.824    -59.073
      6.830    255.869   -142.144     45.623    -98.369    -10.788    -59.083
      6.831    255.771   -142.155     45.564    -98.430    -10.752    -59.093
      6.832    255.672   -142.166     45.505    -98.492    -10.716    -59.103
      6.833    255.574   -142.176     45.446    -98.554    -10.679    -59.112
      6.834    255.475   -142.187     45.387    -98.615    -10.643    -59.122
      6.835    255.376   -142.198     45.327    -98.677    -10.607    -59.132
      6.836    255.278   -142.208     45.268    -98.738    -10.571    -59.142
      6.837    255.179   -142.219     45.209    -98.800    -10.534    -59.152
      6.838    255.080   -142.229     45.150    -98.861    -10.498    -59.161
      6.839    254.981   -142.240     45.091    -98.923    -10.462    -59.171
      6.840    254.882   -142.250     45.032    -98.985    -10.425    -59.181
      6.841    254.783   -142.261     44.973    -99.047    -10.389    -59.191
      6.842    254.684   -142.271     44.913    -99.108    -10.352    -59.200
      6.843    254.585   -142.281     44.854    -99.170    -10.316    -59.210
      6.844    254.486   -142.292     44.795    -99.232    -10.279    -59.220
      6.845    254.386   -142.302     44.736    -99.294    -10.243    -59.230
      6.846    254.287   -142.312     44.676    -99.356    -10.206    -59.239
      6.847    254.188   -142.322     44.617    -99.417    -10.170    -59.249
      6.848    254.088   -142.333     44.558    -99.479    -10.133    -59.259
      6.849    253.989   -142.343     44.499    -99.541    -10.096    -59.268
      6.850    253.889   -142.353     44.439    -99.603    -10.060    -59.278
      6.851    253.790   -142.363     44.380    -99.665    -10.023    -59.288
      6.852    253.690   -142.373     44.321    -99.727     -9.986    -59.297
      6.853    253.590   -142.383     44.262    -99.789     -9.949    -59.307
      6.854    253.490   -142.393     44.202    -99.851     -9.913    -59.317
      6.855    253.390   -142.403     44.143    -99.913     -9.876    -59.327
      6.856    253.290   -142.412     44.084    -99.976     -9.839    -59.336
      6.857    253.190   -142.422     44.024   -100.038     -9.802    -59.346
      6.858    253.090   -142.432     43.965   -100.100     -9.765    -59.355
      6.859    252.990   -142.442     43.906   -100.162     -9.728    -59.365
      6.860    252.890   -142.451     43.846   -100.224     -9.691    -59.375
      6.861    252.790   -142.461     43.787   -100.287     -9.654    -59.384
      6.862    252.689   -142.471     43.727   -100.349     -9.617    -59.394
      6.863    252.589   -142.480     43.668   -100.411     -9.580    -59.404
      6.864    252.489   -142.490     43.609   -100.473     -9.542    -59.413
      6.865    252.388   -142.499     43.549   -100.536     -9.505    -59.423
      6.866    252.288   -142.509     43.490   -100.598     -9.468    -59.433
      6.867    252.187   -142.518     43.430   -100.661     -9.431    -59.442
      6.868    252.086   -142.528     43.371   -100.723     -9.394    -59.452
      6.869    251.986   -142.537     43.311   -100.785     -9.356    -59.461
      6.870    251.885   -142.547     43.252   -100.848     -9.319    -59.471
      6.871    251.784   -142.556     43.192   -100.910     -9.282    -59.480
      6.872    251.683   -142.565     43.133   -100.973     -9.244    -59.490
      6.873    251.582   -142.574     43.073   -101.036     -9.207    -59.500
      6.874    251.481   -142.584     43.014   -101.098     -9.169    -59.509
      6.875    251.380   -142.593     42.954   -101.161     -9.132    -59.519
      6.876    251.278   -142.602     42.895   -101.223     -9.094    -59.528
      6.877    251.177   -142.611     42.835   -101.286     -9.057    -59.538
      6.878    251.076   -142.620     42.776   -101.349     -9.019    -59.547
      6.879    250.975   -142.629     42.716   -101.412     -8.981    -59.557
      6.880    250.873   -142.638     42.657   -101.474     -8.944    -59.566
      6.881    250.772   -142.647     42.597   -101.537     -8.906    -59.576
      6.882    250.670   -142.656     42.538   -101.600     -8.868    -59.585
      6.883    250.568   -142.665     42.478   -101.663     -8.830    -59.595
      6.884    250.467   -142.673     42.418   -101.726     -8.793    -59.604
      6.885    250.365   -142.682     42.359   -101.789     -8.755    -59.614
      6.886    250.263   -142.691     42.299   -101.851     -8.717    -59.623
      6.887    250.161   -142.700     42.240   -101.914     -8.679    -59.633
      6.888    250.059   -142.708     42.180   -101.977     -8.641    -59.642
      6.889    249.957   -142.717     42.120   -102.040     -8.603    -59.652
      6.890    249.855   -142.725     42.061   -102.103     -8.565    -59.661
      6.891    249.753   -142.734     42.001   -102.167     -8.527    -59.671
      6.892    249.651   -142.742     41.941   -102.230     -8.489    -59.680
      6.893    249.549   -142.751     41.882   -102.293     -8.451    -59.690
      6.894    249.446   -142.759     41.822   -102.356     -8.413    -59.699
      6.895    249.344   -142.768     41.762   -102.419     -8.375    -59.708
      6.896    249.241   -142.776     41.702   -102.482     -8.337    -59.718
      6.897    249.139   -142.784     41.643   -102.545     -8.298    -59.727
      6.898    249.036   -142.793     41.583   -102.609     -8.260    -59.737
      6.899    248.934   -142.801     41.523   -102.672     -8.222    -59.746
      6.900    248.831   -142.809     41.463   -102.735     -8.183    -59.755
      6.901    248.728   -142.817     41.404   -102.799     -8.145    -59.765
      6.902    248.625   -142.825     41.344   -102.862     -8.107    -59.774
      6.903    248.523   -142.834     41.284   -102.925     -8.068    -59.784
      6.904    248.420   -142.842     41.224   -102.989     -8.030    -59.793
      6.905    248.317   -142.850     41.165   -103.052     -7.991    -59.802
      6.906    248.213   -142.858     41.105   -103.116     -7.953    -59.812
      6.907    248.110   -142.865     41.045   -103.179     -7.914    -59.821
      6.908    248.007   -142.873     40.985   -103.243     -7.876    -59.830
      6.909    247.904   -142.881     40.925   -103.306     -7.837    -59.840
      6.910    247.800   -142.889     40.865   -103.370     -7.798    -59.849
      6.911    247.697   -142.897     40.806   -103.434     -7.760    -59.858
      6.912    247.594   -142.905     40.746   -103.497     -7.721    -59.868
      6.913    247.490   -142.912     40.686   -103.561     -7.682    -59.877
      6.914    247.387   -142.920     40.626   -103.625     -7.643    -59.886
      6.915    247.283   -142.928     40.566   -103.688     -7.604    -59.896
      6.916    247.179   -142.935     40.506   -103.752     -7.565    -59.905
      6.917    247.075   -142.943     40.446   -103.816     -7.527    -59.914
      6.918    246.971   -142.950     40.386   -103.880     -7.488    -59.923
      6.919    246.868   -142.958     40.326   -103.944     -7.449    -59.933
      6.920    246.764   -142.965     40.267   -104.008     -7.410    -59.942
      6.921    246.660   -142.972     40.207   -104.071     -7.371    -59.951
      6.922    246.555   -142.980     40.147   -104.135     -7.332    -59.960
      6.923    246.451   -142.987     40.087   -104.199     -7.292    -59.970
      6.924    246.347   -142.994     40.027   -104.263     -7.253    -59.979
      6.925    246.243   -143.002     39.967   -104.327     -7.214    -59.988
      6.926    246.138   -143.009     39.907   -104.391     -7.175    -59.997
      6.927    246.034   -143.016     39.847   -104.456     -7.136    -60.007
      6.928    245.930   -143.023     39.787   -104.520     -7.096    -60.016
      6.929    245.825   -143.030     39.727   -104.584     -7.057    -60.025
      6.930    245.720   -143.037     39.667   -104.648     -7.018    -60.034
      6.931    245.616   -143.044     39.607   -104.712     -6.978    -60.043
      6.932    245.511   -143.051     39.547   -104.776     -6.939    -60.053
      6.933    245.406   -143.058     39.486   -104.841     -6.899    -60.062
      6.934    245.301   -143.065     39.426   -104.905     -6.860    -60.071
      6.935    245.196   -143.072     39.366   -104.969     -6.820    -60.080
      6.936    245.091   -143.079     39.306   -105.034     -6.781    -60.089
      6.937    244.986   -143.085     39.246   -105.098     -6.741    -60.098
      6.938    244.881   -143.092     39.186   -105.162     -6.701    -60.108
      6.939    244.776   -143.099     39.126   -105.227     -6.662    -60.117
      6.940    244.671   -143.105     39.066   -105.291     -6.622    -60.126
      6.941    244.565   -143.112     39.006   -105.356     -6.582    -60.135
      6.942    244.460   -143.119     38.946   -105.420     -6.542    -60.144
      6.943    244.354   -143.125     38.885   -105.485     -6.503    -60.153
      6.944    244.249   -143.132     38.825   -105.549     -6.463    -60.162
      6.945    244.143   -143.138     38.765   -105.614     -6.423    -60.171
      6.946    244.038   -143.144     38.705   -105.679     -6.383    -60.180
      6.947    243.932   -143.151     38.645   -105.743     -6.343    -60.189
      6.948    243.826   -143.157     38.585   -105.808     -6.303    -60.199
      6.949    243.720   -143.163     38.524   -105.873     -6.263    -60.208
      6.950    243.614   -143.170     38.464   -105.937     -6.223    -60.217
      6.951    243.509   -143.176     38.404   -106.002     -6.183    -60.226
      6.952    243.402   -143.182     38.344   -106.067     -6.143    -60.235
      6.953    243.296   -143.188     38.283   -106.132     -6.102    -60.244
      6.954    243.190   -143.194     38.223   -106.197     -6.062    -60.253
      6.955    243.084   -143.200     38.163   -106.262     -6.022    -60.262
      6.956    242.978   -143.206     38.103   -106.327     -5.982    -60.271
      6.957    242.871   -143.212     38.042   -106.392     -5.941    -60.280
      6.958    242.765   -143.218     37.982   -106.457     -5.901    -60.289
      6.959    242.658   -143.224     37.922   -106.522     -5.860    -60.298
      6.960    242.552   -143.230     37.862   -106.587     -5.820    -60.307
      6.961    242.445   -143.236     37.801   -106.652     -5.780    -60.316
      6.962    242.339   -143.241     37.741   -106.717     -5.739    -60.325
      6.963    242.232   -143.247     37.681   -106.782     -5.698    -60.334
      6.964    242.125   -143.253     37.620   -106.847     -5.658    -60.343
      6.965    242.018   -143.258     37.560   -106.912     -5.617    -60.352
      6.966    241.911   -143.264     37.500   -106.978     -5.577    -60.361
      6.967    241.804   -143.270     37.439   -107.043     -5.536    -60.369
      6.968    241.697   -143.275     37.379   -107.108     -5.495    -60.378
      6.969    241.590   -143.281     37.318   -107.174     -5.454    -60.387
      6.970    241.483   -143.286     37.258   -107.239     -5.413    -60.396
      6.971    241.375   -143.291     37.198   -107.304     -5.373    -60.405
      6.972    241.268   -143.297     37.137   -107.370     -5.332    -60.414
      6.973    241.161   -143.302     37.077   -107.435     -5.291    -60.423
      6.974    241.053   -143.307     37.016   -107.501     -5.250    -60.432
      6.975    240.946   -143.313     36.956   -107.566     -5.209    -60.441
      6.976    240.838   -143.318     36.895   -107.632     -5.168    -60.450
      6.977    240.730   -143.323     36.835   -107.697     -5.127    -60.458
      6.978    240.623   -143.328     36.775   -107.763     -5.086    -60.467
      6.979    240.515   -143.333     36.714   -107.828     -5.044    -60.476
      6.980    240.407   -143.338     36.654   -107.894     -5.003    -60.485
      6.981    240.299   -143.343     36.593   -107.960     -4.962    -60.494
      6.982    240.191   -143.348     36.533   -108.026     -4.921    -60.503
      6.983    240.083   -143.353     36.472   -108.091     -4.879    -60.511
      6.984    239.975   -143.358     36.412   -108.157     -4.838    -60.520
      6.985    239.867   -143.363     36.351   -108.223     -4.797    -60.529
      6.986    239.759   -143.367     36.291   -108.289     -4.755    -60.538
      6.987    239.650   -143.372     36.230   -108.355     -4.714    -60.547
      6.988    239.542   -143.377     36.169   -108.421     -4.672    -60.555
      6.989    239.433   -143.382     36.109   -108.487     -4.631    -60.564
      6.990    239.325   -143.386     36.048   -108.553     -4.589    -60.573
      6.991    239.216   -143.391     35.988   -108.619     -4.548    -60.582
      6.992    239.108   -143.395     35.927   -108.685     -4.506    -60.590
      6.993    238.999   -143.400     35.867   -108.751     -4.464    -60.599
      6.994    238.890   -143.404     35.806   -108.817     -4.422    -60.608
      6.995    238.781   -143.409     35.745   -108.883     -4.381    -60.616
      6.996    238.672   -143.413     35.685   -108.949     -4.339    -60.625
      6.997    238.563   -143.417     35.624   -109.015     -4.297    -60.634
      6.998    238.454   -143.421     35.563   -109.081     -4.255    -60.643
      6.999    238.345   -143.426     35.503   -109.148     -4.213    -60.651
      7.000    238.236   -143.430     35.442   -109.214     -4.171    -60.660
      7.001    238.127   -143.434     35.381   -109.280     -4.129    -60.669
      7.002    238.017   -143.438     35.321   -109.347     -4.087    -60.677
      7.003    237.908   -143.442     35.260   -109.413     -4.045    -60.686
      7.004    237.799   -143.446     35.199   -109.480     -4.003    -60.695
      7.005    237.689   -143.450     35.139   -109.546     -3.961    -60.703
      7.006    237.580   -143.454     35.078   -109.612     -3.919    -60.712
      7.007    237.470   -143.458     35.017   -109.679     -3.876    -60.720
      7.008    237.360   -143.462     34.957   -109.745     -3.834    -60.729
      7.009    237.250   -143.466     34.896   -109.812     -3.792    -60.738
      7.010    237.141   -143.470     34.835   -109.879     -3.749    -60.746
      7.011    237.031   -143.473     34.774   -109.945     -3.707    -60.755
      7.012    236.921   -143.477     34.714   -110.012     -3.665    -60.763
      7.013    236.811   -143.481     34.653   -110.079     -3.622    -60.772
      7.014    236.701   -143.484     34.592   -110.145     -3.580    -60.781
      7.015    236.590   -143.488     34.531   -110.212     -3.537    -60.789
      7.016    236.480   -143.491     34.470   -110.279     -3.494    -60.798
      7.017    236.370   -143.495     34.410   -110.346     -3.452    -60.806
      7.018    236.259   -143.498     34.349   -110.413     -3.409    -60.815
      7.019    236.149   -143.502     34.288   -110.480     -3.366    -60.823
      7.020    236.038   -143.505     34.227   -110.547     -3.324    -60.832
      7.021    235.928   -143.508     34.166   -110.614     -3.281    -60.840
      7.022    235.817   -143.511     34.106   -110.681     -3.238    -60.849
      7.023    235.707   -143.515     34.045   -110.748     -3.195    -60.857
      7.024    235.596   -143.518     33.984   -110.815     -3.152    -60.866
      7.025    235.485   -143.521     33.923   -110.882     -3.109    -60.874
      7.026    235.374   -143.524     33.862   -110.949     -3.066    -60.883
      7.027    235.263   -143.527     33.801   -111.016     -3.023    -60.891
      7.028    235.152   -143.530     33.740   -111.083     -2.980    -60.900
      7.029    235.041   -143.533     33.679   -111.150     -2.937    -60.908
      7.030    234.930   -143.536     33.618   -111.218     -2.894    -60.916
      7.031    234.818   -143.539     33.558   -111.285     -2.850    -60.925
      7.032    234.707   -143.542     33.497   -111.352     -2.807    -60.933
      7.033    234.596   -143.544     33.436   -111.420     -2.764    -60.942
      7.034    234.484   -143.547     33.375   -111.487     -2.721    -60.950
      7.035    234.373   -143.550     33.314   -111.554     -2.677    -60.958
      7.036    234.261   -143.553     33.253   -111.622     -2.634    -60.967
      7.037    234.149   -143.555     33.192   -111.689     -2.590    -60.975
      7.038    234.038   -143.558     33.131   -111.757     -2.547    -60.984
      7.039    233.926   -143.560     33.070   -111.825     -2.503    -60.992
      7.040    233.814   -143.563     33.009   -111.892     -2.460    -61.000
      7.041    233.702   -143.565     32.948   -111.960     -2.416    -61.009
      7.042    233.590   -143.568     32.887   -112.027     -2.372    -61.017
      7.043    233.478   -143.570     32.826   -112.095     -2.329    -61.025
      7.044    233.366   -143.572     32.765   -112.163     -2.285    -61.034
      7.045    233.254   -143.575     32.704   -112.231     -2.241    -61.042
      7.046    233.142   -143.577     32.643   -112.298     -2.197    -61.050
      7.047    233.029   -143.579     32.582   -112.366     -2.153    -61.058
      7.048    232.917   -143.581     32.521   -112.434     -2.109    -61.067
      7.049    232.804   -143.583     32.460   -112.502     -2.065    -61.075
      7.050    232.692   -143.585     32.398   -112.570     -2.021    -61.083
      7.051    232.579   -143.587     32.337   -112.638     -1.977    -61.091
      7.052    232.467   -143.589     32.276   -112.706     -1.933    -61.100
      7.053    232.354   -143.591     32.215   -112.774     -1.889    -61.108
      7.054    232.241   -143.593     32.154   -112.842     -1.845    -61.116
      7.055    232.128   -143.595     32.093   -112.910     -1.801    -61.124
      7.056    232.015   -143.597     32.032   -112.978     -1.757    -61.133
      7.057    231.902   -143.598     31.971   -113.046     -1.712    -61.141
      7.058    231.789   -143.600     31.910   -113.114     -1.668    -61.149
      7.059    231.676   -143.602     31.848   -113.183     -1.623    -61.157
      7.060    231.563   -143.603     31.787   -113.251     -1.579    -61.165
      7.061    231.449   -143.605     31.726   -113.319     -1.535    -61.173
      7.062    231.336   -143.606     31.665   -113.388     -1.490    -61.182
      7.063    231.223   -143.608     31.604   -113.456     -1.445    -61.190
      7.064    231.109   -143.609     31.542   -113.524     -1.401    -61.198
      7.065    230.996   -143.611     31.481   -113.593     -1.356    -61.206
      7.066    230.882   -143.612     31.420   -113.661     -1.311    -61.214
      7.067    230.768   -143.613     31.359   -113.730     -1.267    -61.222
      7.068    230.654   -143.614     31.298   -113.798     -1.222    -61.230
      7.069    230.541   -143.616     31.236   -113.867     -1.177    -61.238
      7.070    230.427   -143.617     31.175   -113.936     -1.132    -61.246
      7.071    230.313   -143.618     31.114   -114.004     -1.087    -61.254
      7.072    230.199   -143.619     31.053   -114.073     -1.042    -61.263
      7.073    230.085   -143.620     30.991   -114.142     -0.997    -61.271
      7.074    229.970   -143.621     30.930   -114.210     -0.952    -61.279
      7.075    229.856   -143.622     30.869   -114.279     -0.907    -61.287
      7.076    229.742   -143.623     30.808   -114.348     -0.862    -61.295
      7.077    229.628   -143.624     30.746   -114.417     -0.817    -61.303
      7.078    229.513   -143.624     30.685   -114.486     -0.772    -61.311
      7.079    229.399   -143.625     30.624   -114.555     -0.726    -61.319
      7.080    229.284   -143.626     30.562   -114.624     -0.681    -61.327
      7.081    229.169   -143.626     30.501   -114.692     -0.636    -61.335
      7.082    229.055   -143.627     30.440   -114.762     -0.590    -61.343
      7.083    228.940   -143.628     30.378   -114.831     -0.545    -61.350
      7.084    228.825   -143.628     30.317   -114.900     -0.499    -61.358
      7.085    228.710   -143.629     30.256   -114.969     -0.454    -61.366
      7.086    228.595   -143.629     30.194   -115.038     -0.408    -61.374
      7.087    228.480   -143.629     30.133   -115.107     -0.363    -61.382
      7.088    228.365   -143.630     30.071   -115.176     -0.317    -61.390
      7.089    228.250   -143.630     30.010   -115.246     -0.271    -61.398
      7.090    228.134   -143.630     29.949   -115.315     -0.225    -61.406
      7.091    228.019   -143.631     29.887   -115.384     -0.180    -61.414
      7.092    227.903   -143.631     29.826   -115.454     -0.134    -61.422
      7.093    227.788   -143.631     29.764   -115.523     -0.088    -61.429
      7.094    227.672   -143.631     29.703   -115.593     -0.042    -61.437
      7.095    227.557   -143.631     29.642   -115.662      0.004    -61.445
      7.096    227.441   -143.631     29.580   -115.732      0.050    -61.453
      7.097    227.325   -143.631     29.519   -115.801      0.096    -61.461
      7.098    227.210   -143.631     29.457   -115.871      0.142    -61.469
      7.099    227.094   -143.631     29.396   -115.940      0.188    -61.476
      7.100    226.978   -143.630     29.334   -116.010      0.235    -61.484
      7.101    226.862   -143.630     29.273   -116.080      0.281    -61.492
      7.102    226.745   -143.630     29.211   -116.150      0.327    -61.500
      7.103    226.629   -143.629     29.150   -116.219      0.374    -61.507
      7.104    226.513   -143.629     29.088   -116.289      0.420    -61.515
      7.105    226.397   -143.629     29.027   -116.359      0.467    -61.523
      7.106    226.280   -143.628     28.965   -116.429      0.513    -61.531
      7.107    226.164   -143.628     28.904   -116.499      0.560    -61.538
      7.108    226.047   -143.627     28.842   -116.569      0.606    -61.546
      7.109    225.931   -143.626     28.781   -116.639      0.653    -61.554
      7.110    225.814   -143.626     28.719   -116.709      0.699    -61.561
      7.111    225.697   -143.625     28.657   -116.779      0.746    -61.569
      7.112    225.580   -143.624     28.596   -116.849      0.793    -61.577
      7.113    225.464   -143.623     28.534   -116.919      0.840    -61.584
      7.114    225.347   -143.622     28.473   -116.989      0.887    -61.592
      7.115    225.230   -143.622     28.411   -117.059      0.934    -61.600
      7.116    225.113   -143.621     28.349   -117.130      0.981    -61.607
      7.117    224.995   -143.620     28.288   -117.200      1.028    -61.615
      7.118    224.878   -143.619     28.226   -117.270      1.075    -61.622
      7.119    224.761   -143.617     28.165   -117.341      1.122    -61.630
      7.120    224.643   -143.616     28.103   -117.411      1.169    -61.638
      7.121    224.526   -143.615     28.041   -117.481      1.216    -61.645
      7.122    224.408   -143.614     27.980   -117.552      1.263    -61.653
      7.123    224.291   -143.613     27.918   -117.622      1.311    -61.660
      7.124    224.173   -143.611     27.856   -117.693      1.358    -61.668
      7.125    224.056   -143.610     27.795   -117.764      1.405    -61.675
      7.126    223.938   -143.608     27.733   -117.834      1.453    -61.683
      7.127    223.820   -143.607     27.671   -117.905      1.500    -61.690
      7.128    223.702   -143.605     27.610   -117.976      1.548    -61.698
      7.129    223.584   -143.604     27.548   -118.046      1.596    -61.705
      7.130    223.466   -143.602     27.486   -118.117      1.643    -61.713
      7.131    223.348   -143.601     27.424   -118.188      1.691    -61.720
      7.132    223.229   -143.599     27.363   -118.259      1.739    -61.728
      7.133    223.111   -143.597     27.301   -118.330      1.786    -61.735
      7.134    222.993   -143.595     27.239   -118.401      1.834    -61.743
      7.135    222.874   -143.593     27.178   -118.471      1.882    -61.750
      7.136    222.756   -143.592     27.116   -118.542      1.930    -61.757
      7.137    222.637   -143.590     27.054   -118.613      1.978    -61.765
      7.138    222.519   -143.588     26.992   -118.685      2.026    -61.772
      7.139    222.400   -143.586     26.930   -118.756      2.074    -61.779
      7.140    222.281   -143.583     26.869   -118.827      2.122    -61.787
      7.141    222.162   -143.581     26.807   -118.898      2.170    -61.794
      7.142    222.043   -143.579     26.745   -118.969      2.219    -61.802
      7.143    221.924   -143.577     26.683   -119.040      2.267    -61.809
      7.144    221.805   -143.575     26.622   -119.112      2.315    -61.816
      7.145    221.686   -143.572     26.560   -119.183      2.364    -61.823
      7.146    221.567   -143.570     26.498   -119.254      2.412    -61.831
      7.147    221.448   -143.567     26.436   -119.326      2.461    -61.838
      7.148    221.328   -143.565     26.374   -119.397      2.509    -61.845
      7.149    221.209   -143.562     26.312   -119.469      2.558    -61.853
      7.150    221.089   -143.560     26.250   -119.540      2.606    -61.860
      7.151    220.970   -143.557     26.189   -119.612      2.655    -61.867
      7.152    220.850   -143.554     26.127   -119.684      2.704    -61.874
      7.153    220.730   -143.552     26.065   -119.755      2.753    -61.882
      7.154    220.611   -143.549     26.003   -119.827      2.801    -61.889
      7.155    220.491   -143.546     25.941   -119.899      2.850    -61.896
      7.156    220.371   -143.543     25.879   -119.970      2.899    -61.903
      7.157    220.251   -143.540     25.817   -120.042      2.948    -61.910
      7.158    220.131   -143.537     25.755   -120.114      2.997    -61.917
      7.159    220.011   -143.534     25.693   -120.186      3.046    -61.925
      7.160    219.890   -143.531     25.632   -120.258      3.095    -61.932
      7.161    219.770   -143.528     25.570   -120.330      3.145    -61.939
      7.162    219.650   -143.525     25.508   -120.402      3.194    -61.946
      7.163    219.529   -143.522     25.446   -120.474      3.243    -61.953
      7.164    219.409   -143.518     25.384   -120.546      3.292    -61.960
      7.165    219.288   -143.515     25.322   -120.618      3.342    -61.967
      7.166    219.167   -143.512     25.260   -120.690      3.391    -61.974
      7.167    219.047   -143.508     25.198   -120.762      3.441    -61.981
      7.168    218.926   -143.505     25.136   -120.834      3.490    -61.988
      7.169    218.805   -143.501     25.074   -120.907      3.540    -61.995
      7.170    218.684   -143.498     25.012   -120.979      3.590    -62.002
      7.171    218.563   -143.494     24.950   -121.051      3.639    -62.009
      7.172    218.442   -143.491     24.888   -121.124      3.689    -62.016
      7.173    218.321   -143.487     24.826   -121.196      3.739    -62.023
      7.174    218.200   -143.483     24.764   -121.269      3.789    -62.030
      7.175    218.078   -143.479     24.702   -121.341      3.839    -62.037
      7.176    217.957   -143.475     24.640   -121.414      3.889    -62.044
      7.177    217.835   -143.471     24.578   -121.486      3.939    -62.051
      7.178    217.714   -143.468     24.516   -121.559      3.989    -62.058
      7.179    217.592   -143.464     24.454   -121.631      4.039    -62.065
      7.180    217.471   -143.459     24.391   -121.704      4.089    -62.072
      7.181    217.349   -143.455     24.329   -121.777      4.139    -62.079
      7.182    217.227   -143.451     24.267   -121.850      4.189    -62.086
      7.183    217.105   -143.447     24.205   -121.923      4.240    -62.092
      7.184    216.983   -143.443     24.143   -121.995      4.290    -62.099
      7.185    216.861   -143.438     24.081   -122.068      4.341    -62.106
      7.186    216.739   -143.434     24.019   -122.141      4.391    -62.113
      7.187    216.617   -143.430     23.957   -122.214      4.442    -62.120
      7.188    216.495   -143.425     23.895   -122.287      4.492    -62.127
      7.189    216.372   -143.421     23.833   -122.360      4.543    -62.133
      7.190    216.250   -143.416     23.770   -122.433      4.594    -62.140
      7.191    216.128   -143.411     23.708   -122.507      4.644    -62.147
      7.192    216.005   -143.407     23.646   -122.580      4.695    -62.154
      7.193    215.882   -143.402     23.584   -122.653      4.746    -62.160
      7.194    215.760   -143.397     23.522   -122.726      4.797    -62.167
      7.195    215.637   -143.392     23.460   -122.799      4.848    -62.174
      7.196    215.514   -143.388     23.397   -122.873      4.899    -62.181
      7.197    215.391   -143.383     23.335   -122.946      4.950    -62.187
      7.198    215.268   -143.378     23.273   -123.020      5.001    -62.194
      7.199    215.145   -143.373     23.211   -123.093      5.052    -62.201
      7.200    215.022   -143.368     23.149   -123.167      5.104    -62.207
      7.201    214.899   -143.362     23.086   -123.240      5.155    -62.214
      7.202    214.776   -143.357     23.024   -123.314      5.206    -62.220
      7.203    214.652   -143.352     22.962   -123.387      5.258    -62.227
      7.204    214.529   -143.347     22.900   -123.461      5.309    -62.234
      7.205    214.405   -143.341     22.838   -123.535      5.361    -62.240
      7.206    214.282   -143.336     22.775   -123.609      5.412    -62.247
      7.207    214.158   -143.331     22.713   -123.682      5.464    -62.253
      7.208    214.034   -143.325     22.651   -123.756      5.516    -62.260
      7.209    213.911   -143.320     22.589   -123.830      5.567    -62.266
      7.210    213.787   -143.314     22.526   -123.904      5.619    -62.273
      7.211    213.663   -143.308     22.464   -123.978      5.671    -62.279
      7.212    213.539   -143.303     22.402   -124.052      5.723    -62.286
      7.213    213.415   -143.297     22.339   -124.126      5.775    -62.292
      7.214    213.290   -143.291     22.277   -124.200      5.827    -62.299
      7.215    213.166   -143.285     22.215   -124.274      5.879    -62.305
      7.216    213.042   -143.279     22.153   -124.348      5.931    -62.312
      7.217    212.918   -143.273     22.090   -124.423      5.983    -62.318
      7.218    212.793   -143.267     22.028   -124.497      6.036    -62.325
      7.219    212.669   -143.261     21.966   -124.571      6.088    -62.331
      7.220    212.544   -143.255     21.903   -124.645      6.140    -62.337
      7.221    212.419   -143.249     21.841   -124.720      6.193    -62.344
      7.222    212.294   -143.243     21.779   -124.794      6.245    -62.350
      7.223    212.170   -143.237     21.716   -124.869      6.298    -62.356
      7.224    212.045   -143.230     21.654   -124.943      6.350    -62.363
      7.225    211.920   -143.224     21.591   -125.018      6.403    -62.369
      7.226    211.795   -143.217     21.529   -125.092      6.456    -62.375
      7.227    211.670   -143.211     21.467   -125.167      6.508    -62.382
      7.228    211.544   -143.204     21.404   -125.242      6.561    -62.388
      7.229    211.419   -143.198     21.342   -125.316      6.614    -62.394
      7.230    211.294   -143.191     21.280   -125.391      6.667    -62.400
      7.231    211.168   -143.184     21.217   -125.466      6.720    -62.407
      7.232    211.043   -143.178     21.155   -125.541      6.773    -62.413
      7.233    210.917   -143.171     21.092   -125.616      6.826    -62.419
      7.234    210.792   -143.164     21.030   -125.691      6.879    -62.425
      7.235    210.666   -143.157     20.967   -125.766      6.933    -62.431
      7.236    210.540   -143.150     20.905   -125.841      6.986    -62.438
      7.237    210.414   -143.143     20.843   -125.916      7.039    -62.444
      7.238    210.288   -143.136     20.780   -125.991      7.093    -62.450
      7.239    210.162   -143.129     20.718   -126.066      7.146    -62.456
      7.240    210.036   -143.122     20.655   -126.141      7.200    -62.462
      7.241    209.910   -143.115     20.593   -126.216      7.253    -62.468
      7.242    209.784   -143.107     20.530   -126.292      7.307    -62.474
      7.243    209.657   -143.100     20.468   -126.367      7.361    -62.480
      7.244    209.531   -143.093     20.405   -126.442      7.414    -62.486
      7.245    209.404   -143.085     20.343   -126.518      7.468    -62.492
      7.246    209.278   -143.078     20.280   -126.593      7.522    -62.498
      7.247    209.151   -143.070     20.218   -126.669      7.576    -62.504
      7.248    209.025   -143.062     20.155   -126.744      7.630    -62.510
      7.249    208.898   -143.055     20.093   -126.820      7.684    -62.516
      7.250    208.771   -143.047     20.030   -126.895      7.738    -62.522
      7.251    208.644   -143.039     19.968   -126.971      7.792    -62.528
      7.252    208.517   -143.032     19.905   -127.047      7.847    -62.534
      7.253    208.390   -143.024     19.843   -127.123      7.901    -62.540
      7.254    208.263   -143.016     19.780   -127.198      7.955    -62.546
      7.255    208.135   -143.008     19.718   -127.274      8.010    -62.552
      7.256    208.008   -143.000     19.655   -127.350      8.064    -62.558
      7.257    207.881   -142.992     19.592   -127.426      8.119    -62.564
      7.258    207.753   -142.983     19.530   -127.502      8.173    -62.569
      7.259    207.626   -142.975     19.467   -127.578      8.228    -62.575
      7.260    207.498   -142.967     19.405   -127.654      8.283    -62.581
      7.261    207.370   -142.959     19.342   -127.730      8.337    -62.587
      7.262    207.243   -142.950     19.280   -127.806      8.392    -62.593
      7.263    207.115   -142.942     19.217   -127.883      8.447    -62.598
      7.264    206.987   -142.933     19.154   -127.959      8.502    -62.604
      7.265    206.859   -142.925     19.092   -128.035      8.557    -62.610
      7.266    206.731   -142.916     19.029   -128.111      8.612    -62.616
      7.267    206.603   -142.908     18.967   -128.188      8.667    -62.621
      7.268    206.474   -142.899     18.904   -128.264      8.723    -62.627
      7.269    206.346   -142.890     18.841   -128.341      8.778    -62.633
      7.270    206.218   -142.881     18.779   -128.417      8.833    -62.638
      7.271    206.089   -142.873     18.716   -128.494      8.889    -62.644
      7.272    205.961   -142.864     18.653   -128.570      8.944    -62.650
      7.273    205.832   -142.855     18.591   -128.647      9.000    -62.655
      7.274    205.704   -142.846     18.528   -128.724      9.055    -62.661
      7.275    205.575   -142.837     18.465   -128.801      9.111    -62.666
      7.276    205.446   -142.827     18.403   -128.877      9.167    -62.672
      7.277    205.317   -142.818     18.340   -128.954      9.222    -62.678
      7.278    205.188   -142.809     18.277   -129.031      9.278    -62.683
      7.279    205.059   -142.800     18.215   -129.108      9.334    -62.689
      7.280    204.930   -142.790     18.152   -129.185      9.390    -62.694
      7.281    204.801   -142.781     18.089   -129.262      9.446    -62.700
      7.282    204.671   -142.771     18.027   -129.339      9.502    -62.705
      7.283    204.542   -142.762     17.964   -129.416      9.558    -62.711
      7.284    204.412   -142.752     17.901   -129.493      9.615    -62.716
      7.285    204.283   -142.743     17.838   -129.570      9.671    -62.721
      7.286    204.153   -142.733     17.776   -129.648      9.727    -62.727
      7.287    204.024   -142.723     17.713   -129.725      9.784    -62.732
      7.288    203.894   -142.713     17.650   -129.802      9.840    -62.738
      7.289    203.764   -142.704     17.588   -129.880      9.897    -62.743
      7.290    203.634   -142.694     17.525   -129.957      9.953    -62.748
      7.291    203.504   -142.684     17.462   -130.035     10.010    -62.754
      7.292    203.374   -142.674     17.399   -130.112     10.067    -62.759
      7.293    203.244   -142.664     17.337   -130.190     10.123    -62.764
      7.294    203.114   -142.653     17.274   -130.267     10.180    -62.769
      7.295    202.983   -142.643     17.211   -130.345     10.237    -62.775
      7.296    202.853   -142.633     17.148   -130.423     10.294    -62.780
      7.297    202.722   -142.623     17.085   -130.500     10.351    -62.785
      7.298    202.592   -142.612     17.023   -130.578     10.408    -62.790
      7.299    202.461   -142.602     16.960   -130.656     10.466    -62.796
      7.300    202.331   -142.591     16.897   -130.734     10.523    -62.801
      7.301    202.200   -142.581     16.834   -130.812     10.580    -62.806
      7.302    202.069   -142.570     16.771   -130.890     10.637    -62.811
      7.303    201.938   -142.559     16.709   -130.968     10.695    -62.816
      7.304    201.807   -142.549     16.646   -131.046     10.752    -62.821
      7.305    201.676   -142.538     16.583   -131.124     10.810    -62.826
      7.306    201.545   -142.527     16.520   -131.202     10.868    -62.832
      7.307    201.414   -142.516     16.457   -131.280     10.925    -62.837
      7.308    201.282   -142.505     16.394   -131.359     10.983    -62.842
      7.309    201.151   -142.494     16.332   -131.437     11.041    -62.847
      7.310    201.019   -142.483     16.269   -131.515     11.099    -62.852
      7.311    200.888   -142.472     16.206   -131.594     11.157    -62.857
      7.312    200.756   -142.461     16.143   -131.672     11.215    -62.862
      7.313    200.624   -142.450     16.080   -131.751     11.273    -62.867
      7.314    200.493   -142.438     16.017   -131.829     11.331    -62.872
      7.315    200.361   -142.427     15.954   -131.908     11.390    -62.876
      7.316    200.229   -142.416     15.892   -131.987     11.448    -62.881
      7.317    200.097   -142.404     15.829   -132.065     11.506    -62.886
      7.318    199.965   -142.392     15.766   -132.144     11.565    -62.891
      7.319    199.833   -142.381     15.703   -132.223     11.623    -62.896
      7.320    199.700   -142.369     15.640   -132.302     11.682    -62.901
      7.321    199.568   -142.358     15.577   -132.380     11.741    -62.906
      7.322    199.436   -142.346     15.514   -132.459     11.799    -62.910
      7.323    199.303   -142.334     15.451   -132.538     11.858    -62.915
      7.324    199.170   -142.322     15.388   -132.617     11.917    -62.920
      7.325    199.038   -142.310     15.325   -132.697     11.976    -62.925
      7.326    198.905   -142.298     15.263   -132.776     12.035    -62.929
      7.327    198.772   -142.286     15.200   -132.855     12.094    -62.934
      7.328    198.639   -142.274     15.137   -132.934     12.153    -62.939
      7.329    198.506   -142.262     15.074   -133.013     12.212    -62.943
      7.330    198.373   -142.249     15.011   -133.093     12.272    -62.948
      7.331    198.240   -142.237     14.948   -133.172     12.331    -62.953
      7.332    198.107   -142.225     14.885   -133.251     12.390    -62.957
      7.333    197.974   -142.212     14.822   -133.331     12.450    -62.962
      7.334    197.840   -142.200     14.759   -133.410     12.510    -62.967
      7.335    197.707   -142.187     14.696   -133.490     12.569    -62.971
      7.336    197.573   -142.175     14.633   -133.570     12.629    -62.976
      7.337    197.440   -142.162     14.570   -133.649     12.689    -62.980
      7.338    197.306   -142.149     14.507   -133.729     12.748    -62.985
      7.339    197.172   -142.137     14.444   -133.809     12.808    -62.989
      7.340    197.038   -142.124     14.381   -133.889     12.868    -62.994
      7.341    196.905   -142.111     14.318   -133.968     12.928    -62.998
      7.342    196.771   -142.098     14.255   -134.048     12.989    -63.003
      7.343    196.636   -142.085     14.192   -134.128     13.049    -63.007
      7.344    196.502   -142.072     14.129   -134.208     13.109    -63.011
      7.345    196.368   -142.059     14.066   -134.288     13.169    -63.016
      7.346    196.234   -142.045     14.003   -134.369     13.230    -63.020
      7.347    196.099   -142.032     13.940   -134.449     13.290    -63.024
      7.348    195.965   -142.019     13.877   -134.529     13.351    -63.029
      7.349    195.830   -142.006     13.814   -134.609     13.412    -63.033
      7.350    195.696   -141.992     13.751   -134.689     13.472    -63.037
      7.351    195.561   -141.979     13.688   -134.770     13.533    -63.042
      7.352    195.426   -141.965     13.625   -134.850     13.594    -63.046
      7.353    195.291   -141.951     13.562   -134.931     13.655    -63.050
      7.354    195.156   -141.938     13.499   -135.011     13.716    -63.054
      7.355    195.021   -141.924     13.436   -135.092     13.777    -63.058
      7.356    194.886   -141.910     13.373   -135.172     13.838    -63.063
      7.357    194.751   -141.896     13.310   -135.253     13.899    -63.067
      7.358    194.615   -141.882     13.246   -135.334     13.961    -63.071
      7.359    194.480   -141.868     13.183   -135.415     14.022    -63.075
      7.360    194.345   -141.854     13.120   -135.495     14.083    -63.079
      7.361    194.209   -141.840     13.057   -135.576     14.145    -63.083
      7.362    194.073   -141.826     12.994   -135.657     14.206    -63.087
      7.363    193.938   -141.812     12.931   -135.738     14.268    -63.091
      7.364    193.802   -141.797     12.868   -135.819     14.330    -63.095
      7.365    193.666   -141.783     12.805   -135.900     14.392    -63.099
      7.366    193.530   -141.769     12.742   -135.981     14.454    -63.103
      7.367    193.394   -141.754     12.679   -136.062     14.516    -63.107
      7.368    193.258   -141.740     12.616   -136.144     14.578    -63.111
      7.369    193.122   -141.725     12.552   -136.225     14.640    -63.115
      7.370    192.986   -141.710     12.489   -136.306     14.702    -63.119
      7.371    192.849   -141.696     12.426   -136.388     14.764    -63.123
      7.372    192.713   -141.681     12.363   -136.469     14.826    -63.127
      7.373    192.576   -141.666     12.300   -136.551     14.889    -63.130
      7.374    192.440   -141.651     12.237   -136.632     14.951    -63.134
      7.375    192.303   -141.636     12.174   -136.714     15.014    -63.138
      7.376    192.166   -141.621     12.111   -136.795     15.077    -63.142
      7.377    192.029   -141.606     12.047   -136.877     15.139    -63.146
      7.378    191.893   -141.591     11.984   -136.959     15.202    -63.149
      7.379    191.756   -141.576     11.921   -137.041     15.265    -63.153
      7.380    191.618   -141.560     11.858   -137.122     15.328    -63.157
      7.381    191.481   -141.545     11.795   -137.204     15.391    -63.160
      7.382    191.344   -141.529     11.732   -137.286     15.454    -63.164
      7.383    191.207   -141.514     11.668   -137.368     15.517    -63.168
      7.384    191.069   -141.498     11.605   -137.450     15.580    -63.171
      7.385    190.932   -141.483     11.542   -137.532     15.644    -63.175
      7.386    190.794   -141.467     11.479   -137.615     15.707    -63.178
      7.387    190.657   -141.451     11.416   -137.697     15.771    -63.182
      7.388    190.519   -141.436     11.353   -137.779     15.834    -63.185
      7.389    190.381   -141.420     11.289   -137.861     15.898    -63.189
      7.390    190.243   -141.404     11.226   -137.944     15.962    -63.192
      7.391    190.105   -141.388     11.163   -138.026     16.025    -63.196
      7.392    189.967   -141.372     11.100   -138.109     16.089    -63.199
      7.393    189.829   -141.356     11.037   -138.191     16.153    -63.203
      7.394    189.691   -141.339     10.973   -138.274     16.217    -63.206
      7.395    189.552   -141.323     10.910   -138.356     16.281    -63.209
      7.396    189.414   -141.307     10.847   -138.439     16.346    -63.213
      7.397    189.276   -141.291     10.784   -138.522     16.410    -63.216
      7.398    189.137   -141.274     10.721   -138.605     16.474    -63.219
      7.399    188.998   -141.258     10.657   -138.688     16.539    -63.223
      7.400    188.860   -141.241     10.594   -138.770     16.603    -63.226
      7.401    188.721   -141.224     10.531   -138.853     16.668    -63.229
      7.402    188.582   -141.208     10.468   -138.936     16.733    -63.232
      7.403    188.443   -141.191     10.404   -139.019     16.797    -63.235
      7.404    188.304   -141.174     10.341   -139.103     16.862    -63.239
      7.405    188.165   -141.157     10.278   -139.186     16.927    -63.242
      7.406    188.025   -141.140     10.215   -139.269     16.992    -63.245
      7.407    187.886   -141.123     10.151   -139.352     17.057    -63.248
      7.408    187.747   -141.106     10.088   -139.436     17.122    -63.251
      7.409    187.607   -141.089     10.025   -139.519     17.188    -63.254
      7.410    187.468   -141.072      9.962   -139.602     17.253    -63.257
      7.411    187.328   -141.054      9.898   -139.686     17.318    -63.260
      7.412    187.188   -141.037      9.835   -139.769     17.384    -63.263
      7.413    187.049   -141.020      9.772   -139.853     17.449    -63.266
      7.414    186.909   -141.002      9.709   -139.937     17.515    -63.269
      7.415    186.769   -140.985      9.645   -140.020     17.581    -63.272
      7.416    186.629   -140.967      9.582   -140.104     17.647    -63.275
      7.417    186.488   -140.949      9.519   -140.188     17.713    -63.278
      7.418    186.348   -140.932      9.456   -140.272     17.779    -63.281
      7.419    186.208   -140.914      9.392   -140.356     17.845    -63.283
      7.420    186.068   -140.896      9.329   -140.440     17.911    -63.286
      7.421    185.927   -140.878      9.266   -140.524     17.977    -63.289
      7.422    185.786   -140.860      9.202   -140.608     18.043    -63.292
      7.423    185.646   -140.842      9.139   -140.692     18.110    -63.294
      7.424    185.505   -140.824      9.076   -140.776     18.176    -63.297
      7.425    185.364   -140.806      9.013   -140.861     18.243    -63.300
      7.426    185.223   -140.787      8.949   -140.945     18.309    -63.302
      7.427    185.082   -140.769      8.886   -141.029     18.376    -63.305
      7.428    184.941   -140.751      8.823   -141.114     18.443    -63.308
      7.429    184.800   -140.732      8.759   -141.198     18.510    -63.310
      7.430    184.659   -140.713      8.696   -141.283     18.577    -63.313
      7.431    184.518   -140.695      8.633   -141.367     18.644    -63.315
      7.432    184.376   -140.676      8.569   -141.452     18.711    -63.318
      7.433    184.235   -140.657      8.506   -141.537     18.778    -63.320
      7.434    184.093   -140.639      8.443   -141.622     18.846    -63.323
      7.435    183.951   -140.620      8.379   -141.706     18.913    -63.325
      7.436    183.810   -140.601      8.316   -141.791     18.981    -63.328
      7.437    183.668   -140.582      8.253   -141.876     19.048    -63.330
      7.438    183.526   -140.563      8.189   -141.961     19.116    -63.332
      7.439    183.384   -140.544      8.126   -142.046     19.184    -63.335
      7.440    183.242   -140.524      8.063   -142.131     19.252    -63.337
      7.441    183.100   -140.505      7.999   -142.217     19.320    -63.339
      7.442    182.957   -140.486      7.936   -142.302     19.388    -63.342
      7.443    182.815   -140.466      7.873   -142.387     19.456    -63.344
      7.444    182.673   -140.447      7.809   -142.472     19.524    -63.346
      7.445    182.530   -140.427      7.746   -142.558     19.592    -63.348
      7.446    182.388   -140.408      7.683   -142.643     19.661    -63.350
      7.447    182.245   -140.388      7.619   -142.729     19.729    -63.352
      7.448    182.102   -140.368      7.556   -142.814     19.798    -63.355
      7.449    181.959   -140.348      7.493   -142.900     19.866    -63.357
      7.450    181.816   -140.328      7.429   -142.986     19.935    -63.359
      7.451    181.673   -140.308      7.366   -143.071     20.004    -63.361
      7.452    181.530   -140.288      7.303   -143.157     20.073    -63.363
      7.453    181.387   -140.268      7.239   -143.243     20.142    -63.365
      7.454    181.244   -140.248      7.176   -143.329     20.211    -63.367
      7.455    181.100   -140.228      7.112   -143.415     20.280    -63.369
      7.456    180.957   -140.208      7.049   -143.501     20.349    -63.371
      7.457    180.813   -140.187      6.986   -143.587     20.419    -63.372
      7.458    180.670   -140.167      6.922   -143.673     20.488    -63.374
      7.459    180.526   -140.146      6.859   -143.759     20.558    -63.376
      7.460    180.382   -140.126      6.796   -143.846     20.627    -63.378
      7.461    180.238   -140.105      6.732   -143.932     20.697    -63.380
      7.462    180.094   -140.084      6.669   -144.018     20.767    -63.381
      7.463    179.950   -140.063      6.605   -144.105     20.837    -63.383
      7.464    179.806   -140.043      6.542   -144.191     20.907    -63.385
      7.465    179.662   -140.022      6.479   -144.278     20.977    -63.387
      7.466    179.517   -140.001      6.415   -144.364     21.047    -63.388
      7.467    179.373   -139.980      6.352   -144.451     21.117    -63.390
      7.468    179.229   -139.958      6.288   -144.538     21.188    -63.391
      7.469    179.084   -139.937      6.225   -144.625     21.258    -63.393
      7.470    178.939   -139.916      6.162   -144.711     21.329    -63.394
      7.471    178.795   -139.894      6.098   -144.798     21.400    -63.396
      7.472    178.650   -139.873      6.035   -144.885     21.470    -63.397
      7.473    178.505   -139.852      5.972   -144.972     21.541    -63.399
      7.474    178.360   -139.830      5.908   -145.059     21.612    -63.400
      7.475    178.215   -139.808      5.845   -145.147     21.683    -63.402
      7.476    178.070   -139.787      5.781   -145.234     21.754    -63.403
      7.477    177.924   -139.765      5.718   -145.321     21.825    -63.404
      7.478    177.779   -139.743      5.655   -145.408     21.897    -63.406
      7.479    177.633   -139.721      5.591   -145.496     21.968    -63.407
      7.480    177.488   -139.699      5.528   -145.583     22.040    -63.408
      7.481    177.342   -139.677      5.464   -145.671     22.111    -63.409
      7.482    177.197   -139.655      5.401   -145.758     22.183    -63.411
      7.483    177.051   -139.633      5.337   -145.846     22.255    -63.412
      7.484    176.905   -139.610      5.274   -145.934     22.327    -63.413
      7.485    176.759   -139.588      5.211   -146.021     22.398    -63.414
      7.486    176.613   -139.565      5.147   -146.109     22.471    -63.415
      7.487    176.467   -139.543      5.084   -146.197     22.543    -63.416
      7.488    176.320   -139.520      5.020   -146.285     22.615    -63.417
      7.489    176.174   -139.498      4.957   -146.373     22.687    -63.418
      7.490    176.028   -139.475      4.894   -146.461     22.760    -63.419
      7.491    175.881   -139.452      4.830   -146.549     22.832    -63.420
      7.492    175.735   -139.429      4.767   -146.637     22.905    -63.421
      7.493    175.588   -139.406      4.703   -146.725     22.978    -63.422
      7.494    175.441   -139.383      4.640   -146.814     23.051    -63.423
      7.495    175.294   -139.360      4.576   -146.902     23.124    -63.424
      7.496    175.147   -139.337      4.513   -146.990     23.197    -63.424
      7.497    175.000   -139.314      4.450   -147.079     23.270    -63.425
      7.498    174.853   -139.291      4.386   -147.167     23.343    -63.426
      7.499    174.706   -139.267      4.323   -147.256     23.416    -63.427
      7.500    174.559   -139.244      4.259   -147.345     23.490    -63.427
      7.501    174.411   -139.220      4.196   -147.433     23.563    -63.428
      7.502    174.264   -139.197      4.132   -147.522     23.637    -63.428
      7.503    174.116   -139.173      4.069   -147.611     23.711    -63.429
      7.504    173.969   -139.149      4.006   -147.700     23.784    -63.430
      7.505    173.821   -139.125      3.942   -147.789     23.858    -63.430
      7.506    173.673   -139.102      3.879   -147.878     23.932    -63.431
      7.507    173.525   -139.078      3.815   -147.967     24.007    -63.431
      7.508    173.377   -139.053      3.752   -148.056     24.081    -63.432
      7.509    173.229   -139.029      3.688   -148.145     24.155    -63.432
      7.510    173.081   -139.005      3.625   -148.235     24.230    -63.432
      7.511    172.932   -138.981      3.562   -148.324     24.304    -63.433
      7.512    172.784   -138.957      3.498   -148.413     24.379    -63.433
      7.513    172.636   -138.932      3.435   -148.503     24.453    -63.433
      7.514    172.487   -138.908      3.371   -148.592     24.528    -63.433
      7.515    172.338   -138.883      3.308   -148.682     24.603    -63.434
      7.516    172.190   -138.858      3.244   -148.772     24.678    -63.434
      7.517    172.041   -138.834      3.181   -148.861     24.753    -63.434
      7.518    171.892   -138.809      3.118   -148.951     24.829    -63.434
      7.519    171.743   -138.784      3.054   -149.041     24.904    -63.434
      7.520    171.594   -138.759      2.991   -149.131     24.979    -63.434
      7.521    171.445   -138.734      2.927   -149.221     25.055    -63.434
      7.522    171.295   -138.709      2.864   -149.311     25.131    -63.434
      7.523    171.146   -138.684      2.800   -149.401     25.206    -63.434
      7.524    170.997   -138.659      2.737   -149.491     25.282    -63.434
      7.525    170.847   -138.633      2.674   -149.581     25.358    -63.434
      7.526    170.698   -138.608      2.610   -149.671     25.434    -63.434
      7.527    170.548   -138.582      2.547   -149.762     25.511    -63.434
      7.528    170.398   -138.557      2.483   -149.852     25.587    -63.433
      7.529    170.248   -138.531      2.420   -149.943     25.663    -63.433
      7.530    170.098   -138.506      2.356   -150.033     25.740    -63.433
      7.531    169.948   -138.480      2.293   -150.124     25.816    -63.433
      7.532    169.798   -138.454      2.229   -150.215     25.893    -63.432
      7.533    169.648   -138.428      2.166   -150.305     25.970    -63.432
      7.534    169.497   -138.402      2.103   -150.396     26.047    -63.431
      7.535    169.347   -138.376      2.039   -150.487     26.124    -63.431
      7.536    169.196   -138.350      1.976   -150.578     26.201    -63.430
      7.537    169.046   -138.324      1.912   -150.669     26.278    -63.430
      7.538    168.895   -138.297      1.849   -150.760     26.356    -63.429
      7.539    168.744   -138.271      1.785   -150.851     26.433    -63.429
      7.540    168.593   -138.244      1.722   -150.942     26.511    -63.428
      7.541    168.442   -138.218      1.659   -151.033     26.588    -63.428
      7.542    168.291   -138.191      1.595   -151.125     26.666    -63.427
      7.543    168.140   -138.164      1.532   -151.216     26.744    -63.426
      7.544    167.989   -138.138      1.468   -151.308     26.822    -63.425
      7.545    167.837   -138.111      1.405   -151.399     26.900    -63.424
      7.546    167.686   -138.084      1.341   -151.491     26.978    -63.424
      7.547    167.534   -138.057      1.278   -151.582     27.057    -63.423
      7.548    167.383   -138.030      1.215   -151.674     27.135    -63.422
      7.549    167.231   -138.003      1.151   -151.766     27.214    -63.421
      7.550    167.079   -137.975      1.088   -151.858     27.292    -63.420
      7.551    166.927   -137.948      1.024   -151.949     27.371    -63.419
      7.552    166.775   -137.921      0.961   -152.041     27.450    -63.418
      7.553    166.623   -137.893      0.898   -152.133     27.529    -63.417
      7.554    166.471   -137.866      0.834   -152.226     27.608    -63.415
      7.555    166.319   -137.838      0.771   -152.318     27.687    -63.414
      7.556    166.166   -137.810      0.707   -152.410     27.767    -63.413
      7.557    166.014   -137.782      0.644   -152.502     27.846    -63.412
      7.558    165.861   -137.754      0.580   -152.595     27.926    -63.410
      7.559    165.709   -137.726      0.517   -152.687     28.006    -63.409
      7.560    165.556   -137.698      0.454   -152.780     28.085    -63.407
      7.561    165.403   -137.670      0.390   -152.872     28.165    -63.406
      7.562    165.250   -137.642      0.327   -152.965     28.245    -63.404
      7.563    165.097   -137.614      0.263   -153.057     28.325    -63.403
      7.564    164.944   -137.585      0.200   -153.150     28.406    -63.401
      7.565    164.791   -137.557      0.137   -153.243     28.486    -63.399
      7.566    164.638   -137.528      0.073   -153.336     28.566    -63.398
      7.567    164.484   -137.500      0.010   -153.429     28.647    -63.396
      7.568    164.331   -137.471     -0.054   -153.522     28.728    -63.394
      7.569    164.177   -137.442     -0.117   -153.615     28.809    -63.392
      7.570    164.024   -137.414     -0.180   -153.708     28.890    -63.390
      7.571    163.870   -137.385     -0.244   -153.801     28.971    -63.388
      7.572    163.716   -137.356     -0.307   -153.895     29.052    -63.386
      7.573    163.562   -137.327     -0.370   -153.988     29.133    -63.384
      7.574    163.408   -137.297     -0.434   -154.082     29.214    -63.382
      7.575    163.254   -137.268     -0.497   -154.175     29.296    -63.379
      7.576    163.100   -137.239     -0.561   -154.269     29.378    -63.377
      7.577    162.945   -137.209     -0.624   -154.362     29.459    -63.375
      7.578    162.791   -137.180     -0.687   -154.456     29.541    -63.372
      7.579    162.636   -137.150     -0.751   -154.550     29.623    -63.370
      7.580    162.482   -137.121     -0.814   -154.644     29.705    -63.367
      7.581    162.327   -137.091     -0.877   -154.738     29.788    -63.365
      7.582    162.172   -137.061     -0.941   -154.832     29.870    -63.362
      7.583    162.018   -137.031     -1.004   -154.926     29.952    -63.360
      7.584    161.863   -137.001     -1.068   -155.020     30.035    -63.357
      7.585    161.707   -136.971     -1.131   -155.114     30.118    -63.354
      7.586    161.552   -136.941     -1.194   -155.208     30.200    -63.351
      7.587    161.397   -136.911     -1.258   -155.303     30.283    -63.349
      7.588    161.242   -136.880     -1.321   -155.397     30.366    -63.346
      7.589    161.086   -136.850     -1.384   -155.491     30.450    -63.343
      7.590    160.931   -136.819     -1.448   -155.586     30.533    -63.340
      7.591    160.775   -136.789     -1.511   -155.681     30.616    -63.337
      7.592    160.619   -136.758     -1.574   -155.775     30.700    -63.334
      7.593    160.464   -136.727     -1.638   -155.870     30.784    -63.331
      7.594    160.308   -136.697     -1.701   -155.965     30.867    -63.328
      7.595    160.152   -136.666     -1.764   -156.060     30.951    -63.325
      7.596    159.996   -136.635     -1.828   -156.155     31.035    -63.321
      7.597    159.839   -136.604     -1.891   -156.250     31.120    -63.318
      7.598    159.683   -136.572     -1.954   -156.345     31.204    -63.315
      7.599    159.527   -136.541     -2.018   -156.440     31.288    -63.311
      7.600    159.370   -136.510     -2.081   -156.535     31.373    -63.308
      7.601    159.214   -136.478     -2.144   -156.630     31.457    -63.305
      7.602    159.057   -136.447     -2.208   -156.726     31.542    -63.301
      7.603    158.900   -136.415     -2.271   -156.821     31.627    -63.298
      7.604    158.743   -136.384     -2.334   -156.917     31.712    -63.294
      7.605    158.586   -136.352     -2.397   -157.012     31.797    -63.290
      7.606    158.429   -136.320     -2.461   -157.108     31.883    -63.287
      7.607    158.272   -136.288     -2.524   -157.204     31.968    -63.283
      7.608    158.115   -136.256     -2.587   -157.299     32.054    -63.279
      7.609    157.957   -136.224     -2.651   -157.395     32.139    -63.275
      7.610    157.800   -136.192     -2.714   -157.491     32.225    -63.272
      7.611    157.642   -136.160     -2.777   -157.587     32.311    -63.268
      7.612    157.485   -136.127     -2.840   -157.683     32.397    -63.264
      7.613    157.327   -136.095     -2.904   -157.780     32.483    -63.260
      7.614    157.169   -136.062     -2.967   -157.876     32.569    -63.256
      7.615    157.011   -136.030     -3.030   -157.972     32.656    -63.252
      7.616    156.853   -135.997     -3.093   -158.068     32.742    -63.248
      7.617    156.695   -135.964     -3.157   -158.165     32.829    -63.244
      7.618    156.537   -135.931     -3.220   -158.261     32.916    -63.239
      7.619    156.379   -135.898     -3.283   -158.358     33.003    -63.235
      7.620    156.220   -135.865     -3.346   -158.455     33.090    -63.231
      7.621    156.062   -135.832     -3.410   -158.551     33.177    -63.227
      7.622    155.903   -135.799     -3.473   -158.648     33.264    -63.222
      7.623    155.744   -135.766     -3.536   -158.745     33.352    -63.218
      7.624    155.586   -135.732     -3.599   -158.842     33.440    -63.213
      7.625    155.427   -135.699     -3.662   -158.939     33.527    -63.209
      7.626    155.268   -135.665     -3.726   -159.036     33.615    -63.204
      7.627    155.109   -135.632     -3.789   -159.133     33.703    -63.200
      7.628    154.950   -135.598     -3.852   -159.230     33.791    -63.195
      7.629    154.790   -135.564     -3.915   -159.328     33.880    -63.190
      7.630    154.631   -135.530     -3.978   -159.425     33.968    -63.186
      7.631    154.471   -135.496     -4.042   -159.522     34.056    -63.181
      7.632    154.312   -135.462     -4.105   -159.620     34.145    -63.176
      7.633    154.152   -135.428     -4.168   -159.718     34.234    -63.171
      7.634    153.992   -135.394     -4.231   -159.815     34.323    -63.166
      7.635    153.833   -135.359     -4.294   -159.913     34.412    -63.161
      7.636    153.673   -135.325     -4.357   -160.011     34.501    -63.156
      7.637    153.513   -135.290     -4.421   -160.109     34.590    -63.151
      7.638    153.352   -135.256     -4.484   -160.207     34.680    -63.146
      7.639    153.192   -135.221     -4.547   -160.305     34.770    -63.141
      7.640    153.032   -135.186     -4.610   -160.403     34.859    -63.135
      7.641    152.871   -135.151     -4.673   -160.501     34.949    -63.130
      7.642    152.711   -135.116     -4.736   -160.599     35.039    -63.125
      7.643    152.550   -135.081     -4.799   -160.698     35.129    -63.119
      7.644    152.389   -135.046     -4.863   -160.796     35.220    -63.114
      7.645    152.229   -135.011     -4.926   -160.894     35.310    -63.109
      7.646    152.068   -134.975     -4.989   -160.993     35.401    -63.103
      7.647    151.907   -134.940     -5.052   -161.092     35.491    -63.098
      7.648    151.745   -134.904     -5.115   -161.190     35.582    -63.092
      7.649    151.584   -134.869     -5.178   -161.289     35.673    -63.086
      7.650    151.423   -134.833     -5.241   -161.388     35.764    -63.080
      7.651    151.261   -134.797     -5.304   -161.487     35.856    -63.075
      7.652    151.100   -134.761     -5.367   -161.586     35.947    -63.069
      7.653    150.938   -134.725     -5.430   -161.685     36.039    -63.063
      7.654    150.776   -134.689     -5.493   -161.784     36.130    -63.057
      7.655    150.615   -134.653     -5.556   -161.883     36.222    -63.051
      7.656    150.453   -134.617     -5.619   -161.983     36.314    -63.045
      7.657    150.291   -134.580     -5.683   -162.082     36.406    -63.039
      7.658    150.129   -134.544     -5.746   -162.181     36.499    -63.033
      7.659    149.966   -134.507     -5.809   -162.281     36.591    -63.027
      7.660    149.804   -134.471     -5.872   -162.381     36.683    -63.021
      7.661    149.642   -134.434     -5.935   -162.480     36.776    -63.014
      7.662    149.479   -134.397     -5.998   -162.580     36.869    -63.008
      7.663    149.316   -134.360     -6.061   -162.680     36.962    -63.002
      7.664    149.154   -134.323     -6.124   -162.780     37.055    -62.995
      7.665    148.991   -134.286     -6.187   -162.880     37.148    -62.989
      7.666    148.828   -134.249     -6.250   -162.980     37.242    -62.982
      7.667    148.665   -134.212     -6.313   -163.080     37.335    -62.975
      7.668    148.502   -134.174     -6.376   -163.180     37.429    -62.969
      7.669    148.339   -134.137     -6.439   -163.280     37.523    -62.962
      7.670    148.175   -134.099     -6.502   -163.381     37.617    -62.955
      7.671    148.012   -134.061     -6.564   -163.481     37.711    -62.949
      7.672    147.848   -134.024     -6.627   -163.582     37.805    -62.942
      7.673    147.685   -133.986     -6.690   -163.682     37.900    -62.935
      7.674    147.521   -133.948     -6.753   -163.783     37.994    -62.928
      7.675    147.357   -133.910     -6.816   -163.884     38.089    -62.921
      7.676    147.193   -133.872     -6.879   -163.985     38.184    -62.914
      7.677    147.029   -133.834     -6.942   -164.085     38.279    -62.907
      7.678    146.865   -133.795     -7.005   -164.186     38.374    -62.899
      7.679    146.701   -133.757     -7.068   -164.287     38.470    -62.892
      7.680    146.536   -133.718     -7.131   -164.389     38.565    -62.885
      7.681    146.372   -133.680     -7.194   -164.490     38.661    -62.877
      7.682    146.207   -133.641     -7.256   -164.591     38.757    -62.870
      7.683    146.043   -133.602     -7.319   -164.692     38.853    -62.863
      7.684    145.878   -133.563     -7.382   -164.794     38.949    -62.855
      7.685    145.713   -133.524     -7.445   -164.895     39.045    -62.847
      7.686    145.548   -133.485     -7.508   -164.997     39.141    -62.840
      7.687    145.383   -133.446     -7.571   -165.099     39.238    -62.832
      7.688    145.218   -133.407     -7.634   -165.200     39.335    -62.824
      7.689    145.053   -133.367     -7.696   -165.302     39.432    -62.817
      7.690    144.887   -133.328     -7.759   -165.404     39.529    -62.809
      7.691    144.722   -133.288     -7.822   -165.506     39.626    -62.801
      7.692    144.556   -133.249     -7.885   -165.608     39.723    -62.793
      7.693    144.391   -133.209     -7.948   -165.710     39.821    -62.785
      7.694    144.225   -133.169     -8.010   -165.813     39.918    -62.777
      7.695    144.059   -133.129     -8.073   -165.915     40.016    -62.768
      7.696    143.893   -133.089     -8.136   -166.017     40.114    -62.760
      7.697    143.727   -133.049     -8.199   -166.120     40.212    -62.752
      7.698    143.561   -133.008     -8.261   -166.222     40.310    -62.744
      7.699    143.395   -132.968     -8.324   -166.325     40.409    -62.735
      7.700    143.228   -132.928     -8.387   -166.428     40.507    -62.727
      7.701    143.062   -132.887     -8.450   -166.530     40.606    -62.718
      7.702    142.895   -132.846     -8.512   -166.633     40.705    -62.710
      7.703    142.728   -132.806     -8.575   -166.736     40.804    -62.701
      7.704    142.562   -132.765     -8.638   -166.839     40.903    -62.692
      7.705    142.395   -132.724     -8.700   -166.942     41.003    -62.684
      7.706    142.228   -132.683     -8.763   -167.046     41.102    -62.675
      7.707    142.061   -132.642     -8.826   -167.149     41.202    -62.666
      7.708    141.894   -132.600     -8.888   -167.252     41.302    -62.657
      7.709    141.726   -132.559     -8.951   -167.356     41.402    -62.648
      7.710    141.559   -132.518     -9.014   -167.459     41.502    -62.639
      7.711    141.391   -132.476     -9.076   -167.563     41.603    -62.630
      7.712    141.224   -132.434     -9.139   -167.666     41.703    -62.621
      7.713    141.056   -132.393     -9.202   -167.770     41.804    -62.611
      7.714    140.888   -132.351     -9.264   -167.874     41.905    -62.602
      7.715    140.720   -132.309     -9.327   -167.978     42.006    -62.593
      7.716    140.552   -132.267     -9.389   -168.082     42.107    -62.583
      7.717    140.384   -132.225     -9.452   -168.186     42.208    -62.574
      7.718    140.216   -132.182     -9.515   -168.290     42.310    -62.564
      7.719    140.047   -132.140     -9.577   -168.394     42.411    -62.554
      7.720    139.879   -132.098     -9.640   -168.498     42.513    -62.545
      7.721    139.710   -132.055     -9.702   -168.603     42.615    -62.535
      7.722    139.542   -132.012     -9.765   -168.707     42.718    -62.525
      7.723    139.373   -131.970     -9.827   -168.812     42.820    -62.515
      7.724    139.204   -131.927     -9.890   -168.917     42.922    -62.505
      7.725    139.035   -131.884     -9.952   -169.021     43.025    -62.495
      7.726    138.866   -131.841    -10.015   -169.126     43.128    -62.485
      7.727    138.697   -131.797    -10.077   -169.231     43.231    -62.475
      7.728    138.528   -131.754    -10.140   -169.336     43.334    -62.465
      7.729    138.358   -131.711    -10.202   -169.441     43.438    -62.455
      7.730    138.189   -131.667    -10.265   -169.546     43.541    -62.444
      7.731    138.019   -131.624    -10.327   -169.651     43.645    -62.434
      7.732    137.850   -131.580    -10.389   -169.757     43.749    -62.423
      7.733    137.680   -131.536    -10.452   -169.862     43.853    -62.413
      7.734    137.510   -131.492    -10.514   -169.967     43.957    -62.402
      7.735    137.340   -131.448    -10.577   -170.073     44.062    -62.391
      7.736    137.170   -131.404    -10.639   -170.179     44.166    -62.381
      7.737    136.999   -131.360    -10.701   -170.284     44.271    -62.370
      7.738    136.829   -131.316    -10.764   -170.390     44.376    -62.359
      7.739    136.659   -131.271    -10.826   -170.496     44.481    -62.348
      7.740    136.488   -131.227    -10.888   -170.602     44.586    -62.337
      7.741    136.317   -131.182    -10.951   -170.708     44.692    -62.326
      7.742    136.147   -131.137    -11.013   -170.814     44.798    -62.315
      7.743    135.976   -131.092    -11.075   -170.920     44.903    -62.303
      7.744    135.805   -131.047    -11.138   -171.026     45.009    -62.292
      7.745    135.634   -131.002    -11.200   -171.133     45.116    -62.281
      7.746    135.463   -130.957    -11.262   -171.239     45.222    -62.269
      7.747    135.291   -130.912    -11.325   -171.346     45.328    -62.258
      7.748    135.120   -130.867    -11.387   -171.452     45.435    -62.246
      7.749    134.948   -130.821    -11.449   -171.559     45.542    -62.235
      7.750    134.777   -130.775    -11.511   -171.666     45.649    -62.223
      7.751    134.605   -130.730    -11.574   -171.773     45.756    -62.211
      7.752    134.433   -130.684    -11.636   -171.880     45.864    -62.199
      7.753    134.261   -130.638    -11.698   -171.987     45.972    -62.187
      7.754    134.089   -130.592    -11.760   -172.094     46.079    -62.175
      7.755    133.917   -130.546    -11.822   -172.201     46.187    -62.163
      7.756    133.745   -130.500    -11.884   -172.308     46.296    -62.151
      7.757    133.572   -130.453    -11.947   -172.416     46.404    -62.139
      7.758    133.400   -130.407    -12.009   -172.523     46.513    -62.126
      7.759    133.227   -130.360    -12.071   -172.631     46.621    -62.114
      7.760    133.055   -130.314    -12.133   -172.738     46.730    -62.102
      7.761    132.882   -130.267    -12.195   -172.846     46.839    -62.089
      7.762    132.709   -130.220    -12.257   -172.954     46.949    -62.076
      7.763    132.536   -130.173    -12.319   -173.062     47.058    -62.064
      7.764    132.363   -130.126    -12.381   -173.170     47.168    -62.051
      7.765    132.190   -130.079    -12.443   -173.278     47.278    -62.038
      7.766    132.016   -130.031    -12.505   -173.386     47.388    -62.025
      7.767    131.843   -129.984    -12.567   -173.494     47.498    -62.012
      7.768    131.669   -129.936    -12.629   -173.603     47.608    -61.999
      7.769    131.496   -129.889    -12.691   -173.711     47.719    -61.986
      7.770    131.322   -129.841    -12.753   -173.819     47.830    -61.973
      7.771    131.148   -129.793    -12.815   -173.928     47.941    -61.959
      7.772    130.974   -129.745    -12.877   -174.037     48.052    -61.946
      7.773    130.800   -129.697    -12.939   -174.145     48.163    -61.933
      7.774    130.626   -129.649    -13.001   -174.254     48.275    -61.919
      7.775    130.451   -129.600    -13.063   -174.363     48.387    -61.906
      7.776    130.277   -129.552    -13.125   -174.472     48.499    -61.892
      7.777    130.103   -129.503    -13.187   -174.581     48.611    -61.878
      7.778    129.928   -129.455    -13.249   -174.690     48.723    -61.864
      7.779    129.753   -129.406    -13.310   -174.800     48.836    -61.850
      7.780    129.578   -129.357    -13.372   -174.909     48.949    -61.836
      7.781    129.403   -129.308    -13.434   -175.018     49.062    -61.822
      7.782    129.228   -129.259    -13.496   -175.128     49.175    -61.808
      7.783    129.053   -129.210    -13.558   -175.237     49.288    -61.794
      7.784    128.878   -129.160    -13.620   -175.347     49.402    -61.779
      7.785    128.702   -129.111    -13.681   -175.457     49.515    -61.765
      7.786    128.527   -129.061    -13.743   -175.567     49.629    -61.751
      7.787    128.351   -129.012    -13.805   -175.677     49.744    -61.736
      7.788    128.176   -128.962    -13.867   -175.787     49.858    -61.721
      7.789    128.000   -128.912    -13.928   -175.897     49.972    -61.707
      7.790    127.824   -128.862    -13.990   -176.007     50.087    -61.692
      7.791    127.648   -128.812    -14.052   -176.117     50.202    -61.677
      7.792    127.471   -128.761    -14.113   -176.228     50.317    -61.662
      7.793    127.295   -128.711    -14.175   -176.338     50.433    -61.647
      7.794    127.119   -128.660    -14.237   -176.449     50.548    -61.632
      7.795    126.942   -128.610    -14.298   -176.559     50.664    -61.616
      7.796    126.766   -128.559    -14.360   -176.670     50.780    -61.601
      7.797    126.589   -128.508    -14.421   -176.781     50.896    -61.586
      7.798    126.412   -128.457    -14.483   -176.892     51.013    -61.570
      7.799    126.235   -128.406    -14.545   -177.003     51.129    -61.555
      7.800    126.058   -128.355    -14.606   -177.114     51.246    -61.539
      7.801    125.881   -128.304    -14.668   -177.225     51.363    -61.523
      7.802    125.704   -128.252    -14.729   -177.336     51.480    -61.507
      7.803    125.526   -128.201    -14.791   -177.448     51.598    -61.491
      7.804    125.349   -128.149    -14.852   -177.559     51.715    -61.475
      7.805    125.171   -128.097    -14.914   -177.671     51.833    -61.459
      7.806    124.993   -128.046    -14.975   -177.782     51.951    -61.443
      7.807    124.816   -127.994    -15.037   -177.894     52.069    -61.427
      7.808    124.638   -127.941    -15.098   -178.006     52.188    -61.410
      7.809    124.460   -127.889    -15.159   -178.118     52.307    -61.394
      7.810    124.281   -127.837    -15.221   -178.230     52.426    -61.377
      7.811    124.103   -127.784    -15.282   -178.342     52.545    -61.361
      7.812    123.925   -127.732    -15.343   -178.454     52.664    -61.344
      7.813    123.746   -127.679    -15.405   -178.566     52.784    -61.327
      7.814    123.568   -127.626    -15.466   -178.679     52.903    -61.310
      7.815    123.389   -127.573    -15.527   -178.791     53.023    -61.293
      7.816    123.210   -127.520    -15.589   -178.903     53.144    -61.276
      7.817    123.031   -127.467    -15.650   -179.016     53.264    -61.259
      7.818    122.852   -127.414    -15.711   -179.129     53.385    -61.242
      7.819    122.673   -127.360    -15.772   -179.242     53.506    -61.224
      7.820    122.494   -127.307    -15.834   -179.354     53.627    -61.207
      7.821    122.314   -127.253    -15.895   -179.467     53.748    -61.189
      7.822    122.135   -127.199    -15.956   -179.580     53.870    -61.171
      7.823    121.955   -127.145    -16.017   -179.693     53.991    -61.154
      7.824    121.775   -127.091    -16.078   -179.807     54.113    -61.136
      7.825    121.595   -127.037    -16.139   -179.920     54.235    -61.118
      7.826    121.415   -126.983    -16.201   -180.033     54.358    -61.100
      7.827    121.235   -126.928    -16.262   -180.147     54.481    -61.082
      7.828    121.055   -126.874    -16.323   -180.260     54.603    -61.063
      7.829    120.875   -126.819    -16.384   -180.374     54.726    -61.045
      7.830    120.694   -126.764    -16.445   -180.488     54.850    -61.027
      7.831    120.514   -126.709    -16.506   -180.602     54.973    -61.008
      7.832    120.333   -126.654    -16.567   -180.716     55.097    -60.990
      7.833    120.152   -126.599    -16.628   -180.830     55.221    -60.971
      7.834    119.971   -126.544    -16.689   -180.944     55.345    -60.952
      7.835    119.790   -126.488    -16.750   -181.058     55.470    -60.933
      7.836    119.609   -126.433    -16.811   -181.172     55.595    -60.914
      7.837    119.428   -126.377    -16.872   -181.287     55.719    -60.895
      7.838    119.247   -126.321    -16.932   -181.401     55.845    -60.876
      7.839    119.065   -126.265    -16.993   -181.516     55.970    -60.856
      7.840    118.884   -126.209    -17.054   -181.630     56.096    -60.837
      7.841    118.702   -126.153    -17.115   -181.745     56.221    -60.817
      7.842    118.520   -126.097    -17.176   -181.860     56.348    -60.798
      7.843    118.338   -126.041    -17.237   -181.975     56.474    -60.778
      7.844    118.156   -125.984    -17.297   -182.090     56.600    -60.758
      7.845    117.974   -125.927    -17.358   -182.205     56.727    -60.738
      7.846    117.792   -125.871    -17.419   -182.320     56.854    -60.718
      7.847    117.609   -125.814    -17.480   -182.436     56.982    -60.698
      7.848    117.427   -125.757    -17.540   -182.551     57.109    -60.678
      7.849    117.244   -125.699    -17.601   -182.666     57.237    -60.657
      7.850    117.062   -125.642    -17.662   -182.782     57.365    -60.637
      7.851    116.879   -125.585    -17.722   -182.898     57.493    -60.616
      7.852    116.696   -125.527    -17.783   -183.013     57.622    -60.596
      7.853    116.513   -125.470    -17.843   -183.129     57.750    -60.575
      7.854    116.330   -125.412    -17.904   -183.245     57.879    -60.554
      7.855    116.146   -125.354    -17.964   -183.361     58.008    -60.533
      7.856    115.963   -125.296    -18.025   -183.477     58.138    -60.512
      7.857    115.779   -125.237    -18.085   -183.594     58.268    -60.491
      7.858    115.596   -125.179    -18.146   -183.710     58.397    -60.469
      7.859    115.412   -125.121    -18.206   -183.826     58.528    -60.448
      7.860    115.228   -125.062    -18.267   -183.943     58.658    -60.426
      7.861    115.044   -125.003    -18.327   -184.059     58.789    -60.405
      7.862    114.860   -124.945    -18.388   -184.176     58.920    -60.383
      7.863    114.676   -124.886    -18.448   -184.293     59.051    -60.361
      7.864    114.491   -124.826    -18.508   -184.410     59.182    -60.339
      7.865    114.307   -124.767    -18.569   -184.527     59.314    -60.317
      7.866    114.122   -124.708    -18.629   -184.644     59.446    -60.295
      7.867    113.938   -124.648    -18.689   -184.761     59.578    -60.272
      7.868    113.753   -124.589    -18.750   -184.878     59.710    -60.250
      7.869    113.568   -124.529    -18.810   -184.995     59.843    -60.227
      7.870    113.383   -124.469    -18.870   -185.113     59.976    -60.205
      7.871    113.198   -124.409    -18.930   -185.230     60.109    -60.182
      7.872    113.012   -124.349    -18.990   -185.348     60.243    -60.159
      7.873    112.827   -124.288    -19.051   -185.465     60.376    -60.136
      7.874    112.641   -124.228    -19.111   -185.583     60.510    -60.113
      7.875    112.456   -124.167    -19.171   -185.701     60.645    -60.090
      7.876    112.270   -124.107    -19.231   -185.819     60.779    -60.066
      7.877    112.084   -124.046    -19.291   -185.937     60.914    -60.043
      7.878    111.898   -123.985    -19.351   -186.055     61.049    -60.019
      7.879    111.712   -123.924    -19.411   -186.173     61.184    -59.996
      7.880    111.526   -123.862    -19.471   -186.292     61.320    -59.972
      7.881    111.339   -123.801    -19.531   -186.410     61.455    -59.948
      7.882    111.153   -123.740    -19.591   -186.529     61.591    -59.924
      7.883    110.966   -123.678    -19.651   -186.647     61.728    -59.900
      7.884    110.780   -123.616    -19.711   -186.766     61.864    -59.875
      7.885    110.593   -123.554    -19.770   -186.885     62.001    -59.851
      7.886    110.406   -123.492    -19.830   -187.003     62.138    -59.826
      7.887    110.219   -123.430    -19.890   -187.122     62.276    -59.802
      7.888    110.032   -123.368    -19.950   -187.241     62.413    -59.777
      7.889    109.844   -123.305    -20.010   -187.361     62.551    -59.752
      7.890    109.657   -123.242    -20.069   -187.480     62.689    -59.727
      7.891    109.469   -123.180    -20.129   -187.599     62.828    -59.702
      7.892    109.282   -123.117    -20.189   -187.719     62.967    -59.676
      7.893    109.094   -123.054    -20.248   -187.838     63.106    -59.651
      7.894    108.906   -122.991    -20.308   -187.958     63.245    -59.625
      7.895    108.718   -122.927    -20.368   -188.077     63.385    -59.600
      7.896    108.530   -122.864    -20.427   -188.197     63.524    -59.574
      7.897    108.342   -122.800    -20.487   -188.317     63.664    -59.548
      7.898    108.153   -122.736    -20.546   -188.437     63.805    -59.522
      7.899    107.965   -122.673    -20.606   -188.557     63.945    -59.496
      7.900    107.776   -122.609    -20.665   -188.677     64.086    -59.469
      7.901    107.587   -122.544    -20.725   -188.798     64.228    -59.443
      7.902    107.399   -122.480    -20.784   -188.918     64.369    -59.416
      7.903    107.210   -122.416    -20.844   -189.038     64.511    -59.389
      7.904    107.020   -122.351    -20.903   -189.159     64.653    -59.363
      7.905    106.831   -122.286    -20.962   -189.279     64.795    -59.336
      7.906    106.642   -122.222    -21.022   -189.400     64.938    -59.308
      7.907    106.452   -122.157    -21.081   -189.521     65.081    -59.281
      7.908    106.263   -122.091    -21.140   -189.642     65.224    -59.254
      7.909    106.073   -122.026    -21.200   -189.763     65.368    -59.226
      7.910    105.883   -121.961    -21.259   -189.884     65.511    -59.199
      7.911    105.693   -121.895    -21.318   -190.005     65.655    -59.171
      7.912    105.503   -121.829    -21.377   -190.126     65.800    -59.143
      7.913    105.313   -121.763    -21.436   -190.248     65.944    -59.115
      7.914    105.123   -121.697    -21.495   -190.369     66.089    -59.087
      7.915    104.932   -121.631    -21.554   -190.491     66.235    -59.058
      7.916    104.742   -121.565    -21.613   -190.612     66.380    -59.030
      7.917    104.551   -121.499    -21.672   -190.734     66.526    -59.001
      7.918    104.360   -121.432    -21.731   -190.856     66.672    -58.972
      7.919    104.169   -121.365    -21.790   -190.978     66.818    -58.943
      7.920    103.978   -121.298    -21.849   -191.100     66.965    -58.914
      7.921    103.787   -121.231    -21.908   -191.222     67.112    -58.885
      7.922    103.596   -121.164    -21.967   -191.344     67.259    -58.856
      7.923    103.405   -121.097    -22.026   -191.466     67.407    -58.826
      7.924    103.213   -121.029    -22.085   -191.589     67.555    -58.797
      7.925    103.021   -120.962    -22.144   -191.711     67.703    -58.767
      7.926    102.830   -120.894    -22.202   -191.834     67.851    -58.737
      7.927    102.638   -120.826    -22.261   -191.956     68.000    -58.707
      7.928    102.446   -120.758    -22.320   -192.079     68.149    -58.677
      7.929    102.254   -120.690    -22.378   -192.202     68.299    -58.647
      7.930    102.061   -120.621    -22.437   -192.325     68.448    -58.616
      7.931    101.869   -120.553    -22.496   -192.448     68.598    -58.585
      7.932    101.676   -120.484    -22.554   -192.571     68.749    -58.555
      7.933    101.484   -120.415    -22.613   -192.694     68.899    -58.524
      7.934    101.291   -120.346    -22.671   -192.817     69.050    -58.493
      7.935    101.098   -120.277    -22.730   -192.941     69.202    -58.461
      7.936    100.905   -120.208    -22.788   -193.064     69.353    -58.430
      7.937    100.712   -120.138    -22.847   -193.188     69.505    -58.398
      7.938    100.519   -120.069    -22.905   -193.311     69.657    -58.367
      7.939    100.325   -119.999    -22.963   -193.435     69.810    -58.335
      7.940    100.132   -119.929    -23.022   -193.559     69.963    -58.303
      7.941     99.938   -119.859    -23.080   -193.683     70.116    -58.271
      7.942     99.745   -119.789    -23.138   -193.807     70.269    -58.238
      7.943     99.551   -119.719    -23.196   -193.931     70.423    -58.206
      7.944     99.357   -119.648    -23.255   -194.055     70.577    -58.173
      7.945     99.163   -119.577    -23.313   -194.180     70.731    -58.141
      7.946     98.968   -119.507    -23.371   -194.304     70.886    -58.108
      7.947     98.774   -119.436    -23.429   -194.428     71.041    -58.074
      7.948     98.579   -119.365    -23.487   -194.553     71.197    -58.041
      7.949     98.385   -119.293    -23.545   -194.678     71.352    -58.008
      7.950     98.190   -119.222    -23.603   -194.802     71.508    -57.974
      7.951     97.995   -119.150    -23.661   -194.927     71.665    -57.940
      7.952     97.800   -119.079    -23.719   -195.052     71.821    -57.907
      7.953     97.605   -119.007    -23.777   -195.177     71.978    -57.872
      7.954     97.410   -118.935    -23.835   -195.302     72.136    -57.838
      7.955     97.215   -118.862    -23.892   -195.427     72.293    -57.804
      7.956     97.019   -118.790    -23.950   -195.553     72.451    -57.769
      7.957     96.823   -118.717    -24.008   -195.678     72.610    -57.735
      7.958     96.628   -118.645    -24.066   -195.803     72.768    -57.700
      7.959     96.432   -118.572    -24.123   -195.929     72.927    -57.665
      7.960     96.236   -118.499    -24.181   -196.054     73.087    -57.629
      7.961     96.040   -118.426    -24.239   -196.180     73.246    -57.594
      7.962     95.843   -118.352    -24.296   -196.306     73.406    -57.558
      7.963     95.647   -118.279    -24.354   -196.432     73.567    -57.523
      7.964     95.451   -118.205    -24.411   -196.558     73.727    -57.487
      7.965     95.254   -118.131    -24.469   -196.684     73.888    -57.451
      7.966     95.057   -118.058    -24.526   -196.810     74.050    -57.414
      7.967     94.860   -117.983    -24.584   -196.936     74.211    -57.378
      7.968     94.663   -117.909    -24.641   -197.063     74.374    -57.341
      7.969     94.466   -117.835    -24.698   -197.189     74.536    -57.304
      7.970     94.269   -117.760    -24.756   -197.316     74.699    -57.268
      7.971     94.072   -117.685    -24.813   -197.442     74.862    -57.230
      7.972     93.874   -117.610    -24.870   -197.569     75.025    -57.193
      7.973     93.676   -117.535    -24.927   -197.696     75.189    -57.156
      7.974     93.479   -117.460    -24.984   -197.822     75.353    -57.118
      7.975     93.281   -117.384    -25.041   -197.949     75.518    -57.080
      7.976     93.083   -117.309    -25.098   -198.076     75.683    -57.042
      7.977     92.885   -117.233    -25.155   -198.204     75.848    -57.004
      7.978     92.686   -117.157    -25.212   -198.331     76.013    -56.965
      7.979     92.488   -117.081    -25.269   -198.458     76.179    -56.927
      7.980     92.289   -117.005    -25.326   -198.585     76.346    -56.888
      7.981     92.091   -116.928    -25.383   -198.713     76.512    -56.849
      7.982     91.892   -116.852    -25.440   -198.840     76.679    -56.810
      7.983     91.693   -116.775    -25.497   -198.968     76.847    -56.771
      7.984     91.494   -116.698    -25.554   -199.096     77.014    -56.731
      7.985     91.295   -116.621    -25.610   -199.224     77.183    -56.691
      7.986     91.096   -116.544    -25.667   -199.351     77.351    -56.651
      7.987     90.896   -116.466    -25.724   -199.479     77.520    -56.611
      7.988     90.697   -116.389    -25.780   -199.608     77.689    -56.571
      7.989     90.497   -116.311    -25.837   -199.736     77.859    -56.531
      7.990     90.297   -116.233    -25.893   -199.864     78.029    -56.490
      7.991     90.097   -116.155    -25.950   -199.992     78.199    -56.449
      7.992     89.897   -116.077    -26.006   -200.121     78.370    -56.408
      7.993     89.697   -115.998    -26.063   -200.249     78.541    -56.367
      7.994     89.497   -115.920    -26.119   -200.378     78.712    -56.325
      7.995     89.296   -115.841    -26.175   -200.506     78.884    -56.284
      7.996     89.096   -115.762    -26.231   -200.635     79.056    -56.242
      7.997     88.895   -115.683    -26.288   -200.764     79.229    -56.200
      7.998     88.694   -115.603    -26.344   -200.893     79.402    -56.158
      7.999     88.493   -115.524    -26.400   -201.022     79.575    -56.115
      8.000     88.292   -115.444    -26.456   -201.151     79.749    -56.073
      8.001     88.091   -115.364    -26.512   -201.280     79.923    -56.030
      8.002     87.890   -115.284    -26.568   -201.409     80.097    -55.987
      8.003     87.688   -115.204    -26.624   -201.538     80.272    -55.943
      8.004     87.487   -115.124    -26.680   -201.668     80.447    -55.900
      8.005     87.285   -115.043    -26.736   -201.797     80.623    -55.856
      8.006     87.083   -114.963    -26.792   -201.927     80.799    -55.812
      8.007     86.881   -114.882    -26.848   -202.056     80.975    -55.768
      8.008     86.679   -114.801    -26.903   -202.186     81.152    -55.724
      8.009     86.477   -114.719    -26.959   -202.316     81.329    -55.679
      8.010     86.274   -114.638    -27.015   -202.446     81.507    -55.635
      8.011     86.072   -114.556    -27.070   -202.576     81.685    -55.590
      8.012     85.869   -114.475    -27.126   -202.706     81.863    -55.545
      8.013     85.666   -114.393    -27.181   -202.836     82.042    -55.499
      8.014     85.463   -114.310    -27.237   -202.966     82.221    -55.454
      8.015     85.260   -114.228    -27.292   -203.096     82.401    -55.408
      8.016     85.057   -114.146    -27.348   -203.227     82.581    -55.362
      8.017     84.854   -114.063    -27.403   -203.357     82.762    -55.316
      8.018     84.650   -113.980    -27.458   -203.488     82.942    -55.269
      8.019     84.447   -113.897    -27.513   -203.618     83.124    -55.223
      8.020     84.243   -113.814    -27.569   -203.749     83.305    -55.176
      8.021     84.039   -113.730    -27.624   -203.879     83.487    -55.129
      8.022     83.835   -113.647    -27.679   -204.010     83.670    -55.081
      8.023     83.631   -113.563    -27.734   -204.141     83.853    -55.034
      8.024     83.427   -113.479    -27.789   -204.272     84.036    -54.986
      8.025     83.223   -113.395    -27.844   -204.403     84.220    -54.938
      8.026     83.018   -113.311    -27.899   -204.534     84.404    -54.890
      8.027     82.814   -113.226    -27.954   -204.665     84.588    -54.841
      8.028     82.609   -113.142    -28.009   -204.797     84.773    -54.792
      8.029     82.404   -113.057    -28.063   -204.928     84.959    -54.743
      8.030     82.199   -112.972    -28.118   -205.059     85.144    -54.694
      8.031     81.994   -112.886    -28.173   -205.191     85.331    -54.645
      8.032     81.789   -112.801    -28.227   -205.322     85.517    -54.595
      8.033     81.583   -112.715    -28.282   -205.454     85.704    -54.545
      8.034     81.378   -112.630    -28.336   -205.586     85.892    -54.495
      8.035     81.172   -112.544    -28.391   -205.717     86.080    -54.445
      8.036     80.966   -112.457    -28.445   -205.849     86.268    -54.394
      8.037     80.761   -112.371    -28.500   -205.981     86.457    -54.343
      8.038     80.555   -112.285    -28.554   -206.113     86.646    -54.292
      8.039     80.348   -112.198    -28.608   -206.245     86.836    -54.241
      8.040     80.142   -112.111    -28.663   -206.377     87.026    -54.190
      8.041     79.936   -112.024    -28.717   -206.509     87.217    -54.138
      8.042     79.729   -111.936    -28.771   -206.642     87.408    -54.086
      8.043     79.522   -111.849    -28.825   -206.774     87.599    -54.033
      8.044     79.315   -111.761    -28.879   -206.906     87.791    -53.981
      8.045     79.108   -111.673    -28.933   -207.039     87.983    -53.928
      8.046     78.901   -111.585    -28.987   -207.171     88.176    -53.875
      8.047     78.694   -111.497    -29.041   -207.304     88.369    -53.822
      8.048     78.487   -111.408    -29.094   -207.436     88.563    -53.768
      8.049     78.279   -111.320    -29.148   -207.569     88.757    -53.714
      8.050     78.072   -111.231    -29.202   -207.702     88.952    -53.660
      8.051     77.864   -111.142    -29.255   -207.835     89.147    -53.606
      8.052     77.656   -111.053    -29.309   -207.968     89.342    -53.551
      8.053     77.448   -110.963    -29.363   -208.101     89.538    -53.496
      8.054     77.240   -110.874    -29.416   -208.234     89.734    -53.441
      8.055     77.031   -110.784    -29.469   -208.367     89.931    -53.386
      8.056     76.823   -110.694    -29.523   -208.500     90.129    -53.330
      8.057     76.614   -110.604    -29.576   -208.633     90.326    -53.274
      8.058     76.406   -110.513    -29.629   -208.766     90.525    -53.218
      8.059     76.197   -110.422    -29.682   -208.900     90.723    -53.162
      8.060     75.988   -110.332    -29.736   -209.033     90.923    -53.105
      8.061     75.779   -110.241    -29.789   -209.167     91.122    -53.048
      8.062     75.570   -110.149    -29.842   -209.300     91.322    -52.991
      8.063     75.360   -110.058    -29.895   -209.434     91.523    -52.933
      8.064     75.151   -109.966    -29.948   -209.567     91.724    -52.876
      8.065     74.941   -109.875    -30.000   -209.701     91.926    -52.817
      8.066     74.731   -109.783    -30.053   -209.835     92.128    -52.759
      8.067     74.521   -109.690    -30.106   -209.968     92.330    -52.701
      8.068     74.311   -109.598    -30.159   -210.102     92.533    -52.642
      8.069     74.101   -109.505    -30.211   -210.236     92.736    -52.582
      8.070     73.891   -109.412    -30.264   -210.370     92.940    -52.523
      8.071     73.681   -109.319    -30.316   -210.504     93.145    -52.463
      8.072     73.470   -109.226    -30.369   -210.638     93.350    -52.403
      8.073     73.259   -109.133    -30.421   -210.772     93.555    -52.343
      8.074     73.048   -109.039    -30.473   -210.906     93.761    -52.282
      8.075     72.837   -108.945    -30.526   -211.041     93.968    -52.221
      8.076     72.626   -108.851    -30.578   -211.175     94.174    -52.160
      8.077     72.415   -108.757    -30.630   -211.309     94.382    -52.099
      8.078     72.204   -108.662    -30.682   -211.444     94.590    -52.037
      8.079     71.992   -108.568    -30.734   -211.578     94.798    -51.975
      8.080     71.781   -108.473    -30.786   -211.712     95.007    -51.912
      8.081     71.569   -108.378    -30.838   -211.847     95.216    -51.850
      8.082     71.357   -108.282    -30.890   -211.982     95.426    -51.787
      8.083     71.145   -108.187    -30.941   -212.116     95.637    -51.723
      8.084     70.933   -108.091    -30.993   -212.251     95.848    -51.660
      8.085     70.720   -107.995    -31.045   -212.385     96.059    -51.596
      8.086     70.508   -107.899    -31.096   -212.520     96.271    -51.532
      8.087     70.295   -107.802    -31.148   -212.655     96.483    -51.467
      8.088     70.083   -107.706    -31.199   -212.790     96.696    -51.402
      8.089     69.870   -107.609    -31.251   -212.925     96.910    -51.337
      8.090     69.657   -107.512    -31.302   -213.060     97.124    -51.272
      8.091     69.444   -107.415    -31.353   -213.194     97.338    -51.206
      8.092     69.230   -107.317    -31.404   -213.329     97.553    -51.140
      8.093     69.017   -107.220    -31.455   -213.464     97.769    -51.074
      8.094     68.803   -107.122    -31.506   -213.599     97.985    -51.007
      8.095     68.590   -107.024    -31.557   -213.735     98.202    -50.940
      8.096     68.376   -106.925    -31.608   -213.870     98.419    -50.873
      8.097     68.162   -106.827    -31.659   -214.005     98.636    -50.805
      8.098     67.948   -106.728    -31.710   -214.140     98.855    -50.737
      8.099     67.734   -106.629    -31.761   -214.275     99.073    -50.669
      8.100     67.519   -106.530    -31.811   -214.410     99.293    -50.600
      8.101     67.305   -106.431    -31.862   -214.546     99.513    -50.531
      8.102     67.090   -106.331    -31.912   -214.681     99.733    -50.462
      8.103     66.876   -106.231    -31.963   -214.816     99.954    -50.392
      8.104     66.661   -106.131    -32.013   -214.952    100.175    -50.322
      8.105     66.446   -106.031    -32.063   -215.087    100.397    -50.252
      8.106     66.230   -105.930    -32.114   -215.222    100.620    -50.181
      8.107     66.015   -105.830    -32.164   -215.358    100.843    -50.110
      8.108     65.800   -105.729    -32.214   -215.493    101.067    -50.039
      8.109     65.584   -105.627    -32.264   -215.629    101.291    -49.967
      8.110     65.368   -105.526    -32.314   -215.764    101.515    -49.895
      8.111     65.153   -105.424    -32.364   -215.900    101.741    -49.823
      8.112     64.937   -105.323    -32.413   -216.035    101.967    -49.750
      8.113     64.721   -105.220    -32.463   -216.171    102.193    -49.677
      8.114     64.504   -105.118    -32.513   -216.307    102.420    -49.603
      8.115     64.288   -105.016    -32.562   -216.442    102.648    -49.530
      8.116     64.071   -104.913    -32.612   -216.578    102.876    -49.455
      8.117     63.855   -104.810    -32.661   -216.713    103.105    -49.381
      8.118     63.638   -104.707    -32.711   -216.849    103.334    -49.306
      8.119     63.421   -104.603    -32.760   -216.985    103.564    -49.231
      8.120     63.204   -104.500    -32.809   -217.120    103.794    -49.155
      8.121     62.987   -104.396    -32.858   -217.256    104.025    -49.079
      8.122     62.770   -104.291    -32.907   -217.392    104.257    -49.003
      8.123     62.552   -104.187    -32.956   -217.527    104.489    -48.926
      8.124     62.334   -104.083    -33.005   -217.663    104.722    -48.849
      8.125     62.117   -103.978    -33.054   -217.799    104.955    -48.772
      8.126     61.899   -103.873    -33.103   -217.935    105.189    -48.694
      8.127     61.681   -103.767    -33.151   -218.070    105.423    -48.616
      8.128     61.463   -103.662    -33.200   -218.206    105.658    -48.537
      8.129     61.244   -103.556    -33.248   -218.342    105.894    -48.458
      8.130     61.026   -103.450    -33.297   -218.477    106.130    -48.379
      8.131     60.808   -103.344    -33.345   -218.613    106.367    -48.299
      8.132     60.589   -103.237    -33.393   -218.749    106.605    -48.219
      8.133     60.370   -103.130    -33.442   -218.885    106.843    -48.139
      8.134     60.151   -103.024    -33.490   -219.020    107.082    -48.058
      8.135     59.932   -102.916    -33.538   -219.156    107.321    -47.976
      8.136     59.713   -102.809    -33.586   -219.292    107.561    -47.895
      8.137     59.493   -102.701    -33.633   -219.427    107.801    -47.813
      8.138     59.274   -102.593    -33.681   -219.563    108.042    -47.730
      8.139     59.054   -102.485    -33.729   -219.699    108.284    -47.647
      8.140     58.834   -102.377    -33.777   -219.834    108.526    -47.564
      8.141     58.615   -102.268    -33.824   -219.970    108.769    -47.480
      8.142     58.395   -102.159    -33.872   -220.106    109.013    -47.396
      8.143     58.174   -102.050    -33.919   -220.241    109.257    -47.312
      8.144     57.954   -101.941    -33.966   -220.377    109.502    -47.227
      8.145     57.734   -101.831    -34.013   -220.512    109.748    -47.141
      8.146     57.513   -101.721    -34.060   -220.648    109.994    -47.056
      8.147     57.292   -101.611    -34.107   -220.783    110.240    -46.969
      8.148     57.071   -101.501    -34.154   -220.919    110.488    -46.883
      8.149     56.850   -101.390    -34.201   -221.054    110.736    -46.796
      8.150     56.629   -101.279    -34.248   -221.190    110.984    -46.708
      8.151     56.408   -101.168    -34.295   -221.325    111.234    -46.621
      8.152     56.187   -101.057    -34.341   -221.461    111.484    -46.532
      8.153     55.965   -100.945    -34.388   -221.596    111.734    -46.443
      8.154     55.744   -100.833    -34.434   -221.731    111.985    -46.354
      8.155     55.522   -100.721    -34.480   -221.866    112.237    -46.265
      8.156     55.300   -100.609    -34.527   -222.002    112.490    -46.175
      8.157     55.078   -100.496    -34.573   -222.137    112.743    -46.084
      8.158     54.856   -100.383    -34.619   -222.272    112.997    -45.993
      8.159     54.633   -100.270    -34.665   -222.407    113.251    -45.902
      8.160     54.411   -100.157    -34.711   -222.542    113.506    -45.810
      8.161     54.188   -100.043    -34.756   -222.677    113.762    -45.718
      8.162     53.965    -99.929    -34.802   -222.812    114.019    -45.625
      8.163     53.742    -99.815    -34.848   -222.947    114.276    -45.532
      8.164     53.519    -99.701    -34.893   -223.082    114.534    -45.438
      8.165     53.296    -99.586    -34.938   -223.217    114.792    -45.344
      8.166     53.073    -99.471    -34.984   -223.352    115.051    -45.249
      8.167     52.850    -99.356    -35.029   -223.486    115.311    -45.154
      8.168     52.626    -99.241    -35.074   -223.621    115.572    -45.059
      8.169     52.402    -99.125    -35.119   -223.755    115.833    -44.963
      8.170     52.179    -99.009    -35.164   -223.890    116.095    -44.867
      8.171     51.955    -98.893    -35.209   -224.024    116.357    -44.770
      8.172     51.730    -98.776    -35.254   -224.159    116.620    -44.672
      8.173     51.506    -98.659    -35.298   -224.293    116.884    -44.574
      8.174     51.282    -98.542    -35.343   -224.427    117.149    -44.476
      8.175     51.057    -98.425    -35.387   -224.562    117.414    -44.377
      8.176     50.833    -98.308    -35.431   -224.696    117.680    -44.278
      8.177     50.608    -98.190    -35.476   -224.830    117.947    -44.178
      8.178     50.383    -98.072    -35.520   -224.964    118.214    -44.078
      8.179     50.158    -97.953    -35.564   -225.097    118.482    -43.977
      8.180     49.933    -97.835    -35.608   -225.231    118.751    -43.875
      8.181     49.708    -97.716    -35.652   -225.365    119.021    -43.774
      8.182     49.482    -97.597    -35.695   -225.498    119.291    -43.671
      8.183     49.257    -97.477    -35.739   -225.632    119.562    -43.568
      8.184     49.031    -97.358    -35.782   -225.765    119.834    -43.465
      8.185     48.805    -97.238    -35.826   -225.899    120.106    -43.361
      8.186     48.579    -97.117    -35.869   -226.032    120.379    -43.257
      8.187     48.353    -96.997    -35.912   -226.165    120.653    -43.152
      8.188     48.127    -96.876    -35.955   -226.298    120.928    -43.046
      8.189     47.900    -96.755    -35.998   -226.431    121.203    -42.940
      8.190     47.674    -96.634    -36.041   -226.564    121.479    -42.834
      8.191     47.447    -96.512    -36.084   -226.697    121.756    -42.727
      8.192     47.221    -96.390    -36.127   -226.829    122.033    -42.619
      8.193     46.994    -96.268    -36.169   -226.962    122.311    -42.511
      8.194     46.767    -96.145    -36.212   -227.094    122.590    -42.403
      8.195     46.539    -96.023    -36.254   -227.226    122.870    -42.294
      8.196     46.312    -95.900    -36.296   -227.358    123.150    -42.184
      8.197     46.085    -95.776    -36.339   -227.490    123.432    -42.074
      8.198     45.857    -95.653    -36.381   -227.622    123.713    -41.963
      8.199     45.630    -95.529    -36.422   -227.754    123.996    -41.852
      8.200     45.402    -95.405    -36.464   -227.885    124.280    -41.740
      8.201     45.174    -95.280    -36.506   -228.017    124.564    -41.627
      8.202     44.946    -95.156    -36.547   -228.148    124.849    -41.514
      8.203     44.717    -95.031    -36.589   -228.280    125.134    -41.401
      8.204     44.489    -94.905    -36.630   -228.411    125.421    -41.286
      8.205     44.261    -94.780    -36.672   -228.541    125.708    -41.172
      8.206     44.032    -94.654    -36.713   -228.672    125.996    -41.056
      8.207     43.803    -94.528    -36.754   -228.803    126.285    -40.940
      8.208     43.574    -94.401    -36.795   -228.933    126.575    -40.824
      8.209     43.345    -94.275    -36.835   -229.064    126.865    -40.707
      8.210     43.116    -94.148    -36.876   -229.194    127.156    -40.589
      8.211     42.887    -94.020    -36.916   -229.324    127.448    -40.471
      8.212     42.658    -93.893    -36.957   -229.453    127.741    -40.352
      8.213     42.428    -93.765    -36.997   -229.583    128.034    -40.233
      8.214     42.198    -93.637    -37.037   -229.713    128.328    -40.113
      8.215     41.969    -93.508    -37.077   -229.842    128.623    -39.992
      8.216     41.739    -93.380    -37.117   -229.971    128.919    -39.871
      8.217     41.509    -93.250    -37.157   -230.100    129.216    -39.749
      8.218     41.279    -93.121    -37.197   -230.229    129.513    -39.627
      8.219     41.048    -92.991    -37.236   -230.357    129.811    -39.504
      8.220     40.818    -92.861    -37.276   -230.486    130.110    -39.380
      8.221     40.587    -92.731    -37.315   -230.614    130.410    -39.256
      8.222     40.357    -92.601    -37.354   -230.742    130.711    -39.131
      8.223     40.126    -92.470    -37.393   -230.869    131.012    -39.005
      8.224     39.895    -92.339    -37.432   -230.997    131.315    -38.879
      8.225     39.664    -92.207    -37.471   -231.124    131.618    -38.752
      8.226     39.433    -92.075    -37.510   -231.252    131.922    -38.625
      8.227     39.201    -91.943    -37.548   -231.378    132.226    -38.496
      8.228     38.970    -91.811    -37.587   -231.505    132.532    -38.368
      8.229     38.738    -91.678    -37.625   -231.632    132.838    -38.238
      8.230     38.507    -91.545    -37.663   -231.758    133.145    -38.108
      8.231     38.275    -91.412    -37.701   -231.884    133.453    -37.977
      8.232     38.043    -91.278    -37.739   -232.010    133.762    -37.846
      8.233     37.811    -91.144    -37.777   -232.135    134.072    -37.714
      8.234     37.579    -91.010    -37.815   -232.261    134.383    -37.581
      8.235     37.346    -90.876    -37.852   -232.386    134.694    -37.448
      8.236     37.114    -90.741    -37.890   -232.510    135.006    -37.314
      8.237     36.881    -90.606    -37.927   -232.635    135.319    -37.179
      8.238     36.649    -90.470    -37.964   -232.759    135.633    -37.044
      8.239     36.416    -90.334    -38.001   -232.883    135.948    -36.907
      8.240     36.183    -90.198    -38.038   -233.007    136.263    -36.771
      8.241     35.950    -90.062    -38.074   -233.131    136.580    -36.633
      8.242     35.717    -89.925    -38.111   -233.254    136.897    -36.495
      8.243     35.483    -89.788    -38.147   -233.377    137.215    -36.356
      8.244     35.250    -89.651    -38.184   -233.500    137.534    -36.216
      8.245     35.016    -89.513    -38.220   -233.622    137.854    -36.076
      8.246     34.783    -89.375    -38.256   -233.744    138.175    -35.935
      8.247     34.549    -89.237    -38.292   -233.866    138.497    -35.793
      8.248     34.315    -89.098    -38.327   -233.987    138.819    -35.651
      8.249     34.081    -88.959    -38.363   -234.109    139.143    -35.507
      8.250     33.847    -88.820    -38.399   -234.229    139.467    -35.363
      8.251     33.612    -88.680    -38.434   -234.350    139.792    -35.219
      8.252     33.378    -88.540    -38.469   -234.470    140.118    -35.073
      8.253     33.143    -88.400    -38.504   -234.590    140.445    -34.927
      8.254     32.909    -88.259    -38.539   -234.710    140.773    -34.780
      8.255     32.674    -88.118    -38.574   -234.829    141.101    -34.633
      8.256     32.439    -87.977    -38.608   -234.948    141.431    -34.484
      8.257     32.204    -87.835    -38.642   -235.067    141.761    -34.335
      8.258     31.969    -87.694    -38.677   -235.185    142.093    -34.185
      8.259     31.734    -87.551    -38.711   -235.303    142.425    -34.034
      8.260     31.498    -87.409    -38.745   -235.420    142.758    -33.883
      8.261     31.263    -87.266    -38.779   -235.538    143.092    -33.731
      8.262     31.027    -87.122    -38.812   -235.654    143.427    -33.578
      8.263     30.792    -86.979    -38.846   -235.771    143.763    -33.424
      8.264     30.556    -86.835    -38.879   -235.887    144.100    -33.269
      8.265     30.320    -86.691    -38.912   -236.003    144.437    -33.114
      8.266     30.084    -86.546    -38.945   -236.118    144.776    -32.958
      8.267     29.848    -86.401    -38.978   -236.233    145.115    -32.801
      8.268     29.611    -86.256    -39.011   -236.347    145.456    -32.643
      8.269     29.375    -86.110    -39.043   -236.462    145.797    -32.484
      8.270     29.138    -85.964    -39.076   -236.575    146.140    -32.325
      8.271     28.902    -85.818    -39.108   -236.689    146.483    -32.165
      8.272     28.665    -85.671    -39.140   -236.802    146.827    -32.004
      8.273     28.428    -85.524    -39.172   -236.914    147.172    -31.842
      8.274     28.191    -85.377    -39.204   -237.026    147.518    -31.679
      8.275     27.954    -85.229    -39.236   -237.138    147.865    -31.515
      8.276     27.717    -85.081    -39.267   -237.249    148.213    -31.351
      8.277     27.480    -84.933    -39.298   -237.359    148.561    -31.186
      8.278     27.242    -84.784    -39.329   -237.470    148.911    -31.020
      8.279     27.005    -84.635    -39.360   -237.579    149.262    -30.853
      8.280     26.767    -84.486    -39.391   -237.689    149.613    -30.685
      8.281     26.529    -84.336    -39.422   -237.798    149.966    -30.516
      8.282     26.291    -84.186    -39.452   -237.906    150.319    -30.347
      8.283     26.053    -84.035    -39.482   -238.014    150.674    -30.177
      8.284     25.815    -83.884    -39.512   -238.121    151.029    -30.005
      8.285     25.577    -83.733    -39.542   -238.228    151.385    -29.833
      8.286     25.339    -83.582    -39.572   -238.335    151.743    -29.660
      8.287     25.100    -83.430    -39.602   -238.440    152.101    -29.486
      8.288     24.862    -83.277    -39.631   -238.546    152.460    -29.311
      8.289     24.623    -83.125    -39.660   -238.651    152.820    -29.136
      8.290     24.385    -82.972    -39.689   -238.755    153.181    -28.959
      8.291     24.146    -82.818    -39.718   -238.859    153.543    -28.782
      8.292     23.907    -82.665    -39.747   -238.962    153.906    -28.603
      8.293     23.668    -82.511    -39.775   -239.065    154.270    -28.424
      8.294     23.429    -82.356    -39.804   -239.167    154.635    -28.243
      8.295     23.190    -82.201    -39.832   -239.268    155.001    -28.062
      8.296     22.950    -82.046    -39.860   -239.369    155.368    -27.880
      8.297     22.711    -81.890    -39.888   -239.470    155.736    -27.697
      8.298     22.471    -81.735    -39.915   -239.569    156.105    -27.513
      8.299     22.232    -81.578    -39.943   -239.669    156.475    -27.328
      8.300     21.992    -81.422    -39.970   -239.767    156.846    -27.142
      8.301     21.752    -81.265    -39.997   -239.865    157.217    -26.955
      8.302     21.512    -81.107    -40.024   -239.963    157.590    -26.767
      8.303     21.272    -80.949    -40.050   -240.059    157.964    -26.579
      8.304     21.032    -80.791    -40.077   -240.156    158.339    -26.389
      8.305     20.792    -80.633    -40.103   -240.251    158.714    -26.198
      8.306     20.552    -80.474    -40.129   -240.346    159.091    -26.006
      8.307     20.311    -80.315    -40.155   -240.440    159.469    -25.814
      8.308     20.071    -80.155    -40.181   -240.534    159.847    -25.620
      8.309     19.830    -79.995    -40.207   -240.626    160.227    -25.425
      8.310     19.590    -79.834    -40.232   -240.719    160.608    -25.229
      8.311     19.349    -79.674    -40.257   -240.810    160.989    -25.033
      8.312     19.108    -79.512    -40.282   -240.901    161.372    -24.835
      8.313     18.867    -79.351    -40.307   -240.991    161.756    -24.636
      8.314     18.626    -79.189    -40.331   -241.080    162.140    -24.436
      8.315     18.385    -79.027    -40.356   -241.169    162.526    -24.236
      8.316     18.144    -78.864    -40.380   -241.257    162.912    -24.034
      8.317     17.902    -78.701    -40.404   -241.344    163.300    -23.831
      8.318     17.661    -78.537    -40.427   -241.431    163.689    -23.627
      8.319     17.419    -78.373    -40.451   -241.516    164.078    -23.422
      8.320     17.178    -78.209    -40.474   -241.601    164.469    -23.216
      8.321     16.936    -78.044    -40.497   -241.685    164.860    -23.009
      8.322     16.695    -77.879    -40.520   -241.769    165.253    -22.801
      8.323     16.453    -77.714    -40.543   -241.851    165.646    -22.591
      8.324     16.211    -77.548    -40.565   -241.933    166.041    -22.381
      8.325     15.969    -77.382    -40.588   -242.014    166.437    -22.170
      8.326     15.727    -77.215    -40.610   -242.094    166.833    -21.957
      8.327     15.485    -77.048    -40.632   -242.174    167.231    -21.744
      8.328     15.242    -76.881    -40.653   -242.252    167.629    -21.529
      8.329     15.000    -76.713    -40.675   -242.330    168.029    -21.313
      8.330     14.758    -76.545    -40.696   -242.407    168.430    -21.097
      8.331     14.515    -76.376    -40.717   -242.482    168.831    -20.879
      8.332     14.273    -76.207    -40.738   -242.557    169.234    -20.659
      8.333     14.030    -76.038    -40.758   -242.632    169.637    -20.439
      8.334     13.788    -75.868    -40.778   -242.705    170.042    -20.218
      8.335     13.545    -75.698    -40.799   -242.777    170.448    -19.995
      8.336     13.302    -75.527    -40.818   -242.849    170.854    -19.772
      8.337     13.059    -75.356    -40.838   -242.919    171.262    -19.547
      8.338     12.816    -75.184    -40.858   -242.989    171.670    -19.321
      8.339     12.573    -75.013    -40.877   -243.057    172.080    -19.094
      8.340     12.330    -74.840    -40.896   -243.125    172.490    -18.866
      8.341     12.087    -74.668    -40.914   -243.192    172.902    -18.637
      8.342     11.844    -74.494    -40.933   -243.257    173.315    -18.406
      8.343     11.600    -74.321    -40.951   -243.322    173.728    -18.174
      8.344     11.357    -74.147    -40.969   -243.386    174.143    -17.941
      8.345     11.114    -73.973    -40.987   -243.448    174.558    -17.707
      8.346     10.870    -73.798    -41.005   -243.510    174.975    -17.472
      8.347     10.627    -73.623    -41.022   -243.571    175.392    -17.235
      8.348     10.383    -73.447    -41.039   -243.630    175.811    -16.998
      8.349     10.139    -73.271    -41.056   -243.689    176.230    -16.759
      8.350      9.896    -73.095    -41.073   -243.746    176.651    -16.519
      8.351      9.652    -72.918    -41.089   -243.803    177.072    -16.277
      8.352      9.408    -72.740    -41.105   -243.858    177.495    -16.035
      8.353      9.164    -72.563    -41.121   -243.912    177.918    -15.791
      8.354      8.920    -72.385    -41.137   -243.965    178.343    -15.546
      8.355      8.676    -72.206    -41.152   -244.017    178.768    -15.300
      8.356      8.432    -72.027    -41.167   -244.068    179.195    -15.052
      8.357      8.188    -71.848    -41.182   -244.117    179.622    -14.804
      8.358      7.944    -71.668    -41.197   -244.166    180.050    -14.554
      8.359      7.700    -71.488    -41.211   -244.213    180.480    -14.302
      8.360      7.455    -71.307    -41.226   -244.259    180.910    -14.050
      8.361      7.211    -71.126    -41.240   -244.304    181.341    -13.796
      8.362      6.967    -70.944    -41.253   -244.348    181.774    -13.541
      8.363      6.723    -70.762    -41.267   -244.390    182.207    -13.285
      8.364      6.478    -70.580    -41.280   -244.431    182.641    -13.027
      8.365      6.234    -70.397    -41.293   -244.471    183.076    -12.768
      8.366      5.989    -70.214    -41.305   -244.510    183.512    -12.508
      8.367      5.745    -70.030    -41.318   -244.547    183.949    -12.246
      8.368      5.500    -69.846    -41.330   -244.584    184.387    -11.983
      8.369      5.255    -69.661    -41.342   -244.618    184.826    -11.719
      8.370      5.011    -69.476    -41.353   -244.652    185.266    -11.454
      8.371      4.766    -69.291    -41.365   -244.684    185.706    -11.187
      8.372      4.521    -69.105    -41.376   -244.715    186.148    -10.919
      8.373      4.277    -68.918    -41.386   -244.744    186.591    -10.649
      8.374      4.032    -68.731    -41.397   -244.772    187.034    -10.379
      8.375      3.787    -68.544    -41.407   -244.799    187.479    -10.107
      8.376      3.542    -68.357    -41.417   -244.824    187.924     -9.833
      8.377      3.298    -68.168    -41.427   -244.848    188.370     -9.558
      8.378      3.053    -67.980    -41.436   -244.870    188.818     -9.282
      8.379      2.808    -67.791    -41.445   -244.891    189.266     -9.005
      8.380      2.563    -67.601    -41.454   -244.911    189.715     -8.726
      8.381      2.318    -67.411    -41.463   -244.929    190.165     -8.445
      8.382      2.073    -67.221    -41.471   -244.945    190.615     -8.164
      8.383      1.828    -67.030    -41.479   -244.960    191.067     -7.881
      8.384      1.583    -66.839    -41.487   -244.974    191.520     -7.596
      8.385      1.338    -66.647    -41.494   -244.986    191.973     -7.311
      8.386      1.093    -66.455    -41.502   -244.996    192.427     -7.023
      8.387      0.848    -66.262    -41.508   -245.005    192.882     -6.735
      8.388      0.603    -66.069    -41.515   -245.012    193.338     -6.445
      8.389      0.358    -65.875    -41.521   -245.018    193.795     -6.153
      8.390      0.113    -65.681    -41.527   -245.022    194.253     -5.861
      8.391     -0.132    -65.487    -41.533   -245.025    194.711     -5.566
      8.392     -0.377    -65.292    -41.538   -245.025    195.171     -5.271
      8.393     -0.622    -65.097    -41.544   -245.025    195.631     -4.974
      8.394     -0.867    -64.901    -41.548   -245.022    196.092     -4.675
      8.395     -1.112    -64.704    -41.553   -245.018    196.553     -4.375
      8.396     -1.357    -64.508    -41.557   -245.012    197.016     -4.074
      8.397     -1.602    -64.310    -41.561   -245.004    197.479     -3.771
      8.398     -1.847    -64.113    -41.565   -244.995    197.943     -3.467
      8.399     -2.092    -63.915    -41.568   -244.984    198.408     -3.162
      8.400     -2.337    -63.716    -41.571   -244.971    198.874     -2.854
      8.401     -2.582    -63.517    -41.574   -244.956    199.341     -2.546
      8.402     -2.827    -63.317    -41.576   -244.940    199.808     -2.236
      8.403     -3.072    -63.117    -41.578   -244.922    200.276     -1.925
      8.404     -3.317    -62.917    -41.580   -244.901    200.744     -1.612
      8.405     -3.562    -62.716    -41.581   -244.880    201.214     -1.297
      8.406     -3.807    -62.514    -41.583   -244.856    201.684     -0.981
      8.407     -4.051    -62.312    -41.583   -244.830    202.155     -0.664
      8.408     -4.296    -62.110    -41.584   -244.802    202.626     -0.345
      8.409     -4.541    -61.907    -41.584   -244.773    203.098     -0.025
      8.410     -4.786    -61.704    -41.584   -244.741    203.571      0.297
      8.411     -5.030    -61.500    -41.583   -244.708    204.045      0.620
      8.412     -5.275    -61.296    -41.583   -244.673    204.519      0.945
      8.413     -5.520    -61.091    -41.582   -244.635    204.994      1.271
      8.414     -5.764    -60.886    -41.580   -244.596    205.469      1.598
      8.415     -6.009    -60.680    -41.578   -244.555    205.945      1.928
      8.416     -6.254    -60.474    -41.576   -244.511    206.422      2.258
      8.417     -6.498    -60.267    -41.574   -244.466    206.900      2.590
      8.418     -6.742    -60.060    -41.571   -244.418    207.377      2.924
      8.419     -6.987    -59.852    -41.568   -244.369    207.856      3.259
      8.420     -7.231    -59.644    -41.565   -244.317    208.335      3.596
      8.421     -7.475    -59.436    -41.561   -244.263    208.815      3.934
      8.422     -7.720    -59.227    -41.557   -244.207    209.295      4.273
      8.423     -7.964    -59.017    -41.552   -244.149    209.775      4.615
      8.424     -8.208    -58.807    -41.548   -244.089    210.257      4.957
      8.425     -8.452    -58.597    -41.542   -244.026    210.738      5.301
      8.426     -8.696    -58.386    -41.537   -243.962    211.221      5.647
      8.427     -8.940    -58.174    -41.531   -243.895    211.703      5.994
      8.428     -9.184    -57.962    -41.525   -243.826    212.186      6.343
      8.429     -9.428    -57.750    -41.518   -243.754    212.670      6.693
      8.430     -9.671    -57.537    -41.512   -243.680    213.154      7.045
      8.431     -9.915    -57.323    -41.504   -243.604    213.638      7.398
      8.432    -10.159    -57.110    -41.497   -243.526    214.123      7.752
      8.433    -10.402    -56.895    -41.489   -243.445    214.608      8.109
      8.434    -10.645    -56.680    -41.481   -243.362    215.094      8.466
      8.435    -10.889    -56.465    -41.472   -243.277    215.580      8.825
      8.436    -11.132    -56.249    -41.463   -243.189    216.066      9.186
      8.437    -11.375    -56.033    -41.454   -243.099    216.553      9.548
      8.438    -11.618    -55.816    -41.444   -243.007    217.040      9.912
      8.439    -11.861    -55.599    -41.434   -242.912    217.527     10.277
      8.440    -12.104    -55.381    -41.423   -242.814    218.015     10.644
      8.441    -12.347    -55.163    -41.412   -242.714    218.502     11.012
      8.442    -12.589    -54.944    -41.401   -242.612    218.990     11.382
      8.443    -12.832    -54.725    -41.390   -242.507    219.479     11.753
      8.444    -13.074    -54.505    -41.378   -242.399    219.967     12.126
      8.445    -13.317    -54.285    -41.365   -242.289    220.456     12.500
      8.446    -13.559    -54.064    -41.353   -242.177    220.944     12.876
      8.447    -13.801    -53.843    -41.340   -242.062    221.433     13.253
      8.448    -14.043    -53.621    -41.326   -241.944    221.922     13.631
      8.449    -14.285    -53.399    -41.312   -241.824    222.412     14.012
      8.450    -14.527    -53.176    -41.298   -241.701    222.901     14.393
      8.451    -14.768    -52.953    -41.284   -241.575    223.390     14.776
      8.452    -15.010    -52.730    -41.269   -241.447    223.880     15.161
      8.453    -15.251    -52.506    -41.253   -241.316    224.369     15.547
      8.454    -15.493    -52.281    -41.238   -241.182    224.858     15.934
      8.455    -15.734    -52.056    -41.221   -241.045    225.348     16.323
      8.456    -15.975    -51.830    -41.205   -240.906    225.837     16.714
      8.457    -16.216    -51.604    -41.188   -240.764    226.327     17.105
      8.458    -16.456    -51.378    -41.171   -240.620    226.816     17.499
      8.459    -16.697    -51.151    -41.153   -240.472    227.305     17.893
      8.460    -16.937    -50.923    -41.135   -240.322    227.794     18.289
      8.461    -17.177    -50.695    -41.116   -240.169    228.283     18.687
      8.462    -17.417    -50.466    -41.097   -240.013    228.772     19.086
      8.463    -17.657    -50.237    -41.078   -239.854    229.260     19.486
      8.464    -17.897    -50.008    -41.059   -239.693    229.749     19.888
      8.465    -18.137    -49.778    -41.038   -239.528    230.237     20.291
      8.466    -18.376    -49.547    -41.018   -239.361    230.725     20.696
      8.467    -18.616    -49.316    -40.997   -239.191    231.212     21.102
      8.468    -18.855    -49.085    -40.976   -239.017    231.700     21.509
      8.469    -19.094    -48.853    -40.954   -238.841    232.187     21.918
      8.470    -19.332    -48.621    -40.932   -238.662    232.673     22.328
      8.471    -19.571    -48.388    -40.909   -238.480    233.160     22.740
      8.472    -19.809    -48.154    -40.886   -238.295    233.645     23.153
      8.473    -20.047    -47.920    -40.863   -238.107    234.131     23.567
      8.474    -20.285    -47.686    -40.839   -237.916    234.616     23.982
      8.475    -20.523    -47.451    -40.815   -237.721    235.100     24.399
      8.476    -20.761    -47.216    -40.790   -237.524    235.584     24.817
      8.477    -20.998    -46.980    -40.765   -237.324    236.068     25.237
      8.478    -21.236    -46.744    -40.740   -237.121    236.551     25.658
      8.479    -21.473    -46.507    -40.714   -236.914    237.033     26.080
      8.480    -21.709    -46.270    -40.688   -236.705    237.515     26.503
      8.481    -21.946    -46.032    -40.661   -236.492    237.996     26.927
      8.482    -22.182    -45.794    -40.634   -236.276    238.476     27.353
      8.483    -22.419    -45.555    -40.606   -236.058    238.956     27.780
      8.484    -22.654    -45.316    -40.578   -235.835    239.435     28.209
      8.485    -22.890    -45.076    -40.550   -235.610    239.913     28.638
      8.486    -23.126    -44.836    -40.521   -235.382    240.390     29.069
      8.487    -23.361    -44.595    -40.492   -235.150    240.867     29.501
      8.488    -23.596    -44.354    -40.462   -234.916    241.343     29.934
      8.489    -23.831    -44.113    -40.432   -234.678    241.818     30.368
      8.490    -24.065    -43.871    -40.401   -234.437    242.292     30.803
      8.491    -24.300    -43.628    -40.370   -234.192    242.765     31.240
      8.492    -24.534    -43.385    -40.339   -233.944    243.237     31.677
      8.493    -24.768    -43.142    -40.307   -233.694    243.708     32.116
      8.494    -25.001    -42.898    -40.275   -233.439    244.178     32.556
      8.495    -25.234    -42.653    -40.242   -233.182    244.647     32.997
      8.496    -25.467    -42.408    -40.209   -232.921    245.115     33.439
      8.497    -25.700    -42.163    -40.175   -232.657    245.582     33.882
      8.498    -25.933    -41.917    -40.141   -232.390    246.048     34.326
      8.499    -26.165    -41.671    -40.106   -232.120    246.513     34.771
      8.500    -26.397    -41.424    -40.071   -231.846    246.976     35.218
      8.501    -26.629    -41.177    -40.036   -231.569    247.438     35.665
      8.502    -26.860    -40.929    -40.000   -231.288    247.899     36.113
      8.503    -27.091    -40.681    -39.964   -231.004    248.359     36.562
      8.504    -27.322    -40.433    -39.927   -230.717    248.817     37.012
      8.505    -27.553    -40.183    -39.890   -230.427    249.274     37.463
      8.506    -27.783    -39.934    -39.852   -230.133    249.730     37.915
      8.507    -28.013    -39.684    -39.814   -229.836    250.184     38.367
      8.508    -28.243    -39.434    -39.775   -229.535    250.637     38.821
      8.509    -28.472    -39.183    -39.736   -229.232    251.088     39.275
      8.510    -28.701    -38.931    -39.697   -228.924    251.537     39.730
      8.511    -28.930    -38.680    -39.657   -228.614    251.986     40.186
      8.512    -29.158    -38.427    -39.616   -228.300    252.432     40.643
      8.513    -29.387    -38.175    -39.575   -227.983    252.877     41.101
      8.514    -29.614    -37.922    -39.534   -227.662    253.320     41.559
      8.515    -29.842    -37.668    -39.492   -227.338    253.762     42.018
      8.516    -30.069    -37.414    -39.450   -227.011    254.202     42.478
      8.517    -30.296    -37.160    -39.407   -226.680    254.640     42.939
      8.518    -30.522    -36.905    -39.364   -226.346    255.076     43.400
      8.519    -30.749    -36.650    -39.321   -226.008    255.511     43.861
      8.520    -30.974    -36.394    -39.277   -225.667    255.944     44.324
      8.521    -31.200    -36.138    -39.232   -225.323    256.375     44.787
      8.522    -31.425    -35.881    -39.187   -224.976    256.804     45.250
      8.523    -31.650    -35.624    -39.141   -224.625    257.231     45.715
      8.524    -31.874    -35.367    -39.096   -224.270    257.656     46.179
      8.525    -32.098    -35.109    -39.049   -223.913    258.079     46.645
      8.526    -32.322    -34.851    -39.002   -223.552    258.500     47.110
      8.527    -32.545    -34.592    -38.955   -223.187    258.919     47.576
      8.528    -32.768    -34.333    -38.907   -222.820    259.336     48.043
      8.529    -32.991    -34.073    -38.859   -222.449    259.750     48.510
      8.530    -33.213    -33.813    -38.810   -222.074    260.163     48.977
      8.531    -33.435    -33.553    -38.761   -221.697    260.573     49.445
      8.532    -33.657    -33.292    -38.711   -221.316    260.982     49.913
      8.533    -33.878    -33.031    -38.661   -220.931    261.387     50.382
      8.534    -34.099    -32.769    -38.610   -220.544    261.791     50.850
      8.535    -34.319    -32.507    -38.559   -220.153    262.192     51.319
      8.536    -34.539    -32.245    -38.508   -219.759    262.591     51.789
      8.537    -34.759    -31.982    -38.456   -219.361    262.988     52.258
      8.538    -34.978    -31.719    -38.403   -218.961    263.382     52.728
      8.539    -35.196    -31.455    -38.350   -218.557    263.774     53.198
      8.540    -35.415    -31.191    -38.297   -218.150    264.163     53.668
      8.541    -35.633    -30.927    -38.243   -217.739    264.550     54.138
      8.542    -35.850    -30.662    -38.189   -217.326    264.934     54.608
      8.543    -36.067    -30.397    -38.134   -216.909    265.315     55.078
      8.544    -36.284    -30.132    -38.078   -216.489    265.694     55.548
      8.545    -36.500    -29.866    -38.023   -216.066    266.071     56.019
      8.546    -36.716    -29.600    -37.966   -215.639    266.444     56.489
      8.547    -36.932    -29.333    -37.910   -215.210    266.815     56.959
      8.548    -37.147    -29.066    -37.852   -214.777    267.184     57.429
      8.549    -37.361    -28.799    -37.795   -214.342    267.549     57.899
      8.550    -37.575    -28.531    -37.737   -213.903    267.912     58.369
      8.551    -37.789    -28.263    -37.678   -213.461    268.272     58.839
      8.552    -38.002    -27.994    -37.619   -213.016    268.630     59.309
      8.553    -38.215    -27.725    -37.559   -212.568    268.984     59.778
      8.554    -38.427    -27.456    -37.499   -212.117    269.335     60.248
      8.555    -38.639    -27.187    -37.439   -211.663    269.684     60.716
      8.556    -38.851    -26.917    -37.378   -211.206    270.030     61.185
      8.557    -39.062    -26.647    -37.317   -210.746    270.372     61.653
      8.558    -39.272    -26.376    -37.255   -210.283    270.712     62.121
      8.559    -39.482    -26.105    -37.192   -209.817    271.049     62.589
      8.560    -39.692    -25.834    -37.130   -209.348    271.382     63.056
      8.561    -39.901    -25.563    -37.066   -208.877    271.713     63.523
      8.562    -40.110    -25.291    -37.002   -208.402    272.040     63.989
      8.563    -40.318    -25.018    -36.938   -207.925    272.365     64.455
      8.564    -40.525    -24.746    -36.874   -207.445    272.686     64.921
      8.565    -40.733    -24.473    -36.808   -206.962    273.004     65.386
      8.566    -40.939    -24.200    -36.743   -206.476    273.319     65.850
      8.567    -41.146    -23.926    -36.677   -205.988    273.631     66.313
      8.568    -41.351    -23.653    -36.610   -205.496    273.940     66.776
      8.569    -41.557    -23.379    -36.543   -205.003    274.245     67.239
      8.570    -41.761    -23.104    -36.476   -204.506    274.547     67.701
      8.571    -41.966    -22.829    -36.408   -204.007    274.846     68.162
      8.572    -42.169    -22.554    -36.339   -203.505    275.141     68.622
      8.573    -42.373    -22.279    -36.271   -203.001    275.434     69.082
      8.574    -42.575    -22.004    -36.201   -202.494    275.722     69.540
      8.575    -42.778    -21.728    -36.131   -201.984    276.008     69.998
      8.576    -42.979    -21.452    -36.061   -201.472    276.290     70.455
      8.577    -43.180    -21.175    -35.991   -200.958    276.569     70.912
      8.578    -43.381    -20.898    -35.919   -200.441    276.844     71.367
      8.579    -43.581    -20.621    -35.848   -199.922    277.116     71.821
      8.580    -43.781    -20.344    -35.776   -199.400    277.384     72.275
      8.581    -43.980    -20.067    -35.703   -198.876    277.650     72.728
      8.582    -44.179    -19.789    -35.630   -198.350    277.911     73.179
      8.583    -44.377    -19.511    -35.557   -197.822    278.169     73.630
      8.584    -44.574    -19.233    -35.483   -197.291    278.424     74.079
      8.585    -44.771    -18.954    -35.409   -196.758    278.675     74.527
      8.586    -44.968    -18.675    -35.334   -196.223    278.922     74.975
      8.587    -45.164    -18.396    -35.259   -195.685    279.166     75.421
      8.588    -45.359    -18.117    -35.183   -195.146    279.407     75.866
      8.589    -45.554    -17.837    -35.107   -194.604    279.644     76.310
      8.590    -45.749    -17.558    -35.031   -194.060    279.877     76.753
      8.591    -45.942    -17.278    -34.954   -193.515    280.107     77.194
      8.592    -46.136    -16.997    -34.876   -192.967    280.333     77.634
      8.593    -46.328    -16.717    -34.798   -192.417    280.556     78.073
      8.594    -46.520    -16.436    -34.720   -191.866    280.775     78.511
      8.595    -46.712    -16.155    -34.641   -191.312    280.990     78.947
      8.596    -46.903    -15.874    -34.562   -190.757    281.202     79.382
      8.597    -47.093    -15.593    -34.482   -190.200    281.410     79.816
      8.598    -47.283    -15.312    -34.402   -189.641    281.615     80.248
      8.599    -47.473    -15.030    -34.322   -189.080    281.816     80.679
      8.600    -47.662    -14.748    -34.241   -188.518    282.013     81.108
      8.601    -47.850    -14.466    -34.160   -187.954    282.207     81.536
      8.602    -48.037    -14.183    -34.078   -187.388    282.397     81.962
      8.603    -48.225    -13.901    -33.996   -186.821    282.583     82.387
      8.604    -48.411    -13.618    -33.913   -186.252    282.766     82.811
      8.605    -48.597    -13.335    -33.830   -185.681    282.945     83.233
      8.606    -48.782    -13.052    -33.747   -185.109    283.120     83.653
      8.607    -48.967    -12.769    -33.663   -184.536    283.292     84.072
      8.608    -49.152    -12.486    -33.579   -183.961    283.460     84.489
      8.609    -49.335    -12.202    -33.494   -183.385    283.624     84.905
      8.610    -49.518    -11.919    -33.409   -182.807    283.785     85.318
      8.611    -49.701    -11.635    -33.323   -182.229    283.942     85.731
      8.612    -49.883    -11.351    -33.237   -181.648    284.096     86.141
      8.613    -50.064    -11.067    -33.151   -181.067    284.245     86.550
      8.614    -50.245    -10.782    -33.064   -180.484    284.392     86.957
      8.615    -50.425    -10.498    -32.977   -179.901    284.534     87.363
      8.616    -50.605    -10.213    -32.890   -179.316    284.673     87.767
      8.617    -50.784     -9.928    -32.802   -178.730    284.808     88.168
      8.618    -50.962     -9.644    -32.713   -178.142    284.940     88.569
      8.619    -51.140     -9.359    -32.624   -177.554    285.068     88.967
      8.620    -51.317     -9.073    -32.535   -176.965    285.192     89.364
      8.621    -51.494     -8.788    -32.446   -176.375    285.313     89.758
      8.622    -51.670     -8.503    -32.356   -175.784    285.430     90.151
      8.623    -51.846     -8.217    -32.265   -175.192    285.543     90.542
      8.624    -52.020     -7.932    -32.175   -174.600    285.653     90.931
      8.625    -52.195     -7.646    -32.084   -174.006    285.760     91.319
      8.626    -52.368     -7.360    -31.992   -173.412    285.863     91.704
      8.627    -52.542     -7.074    -31.900   -172.817    285.962     92.087
      8.628    -52.714     -6.788    -31.808   -172.221    286.057     92.469
      8.629    -52.886     -6.502    -31.715   -171.625    286.150     92.849
      8.630    -53.057     -6.216    -31.622   -171.028    286.238     93.226
      8.631    -53.228     -5.930    -31.529   -170.430    286.323     93.602
      8.632    -53.398     -5.643    -31.435   -169.832    286.405     93.976
      8.633    -53.568     -5.357    -31.341   -169.233    286.483     94.347
      8.634    -53.737     -5.070    -31.246   -168.634    286.557     94.717
      8.635    -53.905     -4.784    -31.151   -168.034    286.628     95.085
      8.636    -54.073     -4.497    -31.056   -167.434    286.696     95.450
      8.637    -54.240     -4.210    -30.960   -166.834    286.760     95.814
      8.638    -54.406     -3.924    -30.864   -166.233    286.821     96.176
      8.639    -54.572     -3.637    -30.768   -165.632    286.878     96.535
      8.640    -54.738     -3.350    -30.671   -165.030    286.932     96.893
      8.641    -54.902     -3.063    -30.574   -164.429    286.982     97.248
      8.642    -55.066     -2.776    -30.477   -163.827    287.029     97.602
      8.643    -55.230     -2.489    -30.379   -163.225    287.073     97.953
      8.644    -55.393     -2.202    -30.281   -162.622    287.113     98.302
      8.645    -55.555     -1.915    -30.183   -162.020    287.151     98.649
      8.646    -55.717     -1.627    -30.084   -161.417    287.184     98.994
      8.647    -55.878     -1.340    -29.985   -160.815    287.215     99.337
      8.648    -56.039     -1.053    -29.885   -160.212    287.242     99.678
      8.649    -56.199     -0.766    -29.785   -159.610    287.266    100.017
      8.650    -56.358     -0.478    -29.685   -159.007    287.286    100.353
      8.651    -56.517     -0.191    -29.584   -158.405    287.304    100.688
      8.652    -56.675      0.096    -29.484   -157.803    287.318    101.020
      8.653    -56.832      0.383    -29.382   -157.200    287.329    101.350
      8.654    -56.989      0.671    -29.281   -156.598    287.337    101.678
      8.655    -57.145      0.958    -29.179   -155.997    287.341    102.004
      8.656    -57.301      1.245    -29.077   -155.395    287.343    102.328
      8.657    -57.456      1.533    -28.974   -154.794    287.341    102.649
      8.658    -57.611      1.820    -28.872   -154.192    287.337    102.969
      8.659    -57.765      2.108    -28.769   -153.592    287.329    103.286
      8.660    -57.918      2.395    -28.665   -152.991    287.318    103.601
      8.661    -58.070      2.682    -28.561   -152.391    287.304    103.914
      8.662    -58.223      2.969    -28.457   -151.791    287.287    104.225
      8.663    -58.374      3.257    -28.353   -151.192    287.267    104.533
      8.664    -58.525      3.544    -28.248   -150.593    287.245    104.840
      8.665    -58.675      3.831    -28.143   -149.995    287.219    105.144
      8.666    -58.825      4.118    -28.038   -149.397    287.190    105.446
      8.667    -58.974      4.406    -27.932   -148.799    287.158    105.746
      8.668    -59.123      4.693    -27.826   -148.203    287.124    106.044
      8.669    -59.270      4.980    -27.720   -147.606    287.086    106.339
      8.670    -59.418      5.267    -27.614   -147.011    287.046    106.633
      8.671    -59.564      5.554    -27.507   -146.416    287.003    106.924
      8.672    -59.711      5.841    -27.400   -145.821    286.957    107.213
      8.673    -59.856      6.128    -27.293   -145.228    286.909    107.500
      8.674    -60.001      6.415    -27.185   -144.635    286.857    107.785
      8.675    -60.145      6.702    -27.077   -144.042    286.803    108.068
      8.676    -60.289      6.988    -26.969   -143.451    286.746    108.348
      8.677    -60.432      7.275    -26.860   -142.860    286.687    108.626
      8.678    -60.575      7.562    -26.751   -142.270    286.624    108.903
      8.679    -60.717      7.848    -26.642   -141.681    286.559    109.177
      8.680    -60.858      8.135    -26.533   -141.092    286.492    109.449
      8.681    -60.999      8.421    -26.424   -140.505    286.422    109.718
      8.682    -61.139      8.708    -26.314   -139.918    286.349    109.986
      8.683    -61.279      8.994    -26.204   -139.332    286.274    110.251
      8.684    -61.418      9.280    -26.093   -138.747    286.196    110.515
      8.685    -61.556      9.566    -25.983   -138.163    286.116    110.776
      8.686    -61.694      9.852    -25.872   -137.580    286.033    111.035
      8.687    -61.832     10.138    -25.760   -136.998    285.948    111.292
      8.688    -61.968     10.424    -25.649   -136.417    285.860    111.547
      8.689    -62.104     10.710    -25.537   -135.837    285.770    111.800
      8.690    -62.240     10.996    -25.425   -135.258    285.678    112.050
      8.691    -62.375     11.281    -25.313   -134.680    285.583    112.299
      8.692    -62.509     11.567    -25.201   -134.103    285.486    112.545
      8.693    -62.643     11.852    -25.088   -133.527    285.386    112.790
      8.694    -62.776     12.138    -24.975   -132.953    285.284    113.032
      8.695    -62.909     12.423    -24.862   -132.379    285.180    113.272
      8.696    -63.041     12.708    -24.749   -131.807    285.074    113.510
      8.697    -63.173     12.993    -24.635   -131.235    284.966    113.746
      8.698    -63.304     13.278    -24.521   -130.665    284.855    113.980
      8.699    -63.434     13.563    -24.407   -130.096    284.742    114.212
      8.700    -63.564     13.848    -24.293   -129.528    284.627    114.442
      8.701    -63.693     14.132    -24.178   -128.961    284.509    114.670
      8.702    -63.822     14.417    -24.063   -128.396    284.390    114.896
      8.703    -63.950     14.701    -23.948   -127.832    284.269    115.120
      8.704    -64.077     14.985    -23.833   -127.269    284.145    115.342
      8.705    -64.204     15.269    -23.718   -126.707    284.019    115.562
      8.706    -64.331     15.553    -23.602   -126.147    283.892    115.780
      8.707    -64.457     15.837    -23.486   -125.587    283.762    115.996
      8.708    -64.582     16.121    -23.370   -125.030    283.631    116.209
      8.709    -64.707     16.404    -23.254   -124.473    283.497    116.421
      8.710    -64.831     16.688    -23.137   -123.918    283.361    116.631
      8.711    -64.954     16.971    -23.021   -123.364    283.224    116.839
      8.712    -65.078     17.254    -22.904   -122.811    283.085    117.045
      8.713    -65.200     17.537    -22.786   -122.260    282.944    117.249
      8.714    -65.322     17.820    -22.669   -121.710    282.801    117.452
      8.715    -65.444     18.103    -22.552   -121.162    282.656    117.652
      8.716    -65.564     18.385    -22.434   -120.615    282.509    117.850
      8.717    -65.685     18.668    -22.316   -120.069    282.361    118.047
      8.718    -65.805     18.950    -22.198   -119.525    282.210    118.241
      8.719    -65.924     19.232    -22.079   -118.982    282.059    118.434
      8.720    -66.043     19.514    -21.961   -118.440    281.905    118.625
      8.721    -66.161     19.796    -21.842   -117.900    281.749    118.814
      8.722    -66.278     20.078    -21.723   -117.362    281.592    119.001
      8.723    -66.395     20.359    -21.604   -116.825    281.434    119.186
      8.724    -66.512     20.641    -21.485   -116.289    281.273    119.369
      8.725    -66.628     20.922    -21.365   -115.755    281.112    119.551
      8.726    -66.743     21.203    -21.246   -115.222    280.948    119.731
      8.727    -66.858     21.484    -21.126   -114.691    280.783    119.908
      8.728    -66.973     21.764    -21.006   -114.161    280.616    120.084
      8.729    -67.087     22.045    -20.886   -113.633    280.448    120.259
      8.730    -67.200     22.325    -20.765   -113.106    280.278    120.431
      8.731    -67.313     22.605    -20.645   -112.580    280.107    120.602
      8.732    -67.425     22.885    -20.524   -112.057    279.935    120.771
      8.733    -67.537     23.165    -20.403   -111.534    279.760    120.938
      8.734    -67.648     23.445    -20.282   -111.014    279.585    121.104
      8.735    -67.759     23.724    -20.161   -110.494    279.408    121.267
      8.736    -67.869     24.004    -20.040   -109.977    279.230    121.429
      8.737    -67.979     24.283    -19.918   -109.460    279.050    121.590
      8.738    -68.088     24.562    -19.797   -108.946    278.869    121.748
      8.739    -68.197     24.841    -19.675   -108.433    278.686    121.905
      8.740    -68.305     25.119    -19.553   -107.921    278.503    122.060
      8.741    -68.413     25.398    -19.431   -107.411    278.318    122.214
      8.742    -68.520     25.676    -19.308   -106.903    278.131    122.366
      8.743    -68.627     25.954    -19.186   -106.396    277.944    122.516
      8.744    -68.733     26.232    -19.063   -105.891    277.755    122.665
      8.745    -68.838     26.509    -18.941   -105.387    277.565    122.812
      8.746    -68.944     26.787    -18.818   -104.885    277.374    122.957
      8.747    -69.048     27.064    -18.695   -104.384    277.181    123.101
      8.748    -69.152     27.341    -18.572   -103.885    276.988    123.243
      8.749    -69.256     27.618    -18.448   -103.388    276.793    123.383
      8.750    -69.359     27.895    -18.325   -102.892    276.597    123.522
      8.751    -69.462     28.171    -18.201   -102.397    276.400    123.659
      8.752    -69.564     28.448    -18.077   -101.905    276.202    123.795
      8.753    -69.666     28.724    -17.954   -101.414    276.003    123.929
      8.754    -69.767     29.000    -17.830   -100.924    275.802    124.062
      8.755    -69.867     29.275    -17.705   -100.436    275.601    124.193
      8.756    -69.968     29.551    -17.581    -99.950    275.399    124.323
      8.757    -70.067     29.826    -17.457    -99.465    275.195    124.451
      8.758    -70.167     30.101    -17.332    -98.982    274.991    124.577
      8.759    -70.265     30.376    -17.208    -98.500    274.786    124.703
      8.760    -70.364     30.651    -17.083    -98.020    274.579    124.826
      8.761    -70.461     30.925    -16.958    -97.542    274.372    124.948
      8.762    -70.559     31.200    -16.833    -97.065    274.164    125.069
      8.763    -70.655     31.474    -16.708    -96.590    273.955    125.188
      8.764    -70.752     31.747    -16.583    -96.116    273.745    125.306
      8.765    -70.848     32.021    -16.457    -95.644    273.534    125.422
      8.766    -70.943     32.295    -16.332    -95.174    273.322    125.537
      8.767    -71.038     32.568    -16.206    -94.705    273.109    125.651
      8.768    -71.132     32.841    -16.080    -94.238    272.896    125.763
      8.769    -71.226     33.114    -15.955    -93.772    272.681    125.873
      8.770    -71.320     33.386    -15.829    -93.308    272.466    125.983
      8.771    -71.413     33.658    -15.703    -92.846    272.250    126.090
      8.772    -71.506     33.931    -15.577    -92.385    272.033    126.197
      8.773    -71.598     34.203    -15.450    -91.926    271.816    126.302
      8.774    -71.690     34.474    -15.324    -91.468    271.597    126.406
      8.775    -71.781     34.746    -15.198    -91.012    271.378    126.509
      8.776    -71.872     35.017    -15.071    -90.557    271.159    126.610
      8.777    -71.962     35.288    -14.944    -90.105    270.938    126.710
      8.778    -72.052     35.559    -14.818    -89.653    270.717    126.808
      8.779    -72.141     35.829    -14.691    -89.203    270.495    126.905
      8.780    -72.230     36.100    -14.564    -88.755    270.272    127.001
      8.781    -72.319     36.370    -14.437    -88.309    270.049    127.096
      8.782    -72.407     36.640    -14.310    -87.864    269.825    127.189
      8.783    -72.494     36.910    -14.182    -87.420    269.600    127.282
      8.784    -72.582     37.179    -14.055    -86.979    269.375    127.372
      8.785    -72.668     37.448    -13.928    -86.538    269.149    127.462
      8.786    -72.755     37.717    -13.800    -86.100    268.923    127.550
      8.787    -72.841     37.986    -13.672    -85.662    268.696    127.638
      8.788    -72.926     38.255    -13.545    -85.227    268.468    127.724
      8.789    -73.011     38.523    -13.417    -84.793    268.240    127.808
      8.790    -73.096     38.791    -13.289    -84.360    268.012    127.892
      8.791    -73.180     39.059    -13.161    -83.929    267.782    127.974
      8.792    -73.264     39.327    -13.033    -83.500    267.553    128.055
      8.793    -73.347     39.594    -12.905    -83.072    267.322    128.135
      8.794    -73.430     39.862    -12.777    -82.646    267.091    128.214
      8.795    -73.512     40.128    -12.649    -82.221    266.860    128.292
      8.796    -73.594     40.395    -12.520    -81.798    266.628    128.369
      8.797    -73.676     40.662    -12.392    -81.377    266.396    128.444
      8.798    -73.757     40.928    -12.263    -80.957    266.163    128.518
      8.799    -73.838     41.194    -12.135    -80.538    265.930    128.591
      8.800    -73.918     41.460    -12.006    -80.121    265.696    128.664
      8.801    -73.998     41.725    -11.878    -79.705    265.462    128.734
      8.802    -74.077     41.991    -11.749    -79.291    265.228    128.804
      8.803    -74.156     42.256    -11.620    -78.879    264.993    128.873
      8.804    -74.235     42.521    -11.491    -78.468    264.757    128.941
      8.805    -74.313     42.785    -11.362    -78.059    264.522    129.007
      8.806    -74.391     43.050    -11.233    -77.651    264.285    129.073
      8.807    -74.469     43.314    -11.104    -77.244    264.049    129.138
      8.808    -74.546     43.578    -10.975    -76.839    263.812    129.201
      8.809    -74.622     43.842    -10.846    -76.436    263.575    129.264
      8.810    -74.699     44.105    -10.716    -76.034    263.337    129.325
      8.811    -74.774     44.368    -10.587    -75.634    263.099    129.385
      8.812    -74.850     44.631    -10.457    -75.235    262.861    129.445
      8.813    -74.925     44.894    -10.328    -74.837    262.622    129.503
      8.814    -75.000     45.157    -10.198    -74.441    262.384    129.561
      8.815    -75.074     45.419    -10.069    -74.047    262.144    129.617
      8.816    -75.148     45.681     -9.939    -73.653    261.905    129.672
      8.817    -75.221     45.943     -9.810    -73.262    261.665    129.727
      8.818    -75.294     46.204     -9.680    -72.872    261.425    129.780
      8.819    -75.367     46.465     -9.550    -72.483    261.185    129.833
      8.820    -75.439     46.727     -9.420    -72.096    260.944    129.885
      8.821    -75.511     46.987     -9.290    -71.710    260.703    129.935
      8.822    -75.583     47.248     -9.160    -71.326    260.462    129.985
      8.823    -75.654     47.508     -9.030    -70.943    260.221    130.034
      8.824    -75.724     47.768     -8.900    -70.561    259.980    130.082
      8.825    -75.795     48.028     -8.770    -70.181    259.738    130.129
      8.826    -75.865     48.288     -8.640    -69.803    259.496    130.175
      8.827    -75.934     48.547     -8.510    -69.425    259.254    130.220
      8.828    -76.004     48.806     -8.379    -69.050    259.011    130.264
      8.829    -76.072     49.065     -8.249    -68.675    258.769    130.308
      8.830    -76.141     49.324     -8.119    -68.302    258.526    130.350
      8.831    -76.209     49.582     -7.989    -67.931    258.283    130.392
      8.832    -76.277     49.840     -7.858    -67.560    258.040    130.433
      8.833    -76.344     50.098     -7.728    -67.192    257.797    130.473
      8.834    -76.411     50.356     -7.597    -66.824    257.553    130.512
      8.835    -76.478     50.613     -7.467    -66.458    257.310    130.550
      8.836    -76.544     50.871     -7.336    -66.094    257.066    130.587
      8.837    -76.610     51.128     -7.205    -65.730    256.822    130.624
      8.838    -76.676     51.384     -7.075    -65.369    256.579    130.660
      8.839    -76.741     51.641     -6.944    -65.008    256.334    130.695
      8.840    -76.806     51.897     -6.813    -64.649    256.090    130.729
      8.841    -76.870     52.153     -6.683    -64.291    255.846    130.762
      8.842    -76.934     52.409     -6.552    -63.935    255.602    130.795
      8.843    -76.998     52.664     -6.421    -63.580    255.357    130.827
      8.844    -77.061     52.919     -6.290    -63.226    255.113    130.858
      8.845    -77.124     53.174     -6.159    -62.873    254.868    130.888
      8.846    -77.187     53.429     -6.028    -62.522    254.623    130.917
      8.847    -77.249     53.684     -5.898    -62.173    254.378    130.946
      8.848    -77.311     53.938     -5.767    -61.824    254.134    130.974
      8.849    -77.373     54.192     -5.636    -61.477    253.889    131.001
      8.850    -77.434     54.446     -5.505    -61.131    253.644    131.028
      8.851    -77.495     54.699     -5.374    -60.787    253.399    131.054
      8.852    -77.556     54.952     -5.242    -60.443    253.154    131.079
      8.853    -77.616     55.205     -5.111    -60.102    252.908    131.103
      8.854    -77.676     55.458     -4.980    -59.761    252.663    131.127
      8.855    -77.736     55.711     -4.849    -59.422    252.418    131.149
      8.856    -77.795     55.963     -4.718    -59.084    252.173    131.172
      8.857    -77.854     56.215     -4.587    -58.747    251.928    131.193
      8.858    -77.913     56.467     -4.456    -58.411    251.682    131.214
      8.859    -77.971     56.719     -4.324    -58.077    251.437    131.234
      8.860    -78.029     56.970     -4.193    -57.744    251.192    131.253
      8.861    -78.086     57.221     -4.062    -57.412    250.947    131.272
      8.862    -78.144     57.472     -3.931    -57.082    250.702    131.290
      8.863    -78.200     57.722     -3.799    -56.753    250.456    131.308
      8.864    -78.257     57.973     -3.668    -56.425    250.211    131.324
      8.865    -78.313     58.223     -3.537    -56.098    249.966    131.340
      8.866    -78.369     58.473     -3.405    -55.773    249.721    131.356
      8.867    -78.425     58.722     -3.274    -55.448    249.476    131.370
      8.868    -78.480     58.972     -3.143    -55.125    249.231    131.385
      8.869    -78.535     59.221     -3.011    -54.804    248.986    131.398
      8.870    -78.590     59.469     -2.880    -54.483    248.741    131.411
      8.871    -78.644     59.718     -2.748    -54.164    248.496    131.423
      8.872    -78.698     59.966     -2.617    -53.846    248.251    131.435
      8.873    -78.752     60.215     -2.485    -53.529    248.006    131.446
      8.874    -78.805     60.462     -2.354    -53.213    247.761    131.456
      8.875    -78.858     60.710     -2.223    -52.898    247.516    131.466
      8.876    -78.911     60.958     -2.091    -52.585    247.272    131.475
      8.877    -78.963     61.205     -1.960    -52.273    247.027    131.483
      8.878    -79.015     61.452     -1.828    -51.962    246.783    131.491
      8.879    -79.067     61.698     -1.697    -51.652    246.538    131.498
      8.880    -79.119     61.945     -1.565    -51.343    246.294    131.505
      8.881    -79.170     62.191     -1.434    -51.036    246.050    131.511
      8.882    -79.221     62.437     -1.302    -50.729    245.805    131.517
      8.883    -79.271     62.682     -1.171    -50.424    245.561    131.521
      8.884    -79.322     62.928     -1.039    -50.120    245.317    131.525
      8.885    -79.372     63.173     -0.907    -49.817    245.074    131.529
      8.886    -79.421     63.418     -0.776    -49.515    244.830    131.532
      8.887    -79.471     63.663     -0.644    -49.215    244.586    131.534
      8.888    -79.520     63.907     -0.513    -48.915    244.343    131.535
      8.889    -79.569     64.151     -0.381    -48.617    244.099    131.536
      8.890    -79.617     64.395     -0.250    -48.320    243.856    131.536
      8.891    -79.665     64.639     -0.118    -48.023    243.613    131.535
      8.892    -79.713     64.883      0.013    -47.728    243.369    131.533
      8.893    -79.761     65.126      0.145    -47.434    243.127    131.530
      8.894    -79.808     65.369      0.276    -47.142    242.884    131.527
      8.895    -79.855     65.612      0.408    -46.850    242.641    131.523
      8.896    -79.902     65.854      0.539    -46.559    242.399    131.518
      8.897    -79.948     66.096      0.671    -46.270    242.156    131.512
      8.898    -79.994     66.338      0.802    -45.982    241.914    131.506
      8.899    -80.040     66.580      0.934    -45.694    241.672    131.499
      8.900    -80.086     66.822      1.065    -45.408    241.430    131.491
      8.901    -80.131     67.063      1.197    -45.123    241.188    131.483
      8.902    -80.176     67.304      1.328    -44.839    240.947    131.475
      8.903    -80.220     67.545      1.460    -44.556    240.705    131.466
      8.904    -80.265     67.786      1.591    -44.274    240.464    131.456
      8.905    -80.309     68.026      1.723    -43.993    240.223    131.446
      8.906    -80.353     68.266      1.854    -43.713    239.982    131.435
      8.907    -80.396     68.506      1.986    -43.434    239.741    131.424
      8.908    -80.440     68.746      2.117    -43.157    239.500    131.413
      8.909    -80.483     68.985      2.248    -42.880    239.260    131.401
      8.910    -80.525     69.224      2.380    -42.604    239.020    131.389
      8.911    -80.568     69.463      2.511    -42.330    238.780    131.376
      8.912    -80.610     69.702      2.643    -42.056    238.540    131.363
      8.913    -80.652     69.940      2.774    -41.784    238.300    131.349
      8.914    -80.694     70.178      2.905    -41.512    238.060    131.335
      8.915    -80.735     70.416      3.037    -41.242    237.821    131.321
      8.916    -80.776     70.654      3.168    -40.972    237.582    131.306
      8.917    -80.817     70.891      3.299    -40.704    237.343    131.291
      8.918    -80.858     71.129      3.430    -40.436    237.104    131.275
      8.919    -80.898     71.366      3.562    -40.170    236.866    131.259
      8.920    -80.938     71.602      3.693    -39.904    236.627    131.243
      8.921    -80.978     71.839      3.824    -39.640    236.389    131.226
      8.922    -81.017     72.075      3.955    -39.376    236.151    131.209
      8.923    -81.056     72.311      4.087    -39.113    235.914    131.191
      8.924    -81.095     72.547      4.218    -38.852    235.676    131.173
      8.925    -81.134     72.782      4.349    -38.591    235.439    131.155
      8.926    -81.173     73.018      4.480    -38.332    235.202    131.136
      8.927    -81.211     73.253      4.611    -38.073    234.965    131.117
      8.928    -81.249     73.488      4.742    -37.815    234.728    131.098
      8.929    -81.286     73.722      4.873    -37.558    234.491    131.078
      8.930    -81.324     73.957      5.005    -37.303    234.255    131.058
      8.931    -81.361     74.191      5.136    -37.048    234.019    131.038
      8.932    -81.398     74.425      5.267    -36.794    233.783    131.017
      8.933    -81.435     74.658      5.398    -36.541    233.548    130.996
      8.934    -81.471     74.892      5.529    -36.289    233.312    130.975
      8.935    -81.507     75.125      5.660    -36.038    233.077    130.953
      8.936    -81.543     75.358      5.791    -35.787    232.842    130.931
      8.937    -81.579     75.591      5.921    -35.538    232.607    130.909
      8.938    -81.614     75.823      6.052    -35.290    232.373    130.886
      8.939    -81.649     76.055      6.183    -35.042    232.139    130.863
      8.940    -81.684     76.287      6.314    -34.796    231.905    130.839
      8.941    -81.719     76.519      6.445    -34.550    231.671    130.816
      8.942    -81.753     76.751      6.576    -34.305    231.437    130.792
      8.943    -81.788     76.982      6.706    -34.061    231.204    130.767
      8.944    -81.822     77.213      6.837    -33.818    230.971    130.743
      8.945    -81.855     77.444      6.968    -33.576    230.738    130.718
      8.946    -81.889     77.675      7.099    -33.335    230.505    130.693
      8.947    -81.922     77.905      7.229    -33.095    230.273    130.667
      8.948    -81.955     78.135      7.360    -32.855    230.041    130.641
      8.949    -81.988     78.365      7.491    -32.617    229.809    130.615
      8.950    -82.020     78.595      7.621    -32.379    229.577    130.589
      8.951    -82.052     78.824      7.752    -32.142    229.346    130.562
      8.952    -82.084     79.054      7.882    -31.906    229.114    130.535
      8.953    -82.116     79.283      8.013    -31.671    228.883    130.508
      8.954    -82.148     79.511      8.143    -31.437    228.653    130.480
      8.955    -82.179     79.740      8.274    -31.203    228.422    130.453
      8.956    -82.210     79.968      8.404    -30.971    228.192    130.424
      8.957    -82.241     80.196      8.535    -30.739    227.962    130.396
      8.958    -82.272     80.424      8.665    -30.508    227.732    130.368
      8.959    -82.302     80.652      8.795    -30.278    227.503    130.339
      8.960    -82.332     80.879      8.926    -30.049    227.273    130.309
      8.961    -82.362     81.106      9.056    -29.820    227.044    130.280
      8.962    -82.392     81.333      9.186    -29.593    226.816    130.250
      8.963    -82.421     81.560      9.317    -29.366    226.587    130.220
      8.964    -82.451     81.786      9.447    -29.140    226.359    130.190
      8.965    -82.480     82.013      9.577    -28.915    226.131    130.160
      8.966    -82.508     82.239      9.707    -28.690    225.903    130.129
      8.967    -82.537     82.464      9.837    -28.467    225.676    130.098
      8.968    -82.565     82.690      9.967    -28.244    225.449    130.067
      8.969    -82.593     82.915     10.097    -28.022    225.222    130.036
      8.970    -82.621     83.140     10.227    -27.801    224.995    130.004
      8.971    -82.649     83.365     10.357    -27.581    224.768    129.972
      8.972    -82.677     83.590     10.487    -27.361    224.542    129.940
      8.973    -82.704     83.814     10.617    -27.142    224.316    129.907
      8.974    -82.731     84.039     10.747    -26.924    224.091    129.875
      8.975    -82.758     84.263     10.877    -26.707    223.865    129.842
      8.976    -82.784     84.486     11.007    -26.490    223.640    129.809
      8.977    -82.811     84.710     11.137    -26.275    223.415    129.776
      8.978    -82.837     84.933     11.266    -26.060    223.191    129.742
      8.979    -82.863     85.156     11.396    -25.845    222.966    129.708
      8.980    -82.888     85.379     11.526    -25.632    222.742    129.674
      8.981    -82.914     85.602     11.655    -25.419    222.518    129.640
      8.982    -82.939     85.824     11.785    -25.207    222.295    129.606
      8.983    -82.964     86.046     11.915    -24.996    222.071    129.571
      8.984    -82.989     86.268     12.044    -24.786    221.848    129.536
      8.985    -83.014     86.490     12.174    -24.576    221.626    129.501
      8.986    -83.038     86.711     12.303    -24.367    221.403    129.466
      8.987    -83.063     86.933     12.433    -24.159    221.181    129.431
      8.988    -83.087     87.154     12.562    -23.951    220.959    129.395
      8.989    -83.111     87.375     12.691    -23.744    220.737    129.359
      8.990    -83.134     87.595     12.821    -23.538    220.516    129.323
      8.991    -83.158     87.816     12.950    -23.333    220.294    129.287
      8.992    -83.181     88.036     13.079    -23.128    220.073    129.251
      8.993    -83.204     88.256     13.209    -22.924    219.853    129.214
      8.994    -83.227     88.476     13.338    -22.721    219.632    129.177
      8.995    -83.249     88.695     13.467    -22.519    219.412    129.140
      8.996    -83.272     88.914     13.596    -22.317    219.192    129.103
      8.997    -83.294     89.134     13.725    -22.116    218.973    129.065
      8.998    -83.316     89.352     13.854    -21.915    218.753    129.028
      8.999    -83.338     89.571     13.983    -21.716    218.534    128.990
      9.000    -83.359     89.789     14.112    -21.516    218.316    128.952
      9.001    -83.381     90.008     14.241    -21.318    218.097    128.914
      9.002    -83.402     90.226     14.370    -21.120    217.879    128.876
      9.003    -83.423     90.443     14.499    -20.924    217.661    128.837
      9.004    -83.444     90.661     14.628    -20.727    217.443    128.799
      9.005    -83.465     90.878     14.756    -20.532    217.226    128.760
      9.006    -83.485     91.095     14.885    -20.337    217.008    128.721
      9.007    -83.505     91.312     15.014    -20.142    216.792    128.682
      9.008    -83.525     91.529     15.143    -19.949    216.575    128.642
      9.009    -83.545     91.745     15.271    -19.756    216.359    128.603
      9.010    -83.565     91.962     15.400    -19.564    216.142    128.563
      9.011    -83.584     92.178     15.528    -19.372    215.927    128.523
      9.012    -83.604     92.394     15.657    -19.181    215.711    128.483
      9.013    -83.623     92.609     15.785    -18.991    215.496    128.443
      9.014    -83.642     92.825     15.914    -18.801    215.281    128.403
      9.015    -83.660     93.040     16.042    -18.612    215.066    128.362
      9.016    -83.679     93.255     16.170    -18.424    214.852    128.322
      9.017    -83.697     93.469     16.299    -18.236    214.637    128.281
      9.018    -83.715     93.684     16.427    -18.049    214.423    128.240
      9.019    -83.733     93.898     16.555    -17.862    214.210    128.199
      9.020    -83.751     94.112     16.683    -17.676    213.996    128.158
      9.021    -83.769     94.326     16.811    -17.491    213.783    128.116
      9.022    -83.786     94.540     16.940    -17.307    213.570    128.075
      9.023    -83.803     94.753     17.068    -17.123    213.358    128.033
      9.024    -83.820     94.967     17.196    -16.939    213.146    127.991
      9.025    -83.837     95.180     17.324    -16.757    212.934    127.949
      9.026    -83.854     95.393     17.452    -16.575    212.722    127.907
      9.027    -83.870     95.605     17.579    -16.393    212.510    127.865
      9.028    -83.887     95.818     17.707    -16.212    212.299    127.823
      9.029    -83.903     96.030     17.835    -16.032    212.088    127.780
      9.030    -83.919     96.242     17.963    -15.852    211.877    127.737
      9.031    -83.934     96.454     18.091    -15.673    211.667    127.695
      9.032    -83.950     96.665     18.218    -15.495    211.457    127.652
      9.033    -83.965     96.876     18.346    -15.317    211.247    127.609
      9.034    -83.981     97.088     18.473    -15.140    211.037    127.565
      9.035    -83.996     97.298     18.601    -14.963    210.828    127.522
      9.036    -84.010     97.509     18.728    -14.787    210.619    127.479
      9.037    -84.025     97.720     18.856    -14.611    210.410    127.435
      9.038    -84.040     97.930     18.983    -14.436    210.202    127.391
      9.039    -84.054     98.140     19.111    -14.262    209.994    127.347
      9.040    -84.068     98.350     19.238    -14.088    209.786    127.303
      9.041    -84.082     98.560     19.365    -13.915    209.578    127.259
      9.042    -84.096     98.769     19.493    -13.743    209.370    127.215
      9.043    -84.110     98.978     19.620    -13.571    209.163    127.171
      9.044    -84.123     99.188     19.747    -13.399    208.956    127.126
      9.045    -84.137     99.396     19.874    -13.228    208.750    127.082
      9.046    -84.150     99.605     20.001    -13.058    208.543    127.037
      9.047    -84.163     99.813     20.128    -12.888    208.337    126.992
      9.048    -84.175    100.022     20.255    -12.719    208.132    126.947
      9.049    -84.188    100.230     20.382    -12.550    207.926    126.902
      9.050    -84.201    100.438     20.509    -12.382    207.721    126.857
      9.051    -84.213    100.645     20.636    -12.215    207.516    126.812
      9.052    -84.225    100.853     20.762    -12.048    207.311    126.767
      9.053    -84.237    101.060     20.889    -11.881    207.107    126.721
      9.054    -84.249    101.267     21.016    -11.715    206.902    126.676
      9.055    -84.260    101.474     21.143    -11.550    206.698    126.630
      9.056    -84.272    101.680     21.269    -11.385    206.495    126.584
      9.057    -84.283    101.887     21.396    -11.221    206.291    126.538
      9.058    -84.294    102.093     21.522    -11.057    206.088    126.492
      9.059    -84.305    102.299     21.649    -10.894    205.885    126.446
      9.060    -84.316    102.505     21.775    -10.731    205.683    126.400
      9.061    -84.327    102.710     21.902    -10.569    205.480    126.354
      9.062    -84.337    102.915     22.028    -10.407    205.278    126.308
      9.063    -84.348    103.121     22.154    -10.246    205.077    126.261
      9.064    -84.358    103.326     22.280    -10.085    204.875    126.214
      9.065    -84.368    103.530     22.407     -9.925    204.674    126.168
      9.066    -84.378    103.735     22.533     -9.766    204.473    126.121
      9.067    -84.387    103.939     22.659     -9.607    204.272    126.074
      9.068    -84.397    104.144     22.785     -9.448    204.072    126.027
      9.069    -84.406    104.348     22.911     -9.290    203.871    125.980
      9.070    -84.415    104.551     23.037     -9.133    203.672    125.933
      9.071    -84.424    104.755     23.163     -8.976    203.472    125.886
      9.072    -84.433    104.958     23.289     -8.819    203.272    125.838
      9.073    -84.442    105.161     23.414     -8.663    203.073    125.791
      9.074    -84.451    105.364     23.540     -8.508    202.874    125.744
      9.075    -84.459    105.567     23.666     -8.353    202.676    125.696
      9.076    -84.467    105.770     23.792     -8.198    202.478    125.648
      9.077    -84.475    105.972     23.917     -8.044    202.279    125.601
      9.078    -84.483    106.174     24.043     -7.891    202.082    125.553
      9.079    -84.491    106.376     24.168     -7.738    201.884    125.505
      9.080    -84.499    106.578     24.294     -7.585    201.687    125.457
      9.081    -84.506    106.780     24.419     -7.433    201.490    125.409
      9.082    -84.514    106.981     24.545     -7.281    201.293    125.361
      9.083    -84.521    107.182     24.670     -7.130    201.096    125.312
      9.084    -84.528    107.383     24.795     -6.980    200.900    125.264
      9.085    -84.535    107.584     24.920     -6.830    200.704    125.216
      9.086    -84.542    107.785     25.046     -6.680    200.508    125.167
      9.087    -84.548    107.985     25.171     -6.531    200.313    125.119
      9.088    -84.555    108.185     25.296     -6.382    200.118    125.070
      9.089    -84.561    108.385     25.421     -6.234    199.923    125.021
      9.090    -84.567    108.585     25.546     -6.086    199.728    124.972
      9.091    -84.573    108.785     25.671     -5.939    199.534    124.924
      9.092    -84.579    108.984     25.796     -5.792    199.339    124.875
      9.093    -84.585    109.183     25.921     -5.645    199.146    124.826
      9.094    -84.590    109.382     26.045     -5.499    198.952    124.777
      9.095    -84.596    109.581     26.170     -5.354    198.759    124.728
      9.096    -84.601    109.780     26.295     -5.209    198.565    124.678
      9.097    -84.606    109.978     26.420     -5.064    198.372    124.629
      9.098    -84.611    110.177     26.544     -4.920    198.180    124.580
      9.099    -84.616    110.375     26.669     -4.777    197.987    124.530
      9.100    -84.621    110.573     26.793     -4.633    197.795    124.481
      9.101    -84.625    110.770     26.918     -4.491    197.603    124.431
      9.102    -84.630    110.968     27.042     -4.348    197.412    124.382
      9.103    -84.634    111.165     27.166     -4.206    197.221    124.332
      9.104    -84.638    111.362     27.291     -4.065    197.029    124.282
      9.105    -84.642    111.559     27.415     -3.924    196.839    124.233
      9.106    -84.646    111.756     27.539     -3.783    196.648    124.183
      9.107    -84.650    111.953     27.663     -3.643    196.458    124.133
      9.108    -84.653    112.149     27.787     -3.503    196.268    124.083
      9.109    -84.657    112.345     27.912     -3.364    196.078    124.033
      9.110    -84.660    112.541     28.036     -3.225    195.888    123.983
      9.111    -84.663    112.737     28.159     -3.087    195.699    123.933
      9.112    -84.666    112.932     28.283     -2.949    195.510    123.882
      9.113    -84.669    113.128     28.407     -2.811    195.321    123.832
      9.114    -84.672    113.323     28.531     -2.674    195.132    123.782
      9.115    -84.674    113.518     28.655     -2.537    194.944    123.731
      9.116    -84.677    113.713     28.779     -2.401    194.756    123.681
      9.117    -84.679    113.908     28.902     -2.265    194.568    123.631
      9.118    -84.681    114.102     29.026     -2.130    194.381    123.580
      9.119    -84.683    114.296     29.149     -1.995    194.193    123.529
      9.120    -84.685    114.491     29.273     -1.860    194.006    123.479
      9.121    -84.687    114.684     29.396     -1.726    193.819    123.428
      9.122    -84.689    114.878     29.520     -1.592    193.633    123.377
      9.123    -84.690    115.072     29.643     -1.459    193.446    123.327
      9.124    -84.692    115.265     29.766     -1.326    193.260    123.276
      9.125    -84.693    115.458     29.890     -1.193    193.075    123.225
      9.126    -84.694    115.651     30.013     -1.061    192.889    123.174
      9.127    -84.695    115.844     30.136     -0.929    192.704    123.123
      9.128    -84.696    116.037     30.259     -0.798    192.519    123.072
      9.129    -84.697    116.229     30.382     -0.667    192.334    123.021
      9.130    -84.697    116.421     30.505     -0.536    192.149    122.970
      9.131    -84.698    116.613     30.628     -0.406    191.965    122.919
      9.132    -84.698    116.805     30.751     -0.276    191.781    122.867
      9.133    -84.698    116.997     30.874     -0.147    191.597    122.816
      9.134    -84.698    117.188     30.997     -0.018    191.413    122.765
      9.135    -84.698    117.380     31.119      0.111    191.230    122.713
      9.136    -84.698    117.571     31.242      0.239    191.047    122.662
      9.137    -84.698    117.762     31.365      0.367    190.864    122.611
      9.138    -84.697    117.953     31.487      0.495    190.681    122.559
      9.139    -84.697    118.143     31.610      0.622    190.499    122.508
      9.140    -84.696    118.334     31.732      0.749    190.316    122.456
      9.141    -84.695    118.524     31.855      0.875    190.134    122.404
      9.142    -84.695    118.714     31.977      1.001    189.953    122.353
      9.143    -84.693    118.904     32.099      1.127    189.771    122.301
      9.144    -84.692    119.093     32.222      1.252    189.590    122.249
      9.145    -84.691    119.283     32.344      1.377    189.409    122.198
      9.146    -84.689    119.472     32.466      1.501    189.228    122.146
      9.147    -84.688    119.661     32.588      1.625    189.048    122.094
      9.148    -84.686    119.850     32.710      1.749    188.868    122.042
      9.149    -84.684    120.039     32.832      1.872    188.688    121.990
      9.150    -84.683    120.228     32.954      1.995    188.508    121.938
      9.151    -84.680    120.416     33.076      2.118    188.328    121.886
      9.152    -84.678    120.604     33.198      2.240    188.149    121.834
      9.153    -84.676    120.792     33.320      2.362    187.970    121.782
      9.154    -84.674    120.980     33.442      2.484    187.791    121.730
      9.155    -84.671    121.168     33.563      2.605    187.612    121.678
      9.156    -84.668    121.356     33.685      2.726    187.434    121.626
      9.157    -84.666    121.543     33.806      2.846    187.256    121.574
      9.158    -84.663    121.730     33.928      2.967    187.078    121.522
      9.159    -84.660    121.917     34.050      3.086    186.900    121.469
      9.160    -84.656    122.104     34.171      3.206    186.723    121.417
      9.161    -84.653    122.290     34.292      3.325    186.546    121.365
      9.162    -84.650    122.477     34.414      3.444    186.369    121.312
      9.163    -84.646    122.663     34.535      3.562    186.192    121.260
      9.164    -84.643    122.849     34.656      3.680    186.015    121.208
      9.165    -84.639    123.035     34.777      3.798    185.839    121.155
      9.166    -84.635    123.221     34.899      3.915    185.663    121.103
      9.167    -84.631    123.407     35.020      4.032    185.487    121.050
      9.168    -84.627    123.592     35.141      4.149    185.312    120.998
      9.169    -84.623    123.777     35.262      4.265    185.136    120.945
      9.170    -84.619    123.962     35.383      4.381    184.961    120.893
      9.171    -84.614    124.147     35.503      4.497    184.786    120.840
      9.172    -84.610    124.332     35.624      4.612    184.612    120.788
      9.173    -84.605    124.516     35.745      4.727    184.437    120.735
      9.174    -84.600    124.701     35.866      4.842    184.263    120.682
      9.175    -84.595    124.885     35.986      4.956    184.089    120.630
      9.176    -84.590    125.069     36.107      5.070    183.915    120.577
      9.177    -84.585    125.253     36.227      5.184    183.742    120.524
      9.178    -84.580    125.436     36.348      5.297    183.568    120.471
      9.179    -84.574    125.620     36.468      5.410    183.395    120.419
      9.180    -84.569    125.803     36.589      5.523    183.222    120.366
      9.181    -84.563    125.986     36.709      5.635    183.050    120.313
      9.182    -84.558    126.169     36.829      5.747    182.877    120.260
      9.183    -84.552    126.352     36.950      5.859    182.705    120.207
      9.184    -84.546    126.535     37.070      5.970    182.533    120.155
      9.185    -84.540    126.717     37.190      6.082    182.362    120.102
      9.186    -84.534    126.899     37.310      6.192    182.190    120.049
      9.187    -84.528    127.081     37.430      6.303    182.019    119.996
      9.188    -84.521    127.263     37.550      6.413    181.848    119.943
      9.189    -84.515    127.445     37.670      6.523    181.677    119.890
      9.190    -84.508    127.627     37.790      6.632    181.506    119.837
      9.191    -84.501    127.808     37.910      6.741    181.336    119.784
      9.192    -84.495    127.989     38.029      6.850    181.166    119.731
      9.193    -84.488    128.171     38.149      6.959    180.996    119.678
      9.194    -84.481    128.351     38.269      7.067    180.826    119.625
      9.195    -84.474    128.532     38.388      7.175    180.656    119.571
      9.196    -84.466    128.713     38.508      7.283    180.487    119.518
      9.197    -84.459    128.893     38.627      7.390    180.318    119.465
      9.198    -84.452    129.073     38.747      7.497    180.149    119.412
      9.199    -84.444    129.253     38.866      7.604    179.980    119.359
      9.200    -84.436    129.433     38.986      7.710    179.812    119.306
      9.201    -84.429    129.613     39.105      7.817    179.644    119.253
      9.202    -84.421    129.793     39.224      7.922    179.476    119.199
      9.203    -84.413    129.972     39.343      8.028    179.308    119.146
      9.204    -84.405    130.151     39.462      8.133    179.140    119.093
      9.205    -84.397    130.330     39.581      8.238    178.973    119.040
      9.206    -84.388    130.509     39.700      8.343    178.806    118.986
      9.207    -84.380    130.688     39.819      8.447    178.639    118.933
      9.208    -84.371    130.866     39.938      8.551    178.472    118.880
      9.209    -84.363    131.045     40.057      8.655    178.306    118.827
      9.210    -84.354    131.223     40.176      8.759    178.139    118.773
      9.211    -84.345    131.401     40.295      8.862    177.973    118.720
      9.212    -84.336    131.579     40.413      8.965    177.807    118.667
      9.213    -84.327    131.757     40.532      9.067    177.642    118.613
      9.214    -84.318    131.934     40.651      9.170    177.476    118.560
      9.215    -84.309    132.112     40.769      9.272    177.311    118.506
      9.216    -84.300    132.289     40.888      9.374    177.146    118.453
      9.217    -84.290    132.466     41.006      9.475    176.981    118.400
      9.218    -84.281    132.643     41.124      9.576    176.817    118.346
      9.219    -84.271    132.820     41.243      9.677    176.652    118.293
      9.220    -84.261    132.996     41.361      9.778    176.488    118.239
      9.221    -84.252    133.173     41.479      9.878    176.324    118.186
      9.222    -84.242    133.349     41.597      9.978    176.160    118.133
      9.223    -84.232    133.525     41.715     10.078    175.997    118.079
      9.224    -84.221    133.701     41.834     10.178    175.833    118.026
      9.225    -84.211    133.877     41.952     10.277    175.670    117.972
      9.226    -84.201    134.052     42.069     10.376    175.507    117.919
      9.227    -84.190    134.228     42.187     10.475    175.345    117.865
      9.228    -84.180    134.403     42.305     10.573    175.182    117.812
      9.229    -84.169    134.578     42.423     10.672    175.020    117.758
      9.230    -84.159    134.753     42.541     10.769    174.858    117.705
      9.231    -84.148    134.928     42.658     10.867    174.696    117.651
      9.232    -84.137    135.102     42.776     10.964    174.534    117.598
      9.233    -84.126    135.277     42.894     11.062    174.372    117.544
      9.234    -84.115    135.451     43.011     11.158    174.211    117.491
      9.235    -84.104    135.625     43.129     11.255    174.050    117.437
      9.236    -84.092    135.799     43.246     11.351    173.889    117.384
      9.237    -84.081    135.973     43.363     11.447    173.728    117.330
      9.238    -84.069    136.147     43.481     11.543    173.568    117.276
      9.239    -84.058    136.320     43.598     11.639    173.408    117.223
      9.240    -84.046    136.493     43.715     11.734    173.248    117.169
      9.241    -84.034    136.667     43.832     11.829    173.088    117.116
      9.242    -84.022    136.840     43.949     11.924    172.928    117.062
      9.243    -84.010    137.012     44.066     12.018    172.769    117.009
      9.244    -83.998    137.185     44.183     12.113    172.609    116.955
      9.245    -83.986    137.358     44.300     12.207    172.450    116.901
      9.246    -83.974    137.530     44.417     12.300    172.291    116.848
      9.247    -83.962    137.702     44.534     12.394    172.133    116.794
      9.248    -83.949    137.874     44.651     12.487    171.974    116.741
      9.249    -83.937    138.046     44.767     12.580    171.816    116.687
      9.250    -83.924    138.218     44.884     12.673    171.658    116.634
      9.251    -83.911    138.390     45.001     12.765    171.500    116.580
      9.252    -83.898    138.561     45.117     12.858    171.342    116.526
      9.253    -83.886    138.732     45.234     12.950    171.184    116.473
      9.254    -83.873    138.903     45.350     13.041    171.027    116.419
      9.255    -83.859    139.074     45.467     13.133    170.870    116.365
      9.256    -83.846    139.245     45.583     13.224    170.713    116.312
      9.257    -83.833    139.416     45.699     13.315    170.556    116.258
      9.258    -83.820    139.586     45.815     13.406    170.400    116.205
      9.259    -83.806    139.756     45.932     13.496    170.243    116.151
      9.260    -83.793    139.927     46.048     13.587    170.087    116.097
      9.261    -83.779    140.097     46.164     13.677    169.931    116.044
      9.262    -83.765    140.267     46.280     13.767    169.776    115.990
      9.263    -83.752    140.436     46.396     13.856    169.620    115.937
      9.264    -83.738    140.606     46.512     13.945    169.465    115.883
      9.265    -83.724    140.775     46.628     14.035    169.309    115.829
      9.266    -83.710    140.944     46.743     14.123    169.154    115.776
      9.267    -83.695    141.113     46.859     14.212    169.000    115.722
      9.268    -83.681    141.282     46.975     14.300    168.845    115.669
      9.269    -83.667    141.451     47.090     14.389    168.691    115.615
      9.270    -83.652    141.620     47.206     14.476    168.536    115.561
      9.271    -83.638    141.788     47.322     14.564    168.382    115.508
      9.272    -83.623    141.957     47.437     14.652    168.228    115.454
      9.273    -83.609    142.125     47.552     14.739    168.075    115.401
      9.274    -83.594    142.293     47.668     14.826    167.921    115.347
      9.275    -83.579    142.461     47.783     14.913    167.768    115.293
      9.276    -83.564    142.628     47.898     14.999    167.615    115.240
      9.277    -83.549    142.796     48.014     15.085    167.462    115.186
      9.278    -83.534    142.963     48.129     15.171    167.309    115.133
      9.279    -83.519    143.130     48.244     15.257    167.157    115.079
      9.280    -83.503    143.297     48.359     15.343    167.004    115.025
      9.281    -83.488    143.464     48.474     15.428    166.852    114.972
      9.282    -83.472    143.631     48.589     15.514    166.700    114.918
      9.283    -83.457    143.798     48.704     15.598    166.548    114.865
      9.284    -83.441    143.964     48.819     15.683    166.397    114.811
      9.285    -83.425    144.131     48.933     15.768    166.245    114.758
      9.286    -83.410    144.297     49.048     15.852    166.094    114.704
      9.287    -83.394    144.463     49.163     15.936    165.943    114.650
      9.288    -83.378    144.629     49.277     16.020    165.792    114.597
      9.289    -83.362    144.794     49.392     16.104    165.641    114.543
      9.290    -83.346    144.960     49.507     16.187    165.491    114.490
      9.291    -83.329    145.125     49.621     16.270    165.340    114.436
      9.292    -83.313    145.291     49.735     16.353    165.190    114.383
      9.293    -83.297    145.456     49.850     16.436    165.040    114.329
      9.294    -83.280    145.621     49.964     16.519    164.890    114.276
      9.295    -83.264    145.785     50.078     16.601    164.741    114.222
      9.296    -83.247    145.950     50.193     16.683    164.591    114.169
      9.297    -83.230    146.115     50.307     16.765    164.442    114.115
      9.298    -83.213    146.279     50.421     16.847    164.293    114.062
      9.299    -83.197    146.443     50.535     16.928    164.144    114.008
      9.300    -83.180    146.607     50.649     17.009    163.995    113.955
      9.301    -83.162    146.771     50.763     17.091    163.847    113.901
      9.302    -83.145    146.935     50.877     17.171    163.698    113.848
      9.303    -83.128    147.099     50.990     17.252    163.550    113.794
      9.304    -83.111    147.262     51.104     17.332    163.402    113.741
      9.305    -83.093    147.425     51.218     17.413    163.254    113.687
      9.306    -83.076    147.589     51.332     17.493    163.106    113.634
      9.307    -83.059    147.752     51.445     17.573    162.959    113.581
      9.308    -83.041    147.915     51.559     17.652    162.812    113.527
      9.309    -83.023    148.077     51.672     17.732    162.664    113.474
      9.310    -83.005    148.240     51.786     17.811    162.517    113.420
      9.311    -82.988    148.402     51.899     17.890    162.371    113.367
      9.312    -82.970    148.565     52.012     17.969    162.224    113.314
      9.313    -82.952    148.727     52.126     18.047    162.078    113.260
      9.314    -82.934    148.889     52.239     18.126    161.931    113.207
      9.315    -82.915    149.051     52.352     18.204    161.785    113.153
      9.316    -82.897    149.212     52.465     18.282    161.639    113.100
      9.317    -82.879    149.374     52.578     18.360    161.494    113.047
      9.318    -82.860    149.535     52.691     18.437    161.348    112.993
      9.319    -82.842    149.697     52.804     18.515    161.203    112.940
      9.320    -82.823    149.858     52.917     18.592    161.057    112.887
      9.321    -82.805    150.019     53.030     18.669    160.912    112.833
      9.322    -82.786    150.180     53.143     18.746    160.767    112.780
      9.323    -82.767    150.340     53.256     18.823    160.623    112.727
      9.324    -82.748    150.501     53.368     18.899    160.478    112.673
      9.325    -82.729    150.661     53.481     18.975    160.334    112.620
      9.326    -82.710    150.821     53.594     19.051    160.189    112.567
      9.327    -82.691    150.982     53.706     19.127    160.045    112.514
      9.328    -82.672    151.142     53.819     19.203    159.901    112.460
      9.329    -82.653    151.301     53.931     19.278    159.758    112.407
      9.330    -82.634    151.461     54.043     19.354    159.614    112.354
      9.331    -82.614    151.621     54.156     19.429    159.471    112.301
      9.332    -82.595    151.780     54.268     19.504    159.328    112.247
      9.333    -82.575    151.939     54.380     19.579    159.185    112.194
      9.334    -82.556    152.098     54.492     19.653    159.042    112.141
      9.335    -82.536    152.257     54.605     19.727    158.899    112.088
      9.336    -82.516    152.416     54.717     19.802    158.756    112.035
      9.337    -82.496    152.575     54.829     19.876    158.614    111.981
      9.338    -82.476    152.733     54.941     19.949    158.472    111.928
      9.339    -82.456    152.892     55.052     20.023    158.330    111.875
      9.340    -82.436    153.050     55.164     20.097    158.188    111.822
      9.341    -82.416    153.208     55.276     20.170    158.046    111.769
      9.342    -82.396    153.366     55.388     20.243    157.905    111.716
      9.343    -82.376    153.524     55.500     20.316    157.763    111.663
      9.344    -82.355    153.682     55.611     20.388    157.622    111.610
      9.345    -82.335    153.839     55.723     20.461    157.481    111.557
      9.346    -82.314    153.997     55.834     20.533    157.340    111.504
      9.347    -82.294    154.154     55.946     20.605    157.199    111.450
      9.348    -82.273    154.311     56.057     20.677    157.059    111.397
      9.349    -82.253    154.468     56.169     20.749    156.918    111.344
      9.350    -82.232    154.625     56.280     20.821    156.778    111.291
      9.351    -82.211    154.782     56.391     20.892    156.638    111.238
      9.352    -82.190    154.938     56.502     20.964    156.498    111.185
      9.353    -82.169    155.095     56.613     21.035    156.358    111.132
      9.354    -82.148    155.251     56.725     21.106    156.219    111.079
      9.355    -82.127    155.407     56.836     21.176    156.079    111.027
      9.356    -82.106    155.563     56.947     21.247    155.940    110.974
      9.357    -82.084    155.719     57.058     21.317    155.801    110.921
      9.358    -82.063    155.875     57.168     21.388    155.662    110.868
      9.359    -82.042    156.030     57.279     21.458    155.523    110.815
      9.360    -82.020    156.186     57.390     21.528    155.384    110.762
      9.361    -81.998    156.341     57.501     21.597    155.246    110.709
      9.362    -81.977    156.496     57.612     21.667    155.107    110.656
      9.363    -81.955    156.651     57.722     21.736    154.969    110.603
      9.364    -81.933    156.806     57.833     21.805    154.831    110.550
      9.365    -81.912    156.961     57.943     21.874    154.693    110.498
      9.366    -81.890    157.115     58.054     21.943    154.555    110.445
      9.367    -81.868    157.270     58.164     22.012    154.418    110.392
      9.368    -81.846    157.424     58.275     22.081    154.280    110.339
      9.369    -81.823    157.579     58.385     22.149    154.143    110.287
      9.370    -81.801    157.733     58.495     22.217    154.006    110.234
      9.371    -81.779    157.887     58.605     22.285    153.869    110.181
      9.372    -81.757    158.040     58.715     22.353    153.732    110.128
      9.373    -81.734    158.194     58.826     22.421    153.596    110.076
      9.374    -81.712    158.348     58.936     22.488    153.459    110.023
      9.375    -81.689    158.501     59.046     22.556    153.323    109.970
      9.376    -81.667    158.654     59.156     22.623    153.187    109.917
      9.377    -81.644    158.807     59.265     22.690    153.051    109.865
      9.378    -81.621    158.960     59.375     22.757    152.915    109.812
      9.379    -81.599    159.113     59.485     22.823    152.779    109.760
      9.380    -81.576    159.266     59.595     22.890    152.644    109.707
      9.381    -81.553    159.418     59.704     22.956    152.508    109.654
      9.382    -81.530    159.571     59.814     23.023    152.373    109.602
      9.383    -81.507    159.723     59.924     23.089    152.238    109.549
      9.384    -81.484    159.875     60.033     23.155    152.103    109.497
      9.385    -81.460    160.027     60.143     23.220    151.968    109.444
      9.386    -81.437    160.179     60.252     23.286    151.833    109.392
      9.387    -81.414    160.331     60.361     23.351    151.699    109.339
      9.388    -81.391    160.483     60.471     23.417    151.564    109.287
      9.389    -81.367    160.634     60.580     23.482    151.430    109.234
      9.390    -81.344    160.786     60.689     23.547    151.296    109.182
      9.391    -81.320    160.937     60.798     23.612    151.162    109.129
      9.392    -81.296    161.088     60.907     23.676    151.028    109.077
      9.393    -81.273    161.239     61.017     23.741    150.895    109.024
      9.394    -81.249    161.390     61.126     23.805    150.761    108.972
      9.395    -81.225    161.540     61.234     23.869    150.628    108.919
      9.396    -81.201    161.691     61.343     23.933    150.495    108.867
      9.397    -81.177    161.841     61.452     23.997    150.362    108.815
      9.398    -81.153    161.992     61.561     24.061    150.229    108.762
      9.399    -81.129    162.142     61.670     24.125    150.096    108.710
      9.400    -81.105    162.292     61.778     24.188    149.964    108.658
      9.401    -81.081    162.442     61.887     24.251    149.831    108.605
      9.402    -81.056    162.591     61.996     24.314    149.699    108.553
      9.403    -81.032    162.741     62.104     24.377    149.567    108.501
      9.404    -81.008    162.891     62.213     24.440    149.435    108.449
      9.405    -80.983    163.040     62.321     24.503    149.303    108.396
      9.406    -80.959    163.189     62.429     24.566    149.171    108.344
      9.407    -80.934    163.338     62.538     24.628    149.040    108.292
      9.408    -80.909    163.487     62.646     24.690    148.908    108.240
      9.409    -80.885    163.636     62.754     24.752    148.777    108.187
      9.410    -80.860    163.785     62.862     24.814    148.646    108.135
      9.411    -80.835    163.933     62.970     24.876    148.515    108.083
      9.412    -80.810    164.082     63.079     24.938    148.384    108.031
      9.413    -80.785    164.230     63.187     24.999    148.253    107.979
      9.414    -80.760    164.378     63.295     25.060    148.122    107.927
      9.415    -80.735    164.526     63.402     25.122    147.992    107.875
      9.416    -80.710    164.674     63.510     25.183    147.862    107.823
      9.417    -80.685    164.822     63.618     25.244    147.732    107.771
      9.418    -80.659    164.970     63.726     25.304    147.602    107.719
      9.419    -80.634    165.117     63.833     25.365    147.472    107.667
      9.420    -80.609    165.265     63.941     25.426    147.342    107.615
      9.421    -80.583    165.412     64.049     25.486    147.212    107.563
      9.422    -80.558    165.559     64.156     25.546    147.083    107.511
      9.423    -80.532    165.706     64.264     25.606    146.954    107.459
      9.424    -80.506    165.853     64.371     25.666    146.824    107.407
      9.425    -80.481    166.000     64.479     25.726    146.695    107.355
      9.426    -80.455    166.147     64.586     25.786    146.567    107.303
      9.427    -80.429    166.293     64.693     25.845    146.438    107.251
      9.428    -80.403    166.439     64.800     25.904    146.309    107.199
      9.429    -80.377    166.586     64.908     25.964    146.181    107.147
      9.430    -80.351    166.732     65.015     26.023    146.052    107.096
      9.431    -80.325    166.878     65.122     26.082    145.924    107.044
      9.432    -80.299    167.024     65.229     26.141    145.796    106.992
      9.433    -80.273    167.169     65.336     26.199    145.668    106.940
      9.434    -80.247    167.315     65.443     26.258    145.540    106.888
      9.435    -80.221    167.460     65.550     26.316    145.413    106.837
      9.436    -80.194    167.606     65.656     26.374    145.285    106.785
      9.437    -80.168    167.751     65.763     26.433    145.158    106.733
      9.438    -80.141    167.896     65.870     26.491    145.030    106.682
      9.439    -80.115    168.041     65.976     26.548    144.903    106.630
      9.440    -80.088    168.186     66.083     26.606    144.776    106.578
      9.441    -80.062    168.331     66.190     26.664    144.650    106.527
      9.442    -80.035    168.475     66.296     26.721    144.523    106.475
      9.443    -80.008    168.620     66.403     26.779    144.396    106.423
      9.444    -79.981    168.764     66.509     26.836    144.270    106.372
      9.445    -79.954    168.908     66.615     26.893    144.143    106.320
      9.446    -79.928    169.052     66.722     26.950    144.017    106.269
      9.447    -79.901    169.196     66.828     27.007    143.891    106.217
      9.448    -79.874    169.340     66.934     27.063    143.765    106.166
      9.449    -79.846    169.484     67.040     27.120    143.640    106.114
      9.450    -79.819    169.627     67.146     27.176    143.514    106.063
      9.451    -79.792    169.771     67.252     27.232    143.388    106.011
      9.452    -79.765    169.914     67.358     27.289    143.263    105.960
      9.453    -79.738    170.057     67.464     27.345    143.138    105.908
      9.454    -79.710    170.200     67.570     27.401    143.013    105.857
      9.455    -79.683    170.343     67.676     27.456    142.888    105.805
      9.456    -79.655    170.486     67.782     27.512    142.763    105.754
      9.457    -79.628    170.629     67.887     27.567    142.638    105.703
      9.458    -79.600    170.771     67.993     27.623    142.513    105.651
      9.459    -79.572    170.914     68.099     27.678    142.389    105.600
      9.460    -79.545    171.056     68.204     27.733    142.265    105.549
      9.461    -79.517    171.198     68.310     27.788    142.140    105.497
      9.462    -79.489    171.340     68.415     27.843    142.016    105.446
      9.463    -79.461    171.482     68.521     27.898    141.892    105.395
      9.464    -79.433    171.624     68.626     27.952    141.769    105.344
      9.465    -79.405    171.766     68.731     28.007    141.645    105.292
      9.466    -79.377    171.908     68.837     28.061    141.521    105.241
      9.467    -79.349    172.049     68.942     28.116    141.398    105.190
      9.468    -79.321    172.190     69.047     28.170    141.274    105.139
      9.469    -79.293    172.332     69.152     28.224    141.151    105.088
      9.470    -79.265    172.473     69.257     28.278    141.028    105.037
      9.471    -79.236    172.614     69.362     28.331    140.905    104.986
      9.472    -79.208    172.754     69.467     28.385    140.783    104.934
      9.473    -79.180    172.895     69.572     28.439    140.660    104.883
      9.474    -79.151    173.036     69.677     28.492    140.537    104.832
      9.475    -79.123    173.176     69.782     28.545    140.415    104.781
      9.476    -79.094    173.317     69.887     28.598    140.293    104.730
      9.477    -79.065    173.457     69.991     28.651    140.170    104.679
      9.478    -79.037    173.597     70.096     28.704    140.048    104.628
      9.479    -79.008    173.737     70.200     28.757    139.926    104.577
      9.480    -78.979    173.877     70.305     28.810    139.805    104.526
      9.481    -78.950    174.017     70.410     28.862    139.683    104.475
      9.482    -78.921    174.156     70.514     28.915    139.561    104.425
      9.483    -78.893    174.296     70.618     28.967    139.440    104.374
      9.484    -78.864    174.435     70.723     29.019    139.319    104.323
      9.485    -78.835    174.574     70.827     29.071    139.197    104.272
      9.486    -78.805    174.713     70.931     29.123    139.076    104.221
      9.487    -78.776    174.852     71.035     29.175    138.955    104.170
      9.488    -78.747    174.991     71.140     29.227    138.835    104.120
      9.489    -78.718    175.130     71.244     29.278    138.714    104.069
      9.490    -78.689    175.269     71.348     29.330    138.593    104.018
      9.491    -78.659    175.407     71.452     29.381    138.473    103.967
      9.492    -78.630    175.546     71.556     29.433    138.353    103.917
      9.493    -78.600    175.684     71.660     29.484    138.232    103.866
      9.494    -78.571    175.822     71.763     29.535    138.112    103.815
      9.495    -78.541    175.960     71.867     29.586    137.992    103.765
      9.496    -78.512    176.098     71.971     29.637    137.873    103.714
      9.497    -78.482    176.236     72.075     29.687    137.753    103.663
      9.498    -78.452    176.374     72.178     29.738    137.633    103.613
      9.499    -78.422    176.511     72.282     29.788    137.514    103.562
      9.500    -78.393    176.649     72.385     29.839    137.394    103.512
      9.501    -78.363    176.786     72.489     29.889    137.275    103.461
      9.502    -78.333    176.923     72.592     29.939    137.156    103.410
      9.503    -78.303    177.060     72.696     29.989    137.037    103.360
      9.504    -78.273    177.197     72.799     30.039    136.918    103.309
      9.505    -78.243    177.334     72.902     30.089    136.799    103.259
      9.506    -78.213    177.471     73.006     30.138    136.681    103.209
      9.507    -78.183    177.608     73.109     30.188    136.562    103.158
      9.508    -78.152    177.744     73.212     30.237    136.444    103.108
      9.509    -78.122    177.880     73.315     30.287    136.326    103.057
      9.510    -78.092    178.017     73.418     30.336    136.207    103.007
      9.511    -78.061    178.153     73.521     30.385    136.089    102.957
      9.512    -78.031    178.289     73.624     30.434    135.971    102.906
      9.513    -78.001    178.425     73.727     30.483    135.854    102.856
      9.514    -77.970    178.561     73.830     30.532    135.736    102.806
      9.515    -77.939    178.696     73.932     30.581    135.618    102.755
      9.516    -77.909    178.832     74.035     30.629    135.501    102.705
      9.517    -77.878    178.967     74.138     30.678    135.384    102.655
      9.518    -77.848    179.103     74.240     30.726    135.266    102.605
      9.519    -77.817    179.238     74.343     30.774    135.149    102.554
      9.520    -77.786    179.373     74.446     30.822    135.032    102.504
      9.521    -77.755    179.508     74.548     30.871    134.915    102.454
      9.522    -77.724    179.643     74.650     30.918    134.799    102.404
      9.523    -77.693    179.777     74.753     30.966    134.682    102.354
      9.524    -77.662    179.912     74.855     31.014    134.565    102.304
      9.525    -77.631    180.047     74.957     31.062    134.449    102.254
      9.526    -77.600    180.181     75.060     31.109    134.333    102.203
      9.527    -77.569    180.315     75.162     31.157    134.216    102.153
      9.528    -77.538    180.449     75.264     31.204    134.100    102.103
      9.529    -77.507    180.583     75.366     31.251    133.984    102.053
      9.530    -77.475    180.717     75.468     31.298    133.869    102.003
      9.531    -77.444    180.851     75.570     31.345    133.753    101.953
      9.532    -77.413    180.985     75.672     31.392    133.637    101.903
      9.533    -77.381    181.118     75.774     31.439    133.522    101.854
      9.534    -77.350    181.252     75.876     31.486    133.406    101.804
      9.535    -77.318    181.385     75.977     31.532    133.291    101.754
      9.536    -77.287    181.519     76.079     31.579    133.176    101.704
      9.537    -77.255    181.652     76.181     31.625    133.061    101.654
      9.538    -77.223    181.785     76.283     31.671    132.946    101.604
      9.539    -77.192    181.918     76.384     31.718    132.831    101.554
      9.540    -77.160    182.050     76.486     31.764    132.716    101.505
      9.541    -77.128    182.183     76.587     31.810    132.602    101.455
      9.542    -77.096    182.316     76.689     31.856    132.487    101.405
      9.543    -77.065    182.448     76.790     31.901    132.373    101.355
      9.544    -77.033    182.580     76.891     31.947    132.258    101.306
      9.545    -77.001    182.712     76.993     31.993    132.144    101.256
      9.546    -76.969    182.845     77.094     32.038    132.030    101.206
      9.547    -76.937    182.977     77.195     32.084    131.916    101.156
      9.548    -76.904    183.108     77.296     32.129    131.802    101.107
      9.549    -76.872    183.240     77.397     32.174    131.689    101.057
      9.550    -76.840    183.372     77.498     32.219    131.575    101.008
      9.551    -76.808    183.503     77.599     32.264    131.461    100.958
      9.552    -76.776    183.635     77.700     32.309    131.348    100.908
      9.553    -76.743    183.766     77.801     32.354    131.235    100.859
      9.554    -76.711    183.897     77.902     32.399    131.121    100.809
      9.555    -76.678    184.028     78.003     32.443    131.008    100.760
      9.556    -76.646    184.159     78.103     32.488    130.895    100.710
      9.557    -76.613    184.290     78.204     32.532    130.783    100.661
      9.558    -76.581    184.421     78.305     32.576    130.670    100.611
      9.559    -76.548    184.551     78.405     32.621    130.557    100.562
      9.560    -76.516    184.682     78.506     32.665    130.445    100.513
      9.561    -76.483    184.812     78.606     32.709    130.332    100.463
      9.562    -76.450    184.943     78.707     32.753    130.220    100.414
      9.563    -76.418    185.073     78.807     32.797    130.108    100.364
      9.564    -76.385    185.203     78.907     32.840    129.995    100.315
      9.565    -76.352    185.333     79.008     32.884    129.883    100.266
      9.566    -76.319    185.462     79.108     32.928    129.771    100.217
      9.567    -76.286    185.592     79.208     32.971    129.660    100.167
      9.568    -76.253    185.722     79.308     33.014    129.548    100.118
      9.569    -76.220    185.851     79.408     33.058    129.436    100.069
      9.570    -76.187    185.981     79.508     33.101    129.325    100.020
      9.571    -76.154    186.110     79.608     33.144    129.214     99.970
      9.572    -76.121    186.239     79.708     33.187    129.102     99.921
      9.573    -76.087    186.368     79.808     33.230    128.991     99.872
      9.574    -76.054    186.497     79.908     33.273    128.880     99.823
      9.575    -76.021    186.626     80.008     33.315    128.769     99.774
      9.576    -75.987    186.755     80.108     33.358    128.658     99.725
      9.577    -75.954    186.883     80.207     33.400    128.547     99.676
      9.578    -75.921    187.012     80.307     33.443    128.437     99.627
      9.579    -75.887    187.140     80.407     33.485    128.326     99.577
      9.580    -75.854    187.268     80.506     33.528    128.216     99.528
      9.581    -75.820    187.397     80.606     33.570    128.105     99.479
      9.582    -75.787    187.525     80.705     33.612    127.995     99.430
      9.583    -75.753    187.653     80.805     33.654    127.885     99.382
      9.584    -75.719    187.780     80.904     33.696    127.775     99.333
      9.585    -75.686    187.908     81.003     33.738    127.665     99.284
      9.586    -75.652    188.036     81.102     33.779    127.555     99.235
      9.587    -75.618    188.163     81.202     33.821    127.445     99.186
      9.588    -75.584    188.291     81.301     33.862    127.336     99.137
      9.589    -75.550    188.418     81.400     33.904    127.226     99.088
      9.590    -75.516    188.545     81.499     33.945    127.117     99.039
      9.591    -75.482    188.672     81.598     33.987    127.008     98.991
      9.592    -75.448    188.799     81.697     34.028    126.898     98.942
      9.593    -75.414    188.926     81.796     34.069    126.789     98.893
      9.594    -75.380    189.053     81.895     34.110    126.680     98.844
      9.595    -75.346    189.179     81.994     34.151    126.571     98.795
      9.596    -75.312    189.306     82.092     34.192    126.462     98.747
      9.597    -75.278    189.432     82.191     34.232    126.354     98.698
      9.598    -75.243    189.558     82.290     34.273    126.245     98.649
      9.599    -75.209    189.685     82.388     34.314    126.137     98.601
      9.600    -75.175    189.811     82.487     34.354    126.028     98.552
      9.601    -75.140    189.937     82.586     34.395    125.920     98.504
      9.602    -75.106    190.063     82.684     34.435    125.812     98.455
      9.603    -75.072    190.188     82.782     34.475    125.703     98.406
      9.604    -75.037    190.314     82.881     34.515    125.595     98.358
      9.605    -75.003    190.440     82.979     34.555    125.488     98.309
      9.606    -74.968    190.565     83.077     34.595    125.380     98.261
      9.607    -74.933    190.690     83.176     34.635    125.272     98.212
      9.608    -74.899    190.816     83.274     34.675    125.164     98.164
      9.609    -74.864    190.941     83.372     34.715    125.057     98.115
      9.610    -74.829    191.066     83.470     34.754    124.949     98.067
      9.611    -74.795    191.191     83.568     34.794    124.842     98.018
      9.612    -74.760    191.315     83.666     34.834    124.735     97.970
      9.613    -74.725    191.440     83.764     34.873    124.628     97.922
      9.614    -74.690    191.565     83.862     34.912    124.521     97.873
      9.615    -74.655    191.689     83.960     34.951    124.414     97.825
      9.616    -74.620    191.813     84.058     34.991    124.307     97.777
      9.617    -74.585    191.938     84.155     35.030    124.200     97.728
      9.618    -74.550    192.062     84.253     35.069    124.093     97.680
      9.619    -74.515    192.186     84.351     35.108    123.987     97.632
      9.620    -74.480    192.310     84.448     35.146    123.880     97.584
      9.621    -74.445    192.434     84.546     35.185    123.774     97.535
      9.622    -74.409    192.557     84.643     35.224    123.668     97.487
      9.623    -74.374    192.681     84.741     35.262    123.562     97.439
      9.624    -74.339    192.804     84.838     35.301    123.455     97.391
      9.625    -74.304    192.928     84.936     35.339    123.349     97.343
      9.626    -74.268    193.051     85.033     35.378    123.244     97.294
      9.627    -74.233    193.174     85.130     35.416    123.138     97.246
      9.628    -74.197    193.297     85.227     35.454    123.032     97.198
      9.629    -74.162    193.420     85.325     35.492    122.926     97.150
      9.630    -74.126    193.543     85.422     35.530    122.821     97.102
      9.631    -74.091    193.666     85.519     35.568    122.716     97.054
      9.632    -74.055    193.789     85.616     35.606    122.610     97.006
      9.633    -74.020    193.911     85.713     35.644    122.505     96.958
      9.634    -73.984    194.034     85.810     35.681    122.400     96.910
      9.635    -73.948    194.156     85.907     35.719    122.295     96.862
      9.636    -73.913    194.278     86.004     35.757    122.190     96.814
      9.637    -73.877    194.400     86.100     35.794    122.085     96.766
      9.638    -73.841    194.522     86.197     35.831    121.980     96.718
      9.639    -73.805    194.644     86.294     35.869    121.876     96.671
      9.640    -73.769    194.766     86.390     35.906    121.771     96.623
      9.641    -73.733    194.888     86.487     35.943    121.666     96.575
      9.642    -73.697    195.010     86.584     35.980    121.562     96.527
      9.643    -73.661    195.131     86.680     36.017    121.458     96.479
      9.644    -73.625    195.252     86.776     36.054    121.354     96.432
      9.645    -73.589    195.374     86.873     36.091    121.249     96.384
      9.646    -73.553    195.495     86.969     36.128    121.145     96.336
      9.647    -73.517    195.616     87.066     36.164    121.041     96.288
      9.648    -73.481    195.737     87.162     36.201    120.938     96.241
      9.649    -73.445    195.858     87.258     36.238    120.834     96.193
      9.650    -73.408    195.979     87.354     36.274    120.730     96.145
      9.651    -73.372    196.099     87.450     36.310    120.627     96.098
      9.652    -73.336    196.220     87.546     36.347    120.523     96.050
      9.653    -73.299    196.340     87.642     36.383    120.420     96.002
      9.654    -73.263    196.461     87.738     36.419    120.316     95.955
      9.655    -73.226    196.581     87.834     36.455    120.213     95.907
      9.656    -73.190    196.701     87.930     36.491    120.110     95.860
      9.657    -73.153    196.821     88.026     36.527    120.007     95.812
      9.658    -73.117    196.941     88.122     36.563    119.904     95.765
      9.659    -73.080    197.061     88.218     36.599    119.801     95.717
      9.660    -73.044    197.181     88.313     36.634    119.698     95.670
      9.661    -73.007    197.300     88.409     36.670    119.596     95.622
      9.662    -72.970    197.420     88.505     36.706    119.493     95.575
      9.663    -72.934    197.539     88.600     36.741    119.391     95.527
      9.664    -72.897    197.659     88.696     36.777    119.288     95.480
      9.665    -72.860    197.778     88.791     36.812    119.186     95.433
      9.666    -72.823    197.897     88.886     36.847    119.084     95.385
      9.667    -72.786    198.016     88.982     36.882    118.982     95.338
      9.668    -72.750    198.135     89.077     36.918    118.880     95.291
      9.669    -72.713    198.254     89.172     36.953    118.778     95.243
      9.670    -72.676    198.373     89.268     36.988    118.676     95.196
      9.671    -72.639    198.491     89.363     37.022    118.574     95.149
      9.672    -72.602    198.610     89.458     37.057    118.472     95.101
      9.673    -72.565    198.728     89.553     37.092    118.371     95.054
      9.674    -72.527    198.847     89.648     37.127    118.269     95.007
      9.675    -72.490    198.965     89.743     37.161    118.168     94.960
      9.676    -72.453    199.083     89.838     37.196    118.066     94.913
      9.677    -72.416    199.201     89.933     37.230    117.965     94.866
      9.678    -72.379    199.319     90.028     37.265    117.864     94.818
      9.679    -72.341    199.437     90.122     37.299    117.763     94.771
      9.680    -72.304    199.554     90.217     37.333    117.662     94.724
      9.681    -72.267    199.672     90.312     37.368    117.561     94.677
      9.682    -72.229    199.790     90.407     37.402    117.460     94.630
      9.683    -72.192    199.907     90.501     37.436    117.359     94.583
      9.684    -72.154    200.024     90.596     37.470    117.259     94.536
      9.685    -72.117    200.141     90.690     37.504    117.158     94.489
      9.686    -72.079    200.259     90.785     37.538    117.057     94.442
      9.687    -72.042    200.376     90.879     37.571    116.957     94.395
      9.688    -72.004    200.492     90.974     37.605    116.857     94.348
      9.689    -71.967    200.609     91.068     37.639    116.756     94.301
      9.690    -71.929    200.726     91.162     37.672    116.656     94.254
      9.691    -71.891    200.843     91.256     37.706    116.556     94.207
      9.692    -71.854    200.959     91.351     37.739    116.456     94.161
      9.693    -71.816    201.075     91.445     37.773    116.356     94.114
      9.694    -71.778    201.192     91.539     37.806    116.257     94.067
      9.695    -71.740    201.308     91.633     37.839    116.157     94.020
      9.696    -71.702    201.424     91.727     37.872    116.057     93.973
      9.697    -71.664    201.540     91.821     37.905    115.958     93.927
      9.698    -71.627    201.656     91.915     37.938    115.858     93.880
      9.699    -71.589    201.772     92.008     37.971    115.759     93.833
      9.700    -71.551    201.888     92.102     38.004    115.659     93.786
      9.701    -71.513    202.003     92.196     38.037    115.560     93.740
      9.702    -71.475    202.119     92.290     38.070    115.461     93.693
      9.703    -71.436    202.234     92.383     38.103    115.362     93.646
      9.704    -71.398    202.349     92.477     38.135    115.263     93.600
      9.705    -71.360    202.465     92.571     38.168    115.164     93.553
      9.706    -71.322    202.580     92.664     38.200    115.065     93.507
      9.707    -71.284    202.695     92.758     38.233    114.967     93.460
      9.708    -71.246    202.810     92.851     38.265    114.868     93.413
      9.709    -71.207    202.924     92.944     38.297    114.769     93.367
      9.710    -71.169    203.039     93.038     38.330    114.671     93.320
      9.711    -71.131    203.154     93.131     38.362    114.572     93.274
      9.712    -71.092    203.268     93.224     38.394    114.474     93.227
      9.713    -71.054    203.383     93.318     38.426    114.376     93.181
      9.714    -71.015    203.497     93.411     38.458    114.278     93.134
      9.715    -70.977    203.611     93.504     38.490    114.180     93.088
      9.716    -70.938    203.725     93.597     38.522    114.082     93.042
      9.717    -70.900    203.839     93.690     38.553    113.984     92.995
      9.718    -70.861    203.953     93.783     38.585    113.886     92.949
      9.719    -70.823    204.067     93.876     38.617    113.788     92.902
      9.720    -70.784    204.181     93.969     38.648    113.690     92.856
      9.721    -70.745    204.295     94.062     38.680    113.593     92.810
      9.722    -70.707    204.408     94.154     38.711    113.495     92.763
      9.723    -70.668    204.522     94.247     38.743    113.398     92.717
      9.724    -70.629    204.635     94.340     38.774    113.301     92.671
      9.725    -70.590    204.748     94.432     38.805    113.203     92.625
      9.726    -70.552    204.861     94.525     38.836    113.106     92.578
      9.727    -70.513    204.974     94.618     38.867    113.009     92.532
      9.728    -70.474    205.087     94.710     38.899    112.912     92.486
      9.729    -70.435    205.200     94.803     38.930    112.815     92.440
      9.730    -70.396    205.313     94.895     38.961    112.718     92.394
      9.731    -70.357    205.426     94.987     38.991    112.621     92.348
      9.732    -70.318    205.538     95.080     39.022    112.525     92.301
      9.733    -70.279    205.651     95.172     39.053    112.428     92.255
      9.734    -70.240    205.763     95.264     39.084    112.331     92.209
      9.735    -70.201    205.875     95.356     39.114    112.235     92.163
      9.736    -70.162    205.988     95.449     39.145    112.138     92.117
      9.737    -70.122    206.100     95.541     39.175    112.042     92.071
      9.738    -70.083    206.212     95.633     39.206    111.946     92.025
      9.739    -70.044    206.324     95.725     39.236    111.850     91.979
      9.740    -70.005    206.435     95.817     39.267    111.754     91.933
      9.741    -69.966    206.547     95.909     39.297    111.658     91.887
      9.742    -69.926    206.659     96.000     39.327    111.562     91.841
      9.743    -69.887    206.770     96.092     39.357    111.466     91.795
      9.744    -69.848    206.882     96.184     39.387    111.370     91.749
      9.745    -69.808    206.993     96.276     39.417    111.274     91.704
      9.746    -69.769    207.104     96.367     39.447    111.179     91.658
      9.747    -69.729    207.215     96.459     39.477    111.083     91.612
      9.748    -69.690    207.326     96.551     39.507    110.988     91.566
      9.749    -69.650    207.437     96.642     39.537    110.892     91.520
      9.750    -69.611    207.548     96.734     39.566    110.797     91.474
      9.751    -69.571    207.659     96.825     39.596    110.702     91.429
      9.752    -69.531    207.770     96.916     39.626    110.606     91.383
      9.753    -69.492    207.880     97.008     39.655    110.511     91.337
      9.754    -69.452    207.991     97.099     39.685    110.416     91.291
      9.755    -69.412    208.101     97.190     39.714    110.321     91.246
      9.756    -69.373    208.211     97.282     39.744    110.227     91.200
      9.757    -69.333    208.321     97.373     39.773    110.132     91.154
      9.758    -69.293    208.431     97.464     39.802    110.037     91.109
      9.759    -69.253    208.541     97.555     39.831    109.942     91.063
      9.760    -69.214    208.651     97.646     39.860    109.848     91.018
      9.761    -69.174    208.761     97.737     39.890    109.753     90.972
      9.762    -69.134    208.871     97.828     39.919    109.659     90.926
      9.763    -69.094    208.980     97.919     39.947    109.565     90.881
      9.764    -69.054    209.090     98.010     39.976    109.470     90.835
      9.765    -69.014    209.199     98.101     40.005    109.376     90.790
      9.766    -68.974    209.309     98.191     40.034    109.282     90.744
      9.767    -68.934    209.418     98.282     40.063    109.188     90.699
      9.768    -68.894    209.527     98.373     40.091    109.094     90.653
      9.769    -68.854    209.636     98.463     40.120    109.000     90.608
      9.770    -68.813    209.745     98.554     40.149    108.906     90.562
      9.771    -68.773    209.854     98.645     40.177    108.813     90.517
      9.772    -68.733    209.963     98.735     40.205    108.719     90.472
      9.773    -68.693    210.071     98.825     40.234    108.625     90.426
      9.774    -68.653    210.180     98.916     40.262    108.532     90.381
      9.775    -68.612    210.288     99.006     40.290    108.438     90.336
      9.776    -68.572    210.397     99.097     40.319    108.345     90.290
      9.777    -68.532    210.505     99.187     40.347    108.252     90.245
      9.778    -68.491    210.613     99.277     40.375    108.158     90.200
      9.779    -68.451    210.721     99.367     40.403    108.065     90.154
      9.780    -68.411    210.829     99.457     40.431    107.972     90.109
      9.781    -68.370    210.937     99.547     40.459    107.879     90.064
      9.782    -68.330    211.045     99.637     40.487    107.786     90.019
      9.783    -68.289    211.153     99.727     40.515    107.693     89.974
      9.784    -68.249    211.261     99.817     40.542    107.600     89.928
      9.785    -68.208    211.368     99.907     40.570    107.508     89.883
      9.786    -68.167    211.476     99.997     40.598    107.415     89.838
      9.787    -68.127    211.583    100.087     40.625    107.323     89.793
      9.788    -68.086    211.690    100.177     40.653    107.230     89.748
      9.789    -68.046    211.797    100.267     40.680    107.138     89.703
      9.790    -68.005    211.905    100.356     40.708    107.045     89.658
      9.791    -67.964    212.012    100.446     40.735    106.953     89.613
      9.792    -67.923    212.118    100.535     40.762    106.861     89.568
      9.793    -67.883    212.225    100.625     40.790    106.769     89.523
      9.794    -67.842    212.332    100.714     40.817    106.676     89.478
      9.795    -67.801    212.439    100.804     40.844    106.584     89.433
      9.796    -67.760    212.545    100.893     40.871    106.493     89.388
      9.797    -67.719    212.652    100.983     40.898    106.401     89.343
      9.798    -67.678    212.758    101.072     40.925    106.309     89.298
      9.799    -67.637    212.864    101.161     40.952    106.217     89.253
      9.800    -67.596    212.970    101.251     40.979    106.125     89.208
      9.801    -67.555    213.076    101.340     41.006    106.034     89.163
      9.802    -67.514    213.182    101.429     41.033    105.942     89.118
      9.803    -67.473    213.288    101.518     41.059    105.851     89.073
      9.804    -67.432    213.394    101.607     41.086    105.760     89.029
      9.805    -67.391    213.500    101.696     41.113    105.668     88.984
      9.806    -67.350    213.606    101.785     41.139    105.577     88.939
      9.807    -67.309    213.711    101.874     41.166    105.486     88.894
      9.808    -67.268    213.816    101.963     41.192    105.395     88.849
      9.809    -67.227    213.922    102.052     41.219    105.304     88.805
      9.810    -67.185    214.027    102.140     41.245    105.213     88.760
      9.811    -67.144    214.132    102.229     41.271    105.122     88.715
      9.812    -67.103    214.237    102.318     41.298    105.031     88.671
      9.813    -67.061    214.342    102.406     41.324    104.940     88.626
      9.814    -67.020    214.447    102.495     41.350    104.850     88.581
      9.815    -66.979    214.552    102.584     41.376    104.759     88.537
      9.816    -66.937    214.657    102.672     41.402    104.668     88.492
      9.817    -66.896    214.761    102.761     41.428    104.578     88.447
      9.818    -66.855    214.866    102.849     41.454    104.488     88.403
      9.819    -66.813    214.970    102.937     41.480    104.397     88.358
      9.820    -66.772    215.075    103.026     41.506    104.307     88.314
      9.821    -66.730    215.179    103.114     41.532    104.217     88.269
      9.822    -66.688    215.283    103.202     41.557    104.127     88.225
      9.823    -66.647    215.387    103.290     41.583    104.037     88.180
      9.824    -66.605    215.491    103.379     41.609    103.947     88.136
      9.825    -66.564    215.595    103.467     41.634    103.857     88.091
      9.826    -66.522    215.699    103.555     41.660    103.767     88.047
      9.827    -66.480    215.803    103.643     41.685    103.677     88.002
      9.828    -66.439    215.906    103.731     41.711    103.587     87.958
      9.829    -66.397    216.010    103.819     41.736    103.498     87.914
      9.830    -66.355    216.113    103.907     41.762    103.408     87.869
      9.831    -66.313    216.217    103.994     41.787    103.318     87.825
      9.832    -66.272    216.320    104.082     41.812    103.229     87.780
      9.833    -66.230    216.423    104.170     41.837    103.140     87.736
      9.834    -66.188    216.526    104.258     41.862    103.050     87.692
      9.835    -66.146    216.629    104.345     41.887    102.961     87.648
      9.836    -66.104    216.732    104.433     41.913    102.872     87.603
      9.837    -66.062    216.835    104.521     41.937    102.783     87.559
      9.838    -66.020    216.938    104.608     41.962    102.694     87.515
      9.839    -65.978    217.040    104.696     41.987    102.605     87.471
      9.840    -65.936    217.143    104.783     42.012    102.516     87.426
      9.841    -65.894    217.245    104.871     42.037    102.427     87.382
      9.842    -65.852    217.348    104.958     42.062    102.338     87.338
      9.843    -65.810    217.450    105.045     42.086    102.249     87.294
      9.844    -65.768    217.552    105.132     42.111    102.161     87.250
      9.845    -65.726    217.654    105.220     42.136    102.072     87.206
      9.846    -65.684    217.756    105.307     42.160    101.983     87.161
      9.847    -65.642    217.858    105.394     42.185    101.895     87.117
      9.848    -65.599    217.960    105.481     42.209    101.807     87.073
      9.849    -65.557    218.062    105.568     42.234    101.718     87.029
      9.850    -65.515    218.164    105.655     42.258    101.630     86.985
      9.851    -65.473    218.265    105.742     42.282    101.542     86.941
      9.852    -65.430    218.367    105.829     42.306    101.454     86.897
      9.853    -65.388    218.468    105.916     42.331    101.365     86.853
      9.854    -65.346    218.569    106.003     42.355    101.277     86.809
      9.855    -65.303    218.671    106.090     42.379    101.189     86.765
      9.856    -65.261    218.772    106.176     42.403    101.102     86.721
      9.857    -65.219    218.873    106.263     42.427    101.014     86.677
      9.858    -65.176    218.974    106.350     42.451    100.926     86.633
      9.859    -65.134    219.075    106.436     42.475    100.838     86.590
      9.860    -65.091    219.175    106.523     42.499    100.751     86.546
      9.861    -65.049    219.276    106.609     42.523    100.663     86.502
      9.862    -65.006    219.377    106.696     42.546    100.576     86.458
      9.863    -64.964    219.477    106.782     42.570    100.488     86.414
      9.864    -64.921    219.578    106.869     42.594    100.401     86.370
      9.865    -64.878    219.678    106.955     42.618    100.313     86.327
      9.866    -64.836    219.778    107.041     42.641    100.226     86.283
      9.867    -64.793    219.879    107.128     42.665    100.139     86.239
      9.868    -64.750    219.979    107.214     42.688    100.052     86.195
      9.869    -64.708    220.079    107.300     42.712     99.965     86.152
      9.870    -64.665    220.179    107.386     42.735     99.878     86.108
      9.871    -64.622    220.278    107.472     42.758     99.791     86.064
      9.872    -64.580    220.378    107.558     42.782     99.704     86.021
      9.873    -64.537    220.478    107.644     42.805     99.617     85.977
      9.874    -64.494    220.577    107.730     42.828     99.530     85.933
      9.875    -64.451    220.677    107.816     42.851     99.444     85.890
      9.876    -64.408    220.776    107.902     42.875     99.357     85.846
      9.877    -64.365    220.876    107.988     42.898     99.271     85.802
      9.878    -64.322    220.975    108.074     42.921     99.184     85.759
      9.879    -64.279    221.074    108.159     42.944     99.098     85.715
      9.880    -64.237    221.173    108.245     42.967     99.011     85.672
      9.881    -64.194    221.272    108.331     42.990     98.925     85.628
      9.882    -64.151    221.371    108.416     43.012     98.839     85.585
      9.883    -64.108    221.470    108.502     43.035     98.752     85.541
      9.884    -64.064    221.568    108.587     43.058     98.666     85.498
      9.885    -64.021    221.667    108.673     43.081     98.580     85.454
      9.886    -63.978    221.766    108.758     43.103     98.494     85.411
      9.887    -63.935    221.864    108.844     43.126     98.408     85.367
      9.888    -63.892    221.962    108.929     43.149     98.322     85.324
      9.889    -63.849    222.061    109.014     43.171     98.237     85.281
      9.890    -63.806    222.159    109.100     43.194     98.151     85.237
      9.891    -63.762    222.257    109.185     43.216     98.065     85.194
      9.892    -63.719    222.355    109.270     43.239     97.979     85.151
      9.893    -63.676    222.453    109.355     43.261     97.894     85.107
      9.894    -63.633    222.551    109.440     43.283     97.808     85.064
      9.895    -63.589    222.649    109.525     43.306     97.723     85.021
      9.896    -63.546    222.746    109.610     43.328     97.637     84.977
      9.897    -63.503    222.844    109.695     43.350     97.552     84.934
      9.898    -63.459    222.941    109.780     43.372     97.467     84.891
      9.899    -63.416    223.039    109.865     43.394     97.382     84.848
      9.900    -63.373    223.136    109.950     43.416     97.296     84.804
      9.901    -63.329    223.233    110.035     43.438     97.211     84.761
      9.902    -63.286    223.331    110.119     43.460     97.126     84.718
      9.903    -63.242    223.428    110.204     43.482     97.041     84.675
      9.904    -63.199    223.525    110.289     43.504     96.956     84.632
      9.905    -63.155    223.622    110.373     43.526     96.872     84.589
      9.906    -63.112    223.718    110.458     43.548     96.787     84.545
      9.907    -63.068    223.815    110.542     43.570     96.702     84.502
      9.908    -63.025    223.912    110.627     43.591     96.617     84.459
      9.909    -62.981    224.008    110.711     43.613     96.533     84.416
      9.910    -62.937    224.105    110.796     43.635     96.448     84.373
      9.911    -62.894    224.201    110.880     43.656     96.364     84.330
      9.912    -62.850    224.298    110.964     43.678     96.279     84.287
      9.913    -62.806    224.394    111.049     43.699     96.195     84.244
      9.914    -62.763    224.490    111.133     43.721     96.110     84.201
      9.915    -62.719    224.586    111.217     43.742     96.026     84.158
      9.916    -62.675    224.682    111.301     43.764     95.942     84.115
      9.917    -62.631    224.778    111.385     43.785     95.858     84.072
      9.918    -62.588    224.874    111.469     43.806     95.774     84.029
      9.919    -62.544    224.969    111.553     43.828     95.690     83.986
      9.920    -62.500    225.065    111.637     43.849     95.606     83.943
      9.921    -62.456    225.161    111.721     43.870     95.522     83.901
      9.922    -62.412    225.256    111.805     43.891     95.438     83.858
      9.923    -62.368    225.352    111.889     43.912     95.354     83.815
      9.924    -62.324    225.447    111.973     43.933     95.270     83.772
      9.925    -62.280    225.542    112.056     43.954     95.187     83.729
      9.926    -62.236    225.637    112.140     43.975     95.103     83.686
      9.927    -62.193    225.732    112.224     43.996     95.019     83.644
      9.928    -62.149    225.827    112.307     44.017     94.936     83.601
      9.929    -62.104    225.922    112.391     44.038     94.852     83.558
      9.930    -62.060    226.017    112.474     44.059     94.769     83.515
      9.931    -62.016    226.112    112.558     44.079     94.686     83.473
      9.932    -61.972    226.206    112.641     44.100     94.602     83.430
      9.933    -61.928    226.301    112.725     44.121     94.519     83.387
      9.934    -61.884    226.395    112.808     44.141     94.436     83.344
      9.935    -61.840    226.490    112.892     44.162     94.353     83.302
      9.936    -61.796    226.584    112.975     44.183     94.270     83.259
      9.937    -61.752    226.678    113.058     44.203     94.187     83.216
      9.938    -61.707    226.772    113.141     44.224     94.104     83.174
      9.939    -61.663    226.867    113.224     44.244     94.021     83.131
      9.940    -61.619    226.960    113.308     44.264     93.938     83.089
      9.941    -61.575    227.054    113.391     44.285     93.855     83.046
      9.942    -61.530    227.148    113.474     44.305     93.773     83.004
      9.943    -61.486    227.242    113.557     44.325     93.690     82.961
      9.944    -61.442    227.336    113.640     44.346     93.607     82.918
      9.945    -61.397    227.429    113.722     44.366     93.525     82.876
      9.946    -61.353    227.523    113.805     44.386     93.442     82.833
      9.947    -61.308    227.616    113.888     44.406     93.360     82.791
      9.948    -61.264    227.709    113.971     44.426     93.277     82.749
      9.949    -61.220    227.803    114.054     44.446     93.195     82.706
      9.950    -61.175    227.896    114.136     44.466     93.113     82.664
      9.951    -61.131    227.989    114.219     44.486     93.031     82.621
      9.952    -61.086    228.082    114.302     44.506     92.948     82.579
      9.953    -61.042    228.175    114.384     44.526     92.866     82.536
      9.954    -60.997    228.268    114.467     44.546     92.784     82.494
      9.955    -60.953    228.360    114.549     44.566     92.702     82.452
      9.956    -60.908    228.453    114.631     44.585     92.620     82.409
      9.957    -60.863    228.546    114.714     44.605     92.538     82.367
      9.958    -60.819    228.638    114.796     44.625     92.457     82.325
      9.959    -60.774    228.730    114.879     44.645     92.375     82.282
      9.960    -60.729    228.823    114.961     44.664     92.293     82.240
      9.961    -60.685    228.915    115.043     44.684     92.211     82.198
      9.962    -60.640    229.007    115.125     44.703     92.130     82.156
      9.963    -60.595    229.099    115.207     44.723     92.048     82.113
      9.964    -60.551    229.191    115.289     44.742     91.967     82.071
      9.965    -60.506    229.283    115.371     44.762     91.885     82.029
      9.966    -60.461    229.375    115.453     44.781     91.804     81.987
      9.967    -60.416    229.467    115.535     44.800     91.723     81.945
      9.968    -60.372    229.559    115.617     44.820     91.641     81.902
      9.969    -60.327    229.650    115.699     44.839     91.560     81.860
      9.970    -60.282    229.742    115.781     44.858     91.479     81.818
      9.971    -60.237    229.833    115.863     44.877     91.398     81.776
      9.972    -60.192    229.924    115.945     44.897     91.317     81.734
      9.973    -60.147    230.016    116.026     44.916     91.236     81.692
      9.974    -60.102    230.107    116.108     44.935     91.155     81.650
      9.975    -60.057    230.198    116.190     44.954     91.074     81.608
      9.976    -60.012    230.289    116.271     44.973     90.993     81.566
      9.977    -59.967    230.380    116.353     44.992     90.912     81.524
      9.978    -59.922    230.471    116.434     45.011     90.831     81.482
      9.979    -59.877    230.562    116.516     45.030     90.751     81.440
      9.980    -59.832    230.652    116.597     45.048     90.670     81.398
      9.981    -59.787    230.743    116.679     45.067     90.589     81.356
      9.982    -59.742    230.834    116.760     45.086     90.509     81.314
      9.983    -59.697    230.924    116.841     45.105     90.428     81.272
      9.984    -59.652    231.014    116.922     45.123     90.348     81.230
      9.985    -59.607    231.105    117.004     45.142     90.267     81.188
      9.986    -59.562    231.195    117.085     45.161     90.187     81.146
      9.987    -59.517    231.285    117.166     45.179     90.107     81.104
      9.988    -59.471    231.375    117.247     45.198     90.027     81.062
      9.989    -59.426    231.465    117.328     45.216     89.946     81.020
      9.990    -59.381    231.555    117.409     45.235     89.866     80.979
      9.991    -59.336    231.645    117.490     45.253     89.786     80.937
      9.992    -59.290    231.735    117.571     45.272     89.706     80.895
      9.993    -59.245    231.824    117.652     45.290     89.626     80.853
      9.994    -59.200    231.914    117.733     45.309     89.546     80.811
      9.995    -59.155    232.003    117.813     45.327     89.466     80.770
      9.996    -59.109    232.093    117.894     45.345     89.387     80.728
      9.997    -59.064    232.182    117.975     45.363     89.307     80.686
      9.998    -59.018    232.271    118.056     45.382     89.227     80.645
      9.999    -58.973    232.361    118.136     45.400     89.148     80.603
     10.000    -58.928    232.450    118.217     45.418     89.068     80.561
     10.001    -58.882    232.539    118.297     45.436     88.988     80.519
